medicine_organization,discharged_total,discharged_children,treated_budget,treated_paid,discharged_within_day,deaths_total,bed_days,amount_to_pay,sdu_load_date
" Товарищество с ограниченной ответственностью ""Cardio tonus""",367,1,366,1,0,0,1846,38857850.453125,2026-04-30 11:46:39
" Товарищество с ограниченной ответственностью ""Lor clinic MG""",2,0,2,0,0,0,15,245851.65625,2026-04-30 11:46:39
" Товарищество с ограниченной ответственностью ""Нейрореабилитационный центр ""Луч"" (Область Ұлытау)",1353,0,1347,6,1,0,22323,502485602.8652344,2026-04-30 11:46:39
 Товарищество с ограниченной ответственностью Medical Surgery Centre,439,239,439,0,0,0,2783,92274566.4609375,2026-04-30 11:46:39
"""Аральский районный противотуберкулезный диспансер"" государственное коммунальное учреждения",716,4,0,0,8,10,47311,169.66422982513905,2026-04-30 11:46:39
"""Жалагашский районный противотуберкулезный диспансер"" государственное коммунальное учреждения",413,8,0,2,1,1,3941,78.0911232829094,2026-04-30 11:46:39
"""Жанакорганский районный противотуберкулезный диспансер"" государственное коммунальное учреждения",345,1,0,0,5,5,22842,90.15811120346189,2026-04-30 11:46:39
"""Институт общественного здравоохранения и профессионального здоровья"" Южно Казахстанское филиал города Шымкента, Национальное акционерное общество ""Медицинский Университет Караганды""",901,0,437,0,0,0,5759,20464398.44970703,2026-04-30 11:46:39
"""Медицинское Учреждение ""Женская консультация""",8915,11,3276,0,5,0,61738,236251379.17285156,2026-04-30 11:46:39
"""Шиелийский районный противотуберкулезный диспансер"" государственное коммунальное учреждения",389,0,0,0,4,7,37339,116.4660021616146,2026-04-30 11:46:39
"(Not active-delete) Филиал Товарищество с ограниченной отвественностью ""Научно-клинический центр кардиохирургии и трансплантологии"" поликлиника ""ZHANUYA""",7135,381,6668,239,1,0,54450,417159548.0732422,2026-04-30 11:46:39
"(not active) Государственное коммунальное предприятие на праве хозяйственного ведения ""Городская больница №1"" Управления здравоохранения акимата Жамбылской области",135535,3008,32066,1307,4364,2849,993954,13170559453.223633,2026-04-30 11:46:39
"(not active) Государственное коммунальное предприятие на праве хозяйственного ведения ""Городская больница №2"" Управления здравоохранения акимата Жамбылской области",73258,3960,18529,493,254,453,773771,7890034875.76593,2026-04-30 11:46:39
"(not active) Государственное коммунальное предприятие на праве хозяйственного ведения ""Городская детская больница №1"" Управления здравоохранения акимата Жамбылской области",67634,67452,18566,0,114,184,654801,7043342862.954102,2026-04-30 11:46:39
"(not active) Государственное коммунальное предприятие на праве хозяйственного ведения ""Городской перинатальный центр"" Управления здравоохранения акимата Жамбылской области(старый)",89553,4291,22624,34,686,331,404432,6353414080.970459,2026-04-30 11:46:39
"(not active) Государственное коммунальное предприятие на праве хозяйственного ведения ""Жамбылская областная больница"" Управления здравоохранения акимата Жамбылской области",81857,542,19417,1663,1067,1321,712476,14391832604.92627,2026-04-30 11:46:39
"(not active) Государственное коммунальное предприятие на праве хозяйственного ведения ""Жамбылский областной офтальмологический центр"" Управления здравоохранения акимата Жамбылской области",19015,1374,3600,331,12,0,115536,1996166171.584961,2026-04-30 11:46:39
"(not active) Государственное коммунальное предприятие на праве хозяйственного ведения ""Жамбылский областной перинатальный центр"" Управления здравоохранения акимата Жамбылской области (старый)",96487,12517,23602,253,1225,836,628880,9119694841.562012,2026-04-30 11:46:39
"(not active) Коммунальное государственное казенное предприятие ""Жамбылский областной противотуберкулезный санаторий для взрослых"" управления здравоохранения Жамбылской области",3415,6,2500,0,5,7,113181,407788340.1431484,2026-04-30 11:46:39
"(not active) Коммунальное государственное казенное предприятие ""Областной детский противотуберкулезный санаторий управления здравоохранения акимата Жамбылской области""",1193,809,1193,0,43,0,67776,425432820.4248047,2026-04-30 11:46:39
"(not active) Коммунальное государственное казенное предприятие ""Областной консультационно-диагностический медицинский центр"" управления здравоохранения акимата Жамбылской области",7204,1042,1741,156,1,0,50756,195126727.25195312,2026-04-30 11:46:39
(not active) Коммунальное государственное казенное предприятие «Жамбылская областная детская инфекционная больница управления здравоохранения акимата Жамбылской области»,90101,70661,26838,0,1037,178,682830,1976020853.1892042,2026-04-30 11:46:39
(not active) Коммунальное государственное казенное предприятие «Жамбылский областной противотуберкулезный детский санаторий» управления здравоохранения акимата Жамбылской области,1318,1133,710,0,5,3,193772,683917063.1554819,2026-04-30 11:46:39
(not active) Товарищество с ограниченной ответственностью «Толенбек и К»,98,6,98,0,0,0,669,6104725.611328125,2026-04-30 11:46:39
"(not avtive) Коммунальное государственное предприятие на праве хозяйственного ведения ""Жамбылский областной психиатрический диспансер управления здравоохранения акимата Жамбылской области""",20489,2460,3701,0,221,25,924695,7321.616810772568,2026-04-30 11:46:39
"(Переименовалась в 05.02.2020г) Государственное коммунальное предприятие на праве хозяйственного ведения ""Жамбылская областная детская больница"" Управления здравоохранения акимата Жамбылской области",59266,58888,15274,3,171,197,515286,6674345666.922485,2026-04-30 11:46:39
"(Удалить) Жамбылский филиал Товарищество с ограниченной ответственностью ""Almaz Medical Group""",9870,969,9781,89,10,0,74476,590837004.1796875,2026-04-30 11:46:39
"Not active-delete Государственное коммунальное предприятие на праве хозяйственного ведения ""Городская многопрофильная больница управления здравоохранения акимата Жамбылской области""",131768,3018,130222,1546,2152,2247,923580,25637319470.033203,2026-04-30 11:46:39
"___ГКП на ПХВ ""Мугалжарская районная поликлиника"" ГУ ""Управление здравоохранения Актюбинской области""",2389,330,0,0,5,0,17828,30245265.961914062,2026-04-30 11:46:39
"___ГКП на ПХВ ""Шалкарская районная поликлиника"" ГУ ""Управление здравоохранения Актюбинской области""",2583,137,0,0,2,0,15939,43939458.739746094,2026-04-30 11:46:39
___ТОО «Шипагер – Актобе»,1216,1216,0,0,5,0,12394,77919805.06103516,2026-04-30 11:46:39
___ЧМУ «Саяжан»,309,4,0,0,28,0,1441,15843898.376953125,2026-04-30 11:46:39
"Акмолинский филиал товарищества с ограниченной ответственностью ""Салауатты Астана""",305,9,0,0,0,0,1558,0.0,2026-04-30 11:46:39
Аксуский филиал товарищества с ограниченной ответственностью “Медицинский центр “Евразия”,16780,7,3963,62,66,0,146614,1197885883.9594727,2026-04-30 11:46:39
"Актюбинский филиал Товарищества с ограниченной ответственностью ""Нефрос Азия""",3225,0,1966,0,19,1,70789,994340929.6601562,2026-04-30 11:46:39
"Актюбинский филиал товарищества с ограниченной ответственностью ""Медицинский центр Евразия""",1209,0,941,0,3,0,7739,124357905.99316406,2026-04-30 11:46:39
"Акционерное общество ""Детский реабилитационный центр ""Балбулак""",12567,12546,7488,1,48,0,285476,4600070188.720703,2026-04-30 11:46:39
"Акционерное общество ""Казахский научно-исследовательский институт онкологии и радиологии""",163248,4651,97364,5145,1189,363,2187824,91434844426.30887,2026-04-30 11:46:39
"Акционерное общество ""Лечебно-оздоровительный комплекс ""Ок-Жетпес""",2298,0,2296,2,0,0,24225,463032388.06640625,2026-04-30 11:46:39
"Акционерное общество ""Научно-исследовательский институт кардиологии и внутренних болезней"" ",98427,279,68484,4712,337,184,740479,69169123699.92798,2026-04-30 11:46:39
"Акционерное общество ""Научный центр акушерства, гинекологии и перинатологии""",74752,11797,48863,5245,2002,208,626784,20520200910.017822,2026-04-30 11:46:39
"Акционерное общество ""Научный центр педиатрии и детской хирургии""",94461,93553,57681,6,410,1167,1350441,64368063551.62195,2026-04-30 11:46:39
"Акционерное общество ""Научный центр урологии имени академика Б.У.Джарбусынова""",55658,7237,29888,6244,113,25,420043,12457794254.177979,2026-04-30 11:46:39
"Акционерное общество ""Национальный медицинский университет""",66051,37718,18028,271,53,27,587435,9085867534.18164,2026-04-30 11:46:39
"Акционерное общество ""Национальный научный кардиохирургический центр''",62203,15142,20448,1128,492,710,604402,80899739667.0293,2026-04-30 11:46:39
"Акционерное общество ""Национальный научный медицинский центр""",149611,9735,74287,10006,1227,935,1186233,125121880663.36523,2026-04-30 11:46:39
"Акционерное общество ""Национальный научный центр онкологии и трансплантологии""",48606,482,0,3723,1416,661,523590,21102848696.7442,2026-04-30 11:46:39
"Акционерное общество ""Национальный научный центр хирургии имени А.Н.Сызганова""",74374,7895,45627,8914,1936,651,787456,59174793117.60303,2026-04-30 11:46:39
"Акционерное общество ""Национальный центр нейрохирургии""",66506,7405,35521,9597,1393,369,740401,86944489257.32617,2026-04-30 11:46:39
"Акционерное общество ""Республиканский протезно-ортопедический центр""",452,0,452,0,0,0,6925,112920610.15625,2026-04-30 11:46:39
"Акционерное общество ""Санаторий Казахстан""",20832,87,8911,0,55,11,190699,2333968193.5214844,2026-04-30 11:46:39
"Акционерное общество ""Санаторий Мерке""",998,0,998,0,1,0,11955,290558313.85546875,2026-04-30 11:46:39
"Акционерное общество ""Талап""",32283,839,11974,10438,5067,17,172594,4097611269.145508,2026-04-30 11:46:39
"Акционерное общество ""Центр сердца Шымкент""",6475,8,6025,450,123,131,41503,6624079540.15918,2026-04-30 11:46:39
"Акционерное общество ""Центральная клиническая больница""",44449,29,28107,2,183,333,402474,35736562041.572266,2026-04-30 11:46:39
"Атырауский филиал Товарищества с ограниченной ответственностью ""Prometheys""",75,0,0,0,0,0,1560,19830051.4609375,2026-04-30 11:46:39
"ГККП ""Актауская детская поликлиника"" Управления здравоохранения Мангистауской области",3141,3141,0,0,0,0,21655,33812438.97216797,2026-04-30 11:46:39
"ГККП ""Городская женская консультация"" при управлении здравоохранения Акмолинской области",1277,4,0,1,1,0,9390,16552494.856267214,2026-04-30 11:46:39
"ГККП ""Городская женская консультация"" управления здравоохранения Кызылординской области",1995,4,0,0,0,0,9990,29444055.83984375,2026-04-30 11:46:39
"ГККП ""Заречная врачебная амбулатория"" Управления здравоохранения акимата Костанайской области",219,39,0,0,0,0,1489,2911980.6030273438,2026-04-30 11:46:39
"ГККП ""РУДHЕHСКИЙ КОЖHО-ВЕHЕРОЛОГИЧЕСКИЙ ДИСПАHСЕР""",116,12,0,0,1,0,1859,7422662.484375,2026-04-30 11:46:39
"ГККП ""Сельская больница поселка Достык"" Алакольского района ГУ ""Управления здравоохранения акима Алматинской области"" акимата Алматинской области",2166,511,0,0,24,0,17256,118586470.87548828,2026-04-30 11:46:39
"ГККП ""Сельская больница"" с.Жаланаш Райымбекского района",975,282,0,0,14,2,7051,42235187.76953125,2026-04-30 11:46:39
"ГККП ""Сельская больница"" с.Капал Аксуского района",2504,671,0,0,11,1,20831,114438253.19140625,2026-04-30 11:46:39
"ГККП ""Специализированное лечебно-профилактическое учреждение"" Управления здравоохраения Мангистауской области",179,0,0,0,0,0,30031,0.0,2026-04-30 11:46:39
"ГККП ""Шымкентская Семейная врачебная амбулатория ""Аят"" акимата Южно-Казахстанской области",745,85,0,0,0,0,6953,11326923.215332031,2026-04-30 11:46:39
"ГККП ""Шымкентская городская детская поликлиника №1"" управления здравоохранения акимата Южно-Казахстанской области",1252,1252,0,0,5,0,7256,21668874.243652344,2026-04-30 11:46:39
"ГККП ""Шымкентская городская детская поликлиника №2"" управления здравоохранения акимата Южно-Казахстанской области",1310,1310,0,0,0,0,9241,18165840.97265625,2026-04-30 11:46:39
"ГККП ""Шымкентская городская детская поликлиника №3"" управления здравоохранения акимата ЮКО",1083,1083,0,0,1,0,6366,15226317.125976562,2026-04-30 11:46:39
"ГККП ""Шымкентская семейная врачебная амбулатория №2"" управления здравоохранения акимата Южно-Казахстанской области",1036,319,0,0,0,0,7597,14020534.341308594,2026-04-30 11:46:39
"ГККП ""Шымкентская семейно врачебная амбулатория №3"" акимата Южно-Казахстанской области",1145,4,0,0,0,0,8013,15624670.768554688,2026-04-30 11:46:39
ГКП «Городская поликлиника №» на праве хозяйственного ведения ГУ «Управление здравоохранения Актюбинской области»,1712,2,0,0,0,0,11312,31977572.65185547,2026-04-30 11:46:39
"ГКП НА ПХВ ""ЖАМБЫЛСКИЙ ОБЛАСТНОЙ РЕАБИЛИТАЦИОННЫЙ ЦЕНТР ДЛЯ ДЕТЕЙ С НЕВРОЛОГИЧЕСКОЙ ПАТОЛОГИЕЙ УПРАВЛЕНИЯ ЗДРАВООХРАНЕНИЯ АКИМАТА ЖАМБЫЛСКОЙ ОБЛАСТИ""",1457,1341,0,0,2,0,27134,0.0,2026-04-30 11:46:39
"ГКП на ПХВ ""Аральская районная поликлиника"" управления здравоохранения Кызылординской области",9391,496,0,1,0,0,71358,153600382.2421875,2026-04-30 11:46:39
"ГКП на ПХВ ""Городская детская поликлиника"" при управлении здравоохранения Акмолинской области",2721,2721,0,3,0,0,20408,23894404.126953125,2026-04-30 11:46:39
"ГКП на ПХВ ""Жалагашская районная поликлиника"" управления здравоохранения Кызылординской области",6713,727,0,0,0,0,52661,121794335.3256836,2026-04-30 11:46:39
"ГКП на ПХВ ""Жамбылская районная поликлиника"" ГУ ""Управление здравоохранения Алматинской области"" акимата Алматинской области",1678,201,0,0,2,0,13398,26516077.048095703,2026-04-30 11:46:39
"ГКП на ПХВ ""Жанакорганская районная поликлиника"" управления здравоохранения Кызылординской области",9958,1750,0,0,1,0,79111,187405473.8334961,2026-04-30 11:46:39
"ГКП на ПХВ ""Зерендинская центральная районная больница""",678,131,0,0,7,2,6113,34794859.32519531,2026-04-30 11:46:39
"ГКП на ПХВ ""Казалинская районная поликлиника"" управления здравоохранения Кызылординской области",11050,1551,0,0,0,0,75501,209170311.34423828,2026-04-30 11:46:39
"ГКП на ПХВ ""Капшагайская городская поликлиника"" ГУ ""Управление здравоохранения Алматинской области"" акимата Алматинской области",2062,230,0,0,1,0,16040,27163575.186035156,2026-04-30 11:46:39
"ГКП на ПХВ ""Кармакшинская районная поликлиника"" управления здравоохранения Кызылординской области",8244,389,0,0,0,0,56086,156438511.91259766,2026-04-30 11:46:39
"ГКП на ПХВ ""Сырдарьинская районная поликлиника"" управления здравоохранения Кызылординской области",2024,72,0,0,0,0,13302,37383032.22558594,2026-04-30 11:46:39
"ГКП на ПХВ ""Шиелийская районная поликлиника"" управления здравоохранения Кызылординской области",13903,1305,0,0,2,0,110426,235071262.6303711,2026-04-30 11:46:39
"ГКППХВ ""Бейнеуская многопрофильная центральная районная больница"" Управления здравоохранения Мангистауской области",93527,20169,66661,11,3747,676,687140,10088493660.870178,2026-04-30 11:46:39
"ГП ""АРКАЛЫКСКИЙ ГОРОДСКОЙ КОЖHО-ВЕHЕРОЛОГИЧЕСКИЙ ДИСПАHСЕР""",401,4,0,0,0,0,4436,11857088.380859375,2026-04-30 11:46:39
"ГУ ""Актогайская противотуберкулезная больница"" УЗ Павлодарской области",95,0,0,0,0,0,9804,0.0,2026-04-30 11:46:39
"ГУ ""Баянаульская противотуберкулезная больница"" УЗ Павлодарской области",62,0,0,0,2,0,5616,0.0,2026-04-30 11:46:39
"ГУ ""Детский противотуберкулезный санаторий ""Нур""",447,447,0,0,0,0,34127,0.0,2026-04-30 11:46:39
"ГУ ""Детский противотуберкулезный санаторий ""Сауле"" города Сарани""",240,240,0,0,0,0,22485,0.0,2026-04-30 11:46:39
"ГУ ""Детский противотуберкулезный санаторий г. Балхаш""",237,237,0,0,0,0,35758,0.0,2026-04-30 11:46:39
"ГУ ""Железинская противотуберкулезная больница"" УЗ Павлодарской области",51,0,0,0,1,0,5518,0.0,2026-04-30 11:46:39
"ГУ ""Иртышская противотуберкулезная больница"" УЗ Павлодарской области",64,0,0,0,0,1,10008,0.0,2026-04-30 11:46:39
"ГУ ""Качирская противотуберкулезная больница"" УЗ Павлодарской области",121,0,0,0,0,0,12162,0.0,2026-04-30 11:46:39
"ГУ ""Лебяжинская противотуберкулезная больница"" УЗ Павлодарской области",49,1,0,0,0,0,5473,0.0,2026-04-30 11:46:39
"ГУ ""Майская противотуберкулезная больница"" УЗ Павлодарской области",43,0,0,0,1,0,6996,0.0,2026-04-30 11:46:39
"ГУ ""Мангистауская районная туберкулезная больница"" УЗ Мангистауской области",11,0,0,0,0,0,781,0.0,2026-04-30 11:46:39
"ГУ ""Областная противотуберкулезная больница ""Сайрам"" УЗ ЮКО",653,0,0,0,7,68,110904,71.99939781427383,2026-04-30 11:46:39
"ГУ ""Противотуберкулезный диспансер города Каражал"" Управления здравоохранения Карагандинской области",66,1,0,0,5,2,10947,0.0,2026-04-30 11:46:39
"ГУ ""Тупкараганская районная туберкулезная больница"" Управления здравоохранения Мангистауской области",60,0,0,0,2,6,7793,12.218799531459808,2026-04-30 11:46:39
"ГУ ""Успенская противотуберкулезная больница"" УЗ Павлодарской области",24,0,0,0,0,2,3710,0.0,2026-04-30 11:46:39
"ГУ ""Федоровская районная противотуберкулезная больница""",1,0,0,0,0,0,168,0.0,2026-04-30 11:46:39
"ГУ ""Щербактинская противотуберкулезная больница"" УЗ Павлодарской области",51,0,0,0,0,1,6948,0.0,2026-04-30 11:46:39
"Государственного коммунального предприятия на праве хозяйственного ведения ""Жамбылский областной многопрофильный центр онкологии и хирургии"" управления здравоохранения акимата Жамбылской области""",35387,6,35387,0,76,56,343854,22492822153.293457,2026-04-30 11:46:39
"Государственного коммунального предприятия на праве хозяйственного ведения ""Шардаринская центральная районная больница"" управления здравоохранения Туркестанской области",161070,39503,112428,101,1320,593,1101603,16481564822.607239,2026-04-30 11:46:39
"Государственное казенное коммунальное предприятие ""Сельская больница"" села Маловодное Енбекшиказахского района",2751,1042,0,0,19,6,22840,134716405.45214844,2026-04-30 11:46:39
"Государственное коммунального предприятие на праве хозяйственного ведения ""Мангистауская областная многопрофильная детская больница"" Управления здравоохранения Мангистауской области",151667,150626,116833,75,2159,714,1100953,19672265290.30835,2026-04-30 11:46:39
"Государственное коммунальное казенное предприятие ""Акжаикская районная больница"" управления здравоохранения акимата Западно-Казахстанской области",8997,1468,0,0,39,16,69121,329094305.42749023,2026-04-30 11:46:39
"Государственное коммунальное казенное предприятие ""Актюбинский областной психоневрологический диспансер"" Государственного учреждения Управление здравоохранения Актюбинской области",12857,1152,1048,0,71,18,595233,4998.592520080507,2026-04-30 11:46:39
"Государственное коммунальное казенное предприятие ""Байдибекская районная поликлиника"" управления здравоохранения Южно-Казахстанской области",10063,1183,0,0,7,0,68105,181178326.88720703,2026-04-30 11:46:39
"Государственное коммунальное казенное предприятие ""Боранкульская районная больница"" Управления здравоохранения Мангистауской области",10829,3726,4622,1,33,0,87646,774742968.9443359,2026-04-30 11:46:39
"Государственное коммунальное казенное предприятие ""Городская инфекционная больница"" управления здравоохранения города Шымкент.",303094,200694,198421,1,6629,2729,1779029,35504215285.50204,2026-04-30 11:46:39
"Государственное коммунальное казенное предприятие ""Женская консультация"" г. Талдыкорган",827,2,0,0,0,0,4187,9144298.961914062,2026-04-30 11:46:39
"Государственное коммунальное казенное предприятие ""Казыгуртская районная поликлиника"" управления здравоохранения Южно-Казахстанской области",15582,3591,0,1,2,0,105730,238401077.03564453,2026-04-30 11:46:39
"Государственное коммунальное казенное предприятие ""Кокшетауская городская больница с поликлиникой №2"" при управлении здравоохранения Акмолинской области",9843,101,631,5,31,18,98819,549105877.2814941,2026-04-30 11:46:39
"Государственное коммунальное казенное предприятие ""Мактааральская районная поликлиника ""Мырзакент"" управления здравоохранения Южно-Казахстанской области",7078,942,0,1,6,0,37946,130574322.76416016,2026-04-30 11:46:39
"Государственное коммунальное казенное предприятие ""Мактааральская районная поликлиника""Асык-Ата"" управления здравоохранения Южно-Казахстанской области",15068,725,0,0,13,0,106160,284715548.421875,2026-04-30 11:46:39
"Государственное коммунальное казенное предприятие ""Мариновская межрайонная противотуберкулезная больница"" при управлении здравоохранения Акмолинской области",315,0,0,0,11,28,50855,173.74719521403313,2026-04-30 11:46:39
"Государственное коммунальное казенное предприятие ""Махтаральская районная поликлиника ""Атакент"" управления здравоохранения Южно-Казахстанской области",9186,1362,0,0,20,0,46800,170828719.28271484,2026-04-30 11:46:39
"Государственное коммунальное казенное предприятие ""Многопрофильная больница села Ушконыр"" Карасайского района государственного учреждения ""Управления здравоохранения акима Алматинской области"" Акимата ",2877,753,0,0,19,0,22403,152617886.4013672,2026-04-30 11:46:39
"Государственное коммунальное казенное предприятие ""Мугалжарская межрайонная туберкулезная больница"" Государственного учреждения Управления Здравоохранения Актюбинской области",1169,2,0,0,4,22,87942,432.7633877694607,2026-04-30 11:46:39
"Государственное коммунальное казенное предприятие ""Областная инфекционная больница"" Управления здравоохранения Мангистауской области",30940,24292,2322,0,393,132,203660,148011613.12512922,2026-04-30 11:46:39
"Государственное коммунальное казенное предприятие ""Областная наркологическая больница для принудительного лечения"" при управлении здравоохранения Акмолинской области",335,0,0,0,10,1,39931,158.82930064201355,2026-04-30 11:46:39
"Государственное коммунальное казенное предприятие ""Областное наркологическое специализированное лечебно-профилактическое учреждение"" управления здравоохранения акимата Западно-Казахстанской области",1704,0,0,0,15,1,224530,151005268.1953125,2026-04-30 11:46:39
"Государственное коммунальное казенное предприятие ""Областной кожно-венерологический диспансер"" при управлении здравоохранения Акмолинской области",15426,2715,867,42,4,0,208930,748388484.0821576,2026-04-30 11:46:39
"Государственное коммунальное казенное предприятие ""Областной наркологический диспансер"" управления здравоохранения Южно-Казахстанской области",16448,40,0,0,46,24,462442,1494660951.1401367,2026-04-30 11:46:39
"Государственное коммунальное казенное предприятие ""Областной наркологический реабилитационный центр"" при управлении здравоохранения Акмолинской области",2956,6,371,41,15,1,220687,2376.2070095539093,2026-04-30 11:46:39
"Государственное коммунальное казенное предприятие ""Ордабасинская районная поликлиника"" управления здравоохранения Южно-Казахстанской области",14218,2029,0,1,7,1,88352,233545658.2614746,2026-04-30 11:46:39
"Государственное коммунальное казенное предприятие ""Отрарская районная поликлиника"" управления здравоохранения Южно-Казахстанской области",20918,2960,0,1,7,0,127895,385750080.77734375,2026-04-30 11:46:39
"Государственное коммунальное казенное предприятие ""Поликлиника для ветеранов и инвалидов Великой Отечественной войны"" при управлении здравоохранения Акмолинской области",11376,0,1145,7,0,0,70917,197759595.3695595,2026-04-30 11:46:39
"Государственное коммунальное казенное предприятие ""Районная поликлиника Панфиловского района""",5024,1048,0,0,4,0,36529,66353498.34326172,2026-04-30 11:46:39
"Государственное коммунальное казенное предприятие ""Реабилитационный центр ""Мать и Дитя"" управления здравоохранения города Шымкент",26287,8764,13431,0,73,9,276137,5842841801.026055,2026-04-30 11:46:39
"Государственное коммунальное казенное предприятие ""Реабилитационный центр ""Мейрим"" управления здравоохранения города Шымкент",28087,27907,17596,0,15,0,471052,3404537894.2788086,2026-04-30 11:46:39
"Государственное коммунальное казенное предприятие ""Реабилитационный центр №1"" управления здравоохранения города Шымкент",17105,16927,16352,0,37,0,385913,3035499255.1660156,2026-04-30 11:46:39
"Государственное коммунальное казенное предприятие ""Сайрамская районная поликлиника ""Аксукент"" управления здравоохранения Южно-Казахстанской области",23889,2150,0,3,25,0,147527,425982394.3244629,2026-04-30 11:46:39
"Государственное коммунальное казенное предприятие ""Сайрамская районная поликлиника ""Карабулак"" управления здравоохранения Южно-Казахстанской области",9834,211,0,0,6,1,70858,200020538.9609375,2026-04-30 11:46:39
"Государственное коммунальное казенное предприятие ""Сарыагашская районная поликлиника"" управления здравоохранения Южно-Казахстанской области",19470,1244,0,6,11,0,107701,349313978.3989258,2026-04-30 11:46:39
"Государственное коммунальное казенное предприятие ""Сарыагашская районная поликлиника""Абай"" управления здравоохранения Южно-Казахстанской области",17622,3164,0,0,16,0,113849,316893779.7751465,2026-04-30 11:46:39
"Государственное коммунальное казенное предприятие ""Сельская больница "" села Сумбе Райымбекского района",1032,364,0,0,2,0,7862,41233653.33251953,2026-04-30 11:46:39
"Государственное коммунальное казенное предприятие ""Сельская больница с.Таусамалы Карасайского района""",1521,121,0,0,3,0,11569,65804826.51220703,2026-04-30 11:46:39
"Государственное коммунальное казенное предприятие ""Сельская больница села Алмалы Акимата Каратальского района""",668,150,0,0,0,0,7068,35178460.99609375,2026-04-30 11:46:39
"Государственное коммунальное казенное предприятие ""Сельская больница села Чарын"" Уйгурского района",555,204,0,0,3,1,5114,34208902.46826172,2026-04-30 11:46:39
"Государственное коммунальное казенное предприятие ""Сельская больница ст.Шамалган Карасайского района""",1310,143,0,0,2,0,10122,55867314.72705078,2026-04-30 11:46:39
"Государственное коммунальное казенное предприятие ""Сельская больница"" поселка Лепсы Саркандского района",1946,709,0,0,0,0,19922,76865589.96313477,2026-04-30 11:46:39
"Государственное коммунальное казенное предприятие ""Сельская больница"" с.Бакбакты Балхашского района",948,305,0,0,2,0,6525,47453212.37451172,2026-04-30 11:46:39
"Государственное коммунальное казенное предприятие ""Сельская больница"" с.Карой Балхашского района",753,259,0,0,5,1,6120,29764503.10498047,2026-04-30 11:46:39
"Государственное коммунальное казенное предприятие ""Сельская больница"" с.Кетмен Уйгурского района",528,157,0,0,1,0,4781,33996946.69921875,2026-04-30 11:46:39
"Государственное коммунальное казенное предприятие ""Сельская больница"" с.Куйган Балхашского района",768,143,0,0,1,0,5871,27747394.381835938,2026-04-30 11:46:39
"Государственное коммунальное казенное предприятие ""Сельская больница"" с.Нура Талгарского района",944,19,0,0,2,0,7367,43348189.63720703,2026-04-30 11:46:39
"Государственное коммунальное казенное предприятие ""Сельская больница"" села Акши Илийского района",612,33,0,0,0,0,5674,37788475.3125,2026-04-30 11:46:39
"Государственное коммунальное казенное предприятие ""Сельская больница"" села Жетыген Илийского района",1457,354,0,0,2,0,10488,63003080.259277344,2026-04-30 11:46:39
"Государственное коммунальное казенное предприятие ""Сельская больница"" села Когалы Кербулакского района",2065,574,0,0,14,2,17343,104816040.86499023,2026-04-30 11:46:39
"Государственное коммунальное казенное предприятие ""Сельская больница"" села Коктал Панфиловского района",739,119,0,0,0,0,8007,45127239.51171875,2026-04-30 11:46:39
"Государственное коммунальное казенное предприятие ""Сельская больница"" села Коныролен Панфиловского района",446,39,0,0,2,0,4288,28500951.853515625,2026-04-30 11:46:39
"Государственное коммунальное казенное предприятие ""Сельская больница"" села Панфилово Талгарского района",2261,267,0,0,8,1,14840,81663125.35839844,2026-04-30 11:46:39
"Государственное коммунальное казенное предприятие ""Сельская больница"" ст.Казыбек бек Жамбылского района",894,247,0,0,0,0,7311,40309794.52685547,2026-04-30 11:46:39
"Государственное коммунальное казенное предприятие ""Степногорская многопрофильная городская больница"" при управлении здравоохранения Акмолинской области",159812,32294,83229,1084,3779,2622,1292063,16582691144.877747,2026-04-30 11:46:39
"Государственное коммунальное казенное предприятие ""Степногорский межрайонный противотуберкулезный диспансер"" при управлении здравоохранения Акмолинской области",1308,3,14,0,3,11,129526,638.2539882361889,2026-04-30 11:46:39
"Государственное коммунальное казенное предприятие ""Сузакская районная поликлиника"" управления здравоохранения Южно-Казахстанской области",7529,705,0,0,0,0,62657,133860641.49731445,2026-04-30 11:46:39
"Государственное коммунальное казенное предприятие ""Толебийская районная поликлиника"" управления здравоохранения Южно-Казахстанской области",11908,707,0,1,17,2,90159,226865128.03564453,2026-04-30 11:46:39
"Государственное коммунальное казенное предприятие ""Тюлькубасская районная поликлиника"" управления здравоохранения Южно-Казахстанской области",8269,1847,0,1,1,0,55549,137345323.57910156,2026-04-30 11:46:39
"Государственное коммунальное казенное предприятие ""Шардаринская районная поликлиника"" управления здравоохранения Южно-Казахстанской области",22799,4068,0,2,5,0,158374,410885942.1118164,2026-04-30 11:46:39
"Государственное коммунальное казенное предприятие ""Шымкентская семейная врачебная амбулатория ""Айкап"" акимата Южно-Казахстанской области",906,14,0,0,0,0,6404,12120234.595214844,2026-04-30 11:46:39
Государственное коммунальное казенное предприятие «Атбасарский межрайонный противотуберкулезный диспансер» при управлении здравоохранения Акмолинской области,651,0,0,0,1,5,69087,286.28488951921463,2026-04-30 11:46:39
Государственное коммунальное казенное предприятие «Степногорская региональная психиатрическая больница» управления здравоохранения Акмолинской области,1961,11,0,0,10,2,108050,720.5357591509819,2026-04-30 11:46:39
"Государственное коммунальное казенное предприятия ""Сырдарьинский районный противотуберкулезный диспансер"" Управления здравоохранения Кызылординской области",570,0,52,0,0,61,68686,101386882.31508112,2026-04-30 11:46:39
"Государственное коммунальное казённое предприятие ""Городская детская поликлиника"" г. Талдыкорган",5259,5258,0,0,4,0,36124,51284179.528808594,2026-04-30 11:46:39
"Государственное коммунальное казённое предприятие ""Районная поликлиника Талгарского района""",5372,998,0,0,4,1,32788,81431223.88916016,2026-04-30 11:46:39
"Государственное коммунальное предприятие ""Айтекебийская районная больница"" на праве хозяйственного ведения Государственного учреждения Управления Здравоохранения Актюбинской области",69268,13472,41111,1,477,88,411493,5506354204.171143,2026-04-30 11:46:39
"Государственное коммунальное предприятие ""Айтекебийский хоспис для туберкулезных больных"" на праве хозяйственного ведения Государственного учреждения Управления Здравоохранения Актюбинской области",341,0,94,0,3,54,45387,17180856.868165642,2026-04-30 11:46:39
"Государственное коммунальное предприятие ""Актюбинская областная больница"" на праве хозяйственного ведения Государственного Учреждения ""Управление Здравоохранения Актюбинской области""",44854,1085,0,0,1538,603,375211,5100356777.995117,2026-04-30 11:46:39
"Государственное коммунальное предприятие ""Актюбинская областная многопрофильная больница"" на праве хозяйственного ведения государственного учреждения ""Управление здравоохранения Актюбинской области""",219139,45813,201821,14,6920,3212,1504400,41727776965.038574,2026-04-30 11:46:39
"Государственное коммунальное предприятие ""Актюбинский областной детский костно-туберкулезный санаторий ""Чайка"" на праве хозяйственного ведения Государственное учреждение Управление здравоохранения Актюбинской",1091,1081,1027,0,0,0,126697,695047300.8261719,2026-04-30 11:46:39
"Государственное коммунальное предприятие ""Актюбинский областной консультативно–диагностический центр"" на праве хозяйственного ведения Государственного учреждения Управления Здравоохранения Актюбинской области",10273,1186,0,0,0,0,55649,201013816.48388672,2026-04-30 11:46:39
"Государственное коммунальное предприятие ""Актюбинский областной фтизиопульмонологический центр"" на праве хозяйственного ведения государственного учреждения ""Управление здравоохранения Актюбинской области""",15527,785,9170,0,102,548,1209337,1226875788.5826504,2026-04-30 11:46:39
"Государственное коммунальное предприятие ""Алгинская районная больница"" на праве хозяйственного ведения государственного учреждения ""Управление здравоохранения Актюбинской области""",75249,10585,47237,6,891,208,500326,6905338706.699463,2026-04-30 11:46:39
"Государственное коммунальное предприятие ""Байганинская районная больница"" на праве хозяйственного ведения Государственного учреждения Управления Здравоохранения Актюбинской области",57761,14410,35802,10,534,69,372272,5220737846.1640625,2026-04-30 11:46:39
"Государственное коммунальное предприятие ""Городская клиническая больница №1"" на праве хозяйственного ведения Управления здравоохранения города Алматы",214023,1481,101915,11297,1268,614,1624879,24908813286.26703,2026-04-30 11:46:39
"Государственное коммунальное предприятие ""Городская многопрофильная больница №2"" на праве хозяйственного ведения Государственного учреждения Управление здравоохранения Актюбинской области",132199,4415,89371,16,4790,62,657672,12820899405.443665,2026-04-30 11:46:39
"Государственное коммунальное предприятие ""Городская поликлиника №1"" на праве хозяйственного ведения государственного учреждения ""Управление здравоохранения Актюбинской области""",34396,6170,17243,2,16,0,209768,1374511293.0361328,2026-04-30 11:46:39
"Государственное коммунальное предприятие ""Городская поликлиника №2"" на праве хозяйственного ведения государственного учреждения ""Управление здравоохранения Актюбинской области""",19650,89,9971,2,5,0,114923,820298389.6350098,2026-04-30 11:46:39
"Государственное коммунальное предприятие ""Городская поликлиника №2"" на праве хозяйственного ведения управления здравоохранения акимата Западно-Казахстанской области",42483,1306,25206,0,14,4,228174,1742292844.8532715,2026-04-30 11:46:39
"Государственное коммунальное предприятие ""Городская поликлиника №3"" на праве хозяйственного ведения государственного учреждения ""Управление здравоохранения Актюбинской области""",37409,61,25281,4,9,0,189956,2362052064.13916,2026-04-30 11:46:39
"Государственное коммунальное предприятие ""Городская поликлиника №4"" на праве хозяйственного ведения Государственного учреждения Управление здравоохранения Актюбинской области",22177,38,13746,0,47,0,115932,1037009360.2021484,2026-04-30 11:46:39
"Государственное коммунальное предприятие ""Городская поликлиника №4"" на праве хозяйственного ведения Управления здравоохранения акимата Западно-Казахстанской области",30879,2151,18127,0,9,1,175637,1327571325.3312988,2026-04-30 11:46:39
"Государственное коммунальное предприятие ""Городская поликлиника №5"" на праве хозяйственного ведения Государственного учреждения Управление здравоохранения Актюбинской области",11757,10,9574,1,5,0,73837,672031768.262207,2026-04-30 11:46:39
"Государственное коммунальное предприятие ""Городская поликлиника №6"" на праве хозяйственного ведения Государственного учреждения Управление здравоохранения Актюбинской области",25093,32,20411,3,3,0,136228,1440310332.3691406,2026-04-30 11:46:39
"Государственное коммунальное предприятие ""Городская поликлиника №7"" на праве хозяйственного ведения государственного учреждения ""Управление здравоохранения Актюбинской области""",9457,16,9453,4,0,0,46278,681786081.9433594,2026-04-30 11:46:39
"Государственное коммунальное предприятие ""Иргизская районная больница"" на праве хозяйственного ведения Государственное учреждение Управление здравоохранения Актюбинской области",39346,7940,22290,1,587,53,253435,3975650438.89917,2026-04-30 11:46:39
"Государственное коммунальное предприятие ""Иргизская районная туберкулезная больница"" на праве хозяйственного ведения государственного учреждения Управление здравоохранения Актюбинской области",16,0,0,0,0,0,702,0.0,2026-04-30 11:46:39
"Государственное коммунальное предприятие ""Каргалинская районная больница"" на праве хозяйственного ведения Государственного учреждения Управление Здравоохранения Актюбинской области",69983,11844,41104,1,184,25,493743,5263012277.351074,2026-04-30 11:46:39
"Государственное коммунальное предприятие ""Кобдинская районная больница"" на праве хозяйственного ведения Государственное учреждение Управление здравоохранения Актюбинской области",44403,8760,23489,1,523,55,272327,3393003121.904297,2026-04-30 11:46:39
"Государственное коммунальное предприятие ""Мангистауский областной противотуберкулезный санатории им. Е.Оразакова""",177,0,177,0,2,0,9932,103958127.68359375,2026-04-30 11:46:39
"Государственное коммунальное предприятие ""Мартукская районная больница"" на праве хозяйственного ведения государственного учреждения ""Управление здравоохранения Актюбинской области""",59019,6616,36903,57,3414,287,350344,5002997679.7595215,2026-04-30 11:46:39
"Государственное коммунальное предприятие ""Многопрофильная городская детская больница"" на праве хозяйственного ведения Государственное учреждение Управление здравоохранения Актюбинской области",72986,72868,49449,0,1191,203,603950,9670529508.135742,2026-04-30 11:46:39
"Государственное коммунальное предприятие ""Многопрофильная областная детская больница"" на праве хозяйственного ведения государственного учреждения ""Управление здравоохранения Актюбинской области""",67505,66004,67504,1,3920,297,475720,12924137523.319824,2026-04-30 11:46:39
"Государственное коммунальное предприятие ""Мугалжарская районная больница"" на праве хозяйственного ведения государственного учреждения ""Управление здравоохранения Актюбинской области""",85366,17169,48906,0,2661,415,544732,8318606154.570557,2026-04-30 11:46:39
"Государственное коммунальное предприятие ""Областная детская клиническая больница"" на праве хозяйственного ведения Государственное учреждение Управление здравоохранения Актюбинской области",52741,52194,0,0,617,343,443729,4608890408.237793,2026-04-30 11:46:39
"Государственное коммунальное предприятие ""Областной кожно-венерологический диспансер"" на праве хозяйственного ведения Государственного учреждения Управление здравоохранения Актюбинской области",22694,4324,9861,0,8,0,209773,1223282914.2282715,2026-04-30 11:46:39
"Государственное коммунальное предприятие ""Областной перинатальный центр"" на праве хозяйственного ведения государственного учреждения ""Управление здравоохранения Актюбинской области""",150015,13058,94490,15,5769,841,730267,18767807761.852295,2026-04-30 11:46:39
"Государственное коммунальное предприятие ""Областной центр психического здоровья"" на праве хозяйственного ведения государственного учреждения ""Управления здравоохранения Актюбинской области""",26646,2673,26643,0,166,163,1055046,0.0,2026-04-30 11:46:39
"Государственное коммунальное предприятие ""Противотуберкулезный санаторий ""Берчогур"" на праве хозяйственного ведения государственного учреждения ""Управление здравоохранения Актюбинской области""",487,0,487,0,0,0,42515,216117014.46484375,2026-04-30 11:46:39
"Государственное коммунальное предприятие ""Специализированное лечебно-профилактическое предприятие"" на ПХВ государственного учреждения Управления Здравоохранения Актюбинской области",2137,0,676,0,0,14,450539,293648380.7753906,2026-04-30 11:46:39
"Государственное коммунальное предприятие ""Темирская районная туберкулезная больница"" на право хозяйственного ведения Государственного учреждения Управления Здравоохранения Актюбинской области",1254,0,189,0,2,8,101013,72993391.38090521,2026-04-30 11:46:39
"Государственное коммунальное предприятие ""Уилская районная больница"" на праве хозяйственного ведения государственного учреждения ""Управление здравоохранения Актюбинской области""",51531,11238,29668,10,441,19,344304,3993375085.5583496,2026-04-30 11:46:39
"Государственное коммунальное предприятие ""Хромтауская районная больница"" на праве хозяйственного ведения государственного учреждения ""Управление здравоохранения Актюбинской области""",70007,13462,38490,16,1416,230,449094,5975751300.036865,2026-04-30 11:46:39
"Государственное коммунальное предприятие ""Центр первичной медико-санитарной помощи №1 города Актобе"" на праве хозяйственного ведения государственного учреждения ""Управление здравоохранения Актюбинской области""",8613,1,7993,0,3,0,44782,491807218.0126953,2026-04-30 11:46:39
"Государственное коммунальное предприятие ""Центр планирования семьи и репродукции человека"" на праве хозяйственного ведения ГУ Управления здравоохранения Актюбинской области",1662,20,0,0,0,0,9862,20684551.490234375,2026-04-30 11:46:39
"Государственное коммунальное предприятие ""Шалкарская районная больница"" на праве хозяйственного ведения Государственного учреждения Управления Здравоохранения Актюбинской области",65337,11217,33899,1,1106,304,407543,6693282873.140747,2026-04-30 11:46:39
"Государственное коммунальное предприятие ""Шалкарская районная туберкулезная больница"" на праве хозяйственного ведения Государственного учреждения Управление здравоохранения Актюбинской области",481,2,0,0,1,3,37961,82.62452489882708,2026-04-30 11:46:39
"Государственное коммунальное предприятие ""Эмбинская районная больница"" на праве хозяйственного ведения Государственного учреждения Управления Здравоохранения Актюбинской области",38237,6584,23474,1,333,67,289405,3565506287.04834,2026-04-30 11:46:39
Государственное коммунальное предприятие «Детский реабилитационный центр «Аяла» на праве хозяйственного ведения государственного учреждения «Управление здравоохранения Актюбинской области»,1809,1802,1808,0,5,0,22585,192965079.2290039,2026-04-30 11:46:39
Государственное коммунальное предприятие «Темирская районная больница» на праве хозяйственного ведения государственного учреждения «Управление здравоохранения Актюбинской области»,81853,16199,44376,33,1573,163,567011,6584444698.897217,2026-04-30 11:46:39
"Государственное коммунальное предприятие на праве хозяйственного введения ""Жамбылский областной онкологический диспансер"" управления здравоохранения акимата Жамбылской области",26229,34,11608,4,186,34,263748,4371807742.448242,2026-04-30 11:46:39
"Государственное коммунальное предприятие на праве хозяйственного введения ""Областная многопрофильная больница"" Управления здравоохранения акимата Западно-Казахстанской области",159929,8062,148035,11894,1948,1778,1166573,34921620156.29184,2026-04-30 11:46:39
"Государственное коммунальное предприятие на праве хозяйственного ведения "" Коксуская центральная районная больница"" государственного учреждения ""Управление здравоохранения области Жетісу"" акимата области Жетісу",111789,23410,60504,7,956,411,804863,10548547473.08081,2026-04-30 11:46:39
"Государственное коммунальное предприятие на праве хозяйственного ведения ""2- больница Казталовского района"" управления здравоохранения акимата Западно-Казахстанской области""",56466,9806,32258,10,205,42,404774,2945995138.8203125,2026-04-30 11:46:39
"Государственное коммунальное предприятие на праве хозяйственного ведения ""2-больница Теректинского района"" управления здравоохранения акимата Западно-Казахстанской области",34359,3232,17673,2,69,56,258302,2128805696.5786133,2026-04-30 11:46:39
"Государственное коммунальное предприятие на праве хозяйственного ведения ""2-больница района Бәйтерек"" управления здравоохранения акимата Западно-Казахстанской области",63397,5812,32900,11,219,53,451298,3915469264.157715,2026-04-30 11:46:39
"Государственное коммунальное предприятие на праве хозяйственного ведения ""Акжаикская районная больница"" управления здравоохранения акимата Западно-Казахстанской области",98655,16728,60521,17,613,210,643650,6916294011.050293,2026-04-30 11:46:39
"Государственное коммунальное предприятие на праве хозяйственного ведения ""Аккольская районная больница"" при управлении здравоохранения Акмолинской области.",66069,13334,32816,15,1298,272,499916,5554861400.426664,2026-04-30 11:46:39
"Государственное коммунальное предприятие на праве хозяйственного ведения ""Акмолинская областная больница"" при управлении здравоохранения Акмолинской области",90558,2510,6310,2139,497,1775,1038983,16456308546.947632,2026-04-30 11:46:39
"Государственное коммунальное предприятие на праве хозяйственного ведения ""Акмолинская областная детская больница"" при управлении здравоохранения Акмолинской области",62579,62561,4511,23,228,229,579771,4976767299.737486,2026-04-30 11:46:39
"Государственное коммунальное предприятие на праве хозяйственного ведения ""Акмолинская областная психиатрическая больница"" при управлении здравоохранения Акмолинской области",10197,851,1328,0,64,23,574464,7199.3970374614,2026-04-30 11:46:39
"Государственное коммунальное предприятие на праве хозяйственного ведения ""Акмолинский областной онкологический диспансер"" при управлении здравоохранения Акмолинской области",14507,34,2099,31,124,164,192744,2494127489.446289,2026-04-30 11:46:39
"Государственное коммунальное предприятие на праве хозяйственного ведения ""Акмолинский областной центр фтизиопульмонологии имени Коныратбека Курманбаева"" при управлении здравоохранения Акмолинской области",29637,1499,26188,4,961,1342,874807,6664207382.527895,2026-04-30 11:46:39
"Государственное коммунальное предприятие на праве хозяйственного ведения ""Актауская городская поликлиника №1"" Управления здравоохранения Мангистауской области",33688,5562,16462,0,15,0,196177,1250214306.7746582,2026-04-30 11:46:39
"Государственное коммунальное предприятие на праве хозяйственного ведения ""Актауская городская поликлиника №2"" Управления здравоохранения Мангистауской области",32203,1403,15563,2,47,0,190664,1264473075.3608398,2026-04-30 11:46:39
"Государственное коммунальное предприятие на праве хозяйственного ведения ""Актауский городской перинатальный центр"" Управления здравоохранения Мангистауской области",89687,6818,48482,12,4363,36,427934,8925606617.599121,2026-04-30 11:46:39
"Государственное коммунальное предприятие на праве хозяйственного ведения ""Алматинская многопрофильная клиническая больница"" государственного учреждения ""Управление здравоохранения Алматинской области""",237081,7987,136038,12114,2766,3053,1965227,57595715004.09949,2026-04-30 11:46:39
"Государственное коммунальное предприятие на праве хозяйственного ведения ""Алматинский областной кожно-венерологический диспансер"" государственного учреждения ""Управления здравоохранения Алматинской области"" акимата Алматинской области.",18995,5787,9264,5,66,2,279748,1775848485.6137695,2026-04-30 11:46:39
"Государственное коммунальное предприятие на праве хозяйственного ведения ""Аршалынская районная больница"" при управлении здравоохранения Акмолинской области",59241,10893,36015,128,1122,549,448701,6191016675.011719,2026-04-30 11:46:39
"Государственное коммунальное предприятие на праве хозяйственного ведения ""Арысская районная поликлиника"" управления здравоохранения Южно-Казахстанской области",16419,2378,994,0,0,0,114823,299268410.42041016,2026-04-30 11:46:39
"Государственное коммунальное предприятие на праве хозяйственного ведения ""Арысская центральная районная больница"" управления здравоохранения Туркестанской области",177526,47588,120628,11,1584,763,1240466,17653080219.867676,2026-04-30 11:46:39
"Государственное коммунальное предприятие на праве хозяйственного ведения ""Астраханская районная больница"" при управлении здравоохранения Акмолинской области",52605,13599,29590,25,827,41,370942,4491737210.425982,2026-04-30 11:46:39
"Государственное коммунальное предприятие на праве хозяйственного ведения ""Атбасарская многопрофильная межрайонная больница"" при управлении здравоохранения Акмолинской области",107135,28291,60602,5,1912,851,847771,12753149473.65918,2026-04-30 11:46:39
"Государственное коммунальное предприятие на праве хозяйственного ведения ""Ауданаралық сауықтыру ауруханасы"" оңалту орталығы"" управления здравоохранения акимата Западно-Казахстанской области",26037,421,16259,778,7,1,392152,3984020953.0615234,2026-04-30 11:46:39
"Государственное коммунальное предприятие на праве хозяйственного ведения ""Балхашская центральная районная больница"" государственного учреждения ""Управление здравоохранения Алматинской области""",91889,19340,49767,8,470,142,610775,8161466684.9453125,2026-04-30 11:46:39
"Государственное коммунальное предприятие на праве хозяйственного ведения ""Бокейординская районная больница"" управления здравоохранения акимата Западно-Казахстанской области",42528,6930,24087,0,232,69,290929,2699160152.57959,2026-04-30 11:46:39
"Государственное коммунальное предприятие на праве хозяйственного ведения ""Больница района Биржан Сал"" при управлении здравоохранения Акмолинской области",30106,6061,14117,1,295,26,246821,2605422067.553711,2026-04-30 11:46:39
"Государственное коммунальное предприятие на праве хозяйственного ведения ""Больница района Бәйтерек"" управления здравоохранения акимата Западно-Казахстанской области",67655,11161,39886,241,338,304,455545,4740821490.494141,2026-04-30 11:46:39
"Государственное коммунальное предприятие на праве хозяйственного ведения ""Буландынская районная больница"" при управлении здравоохранения Акмолинской области",64029,10726,35726,18,1020,249,493766,6163771320.097399,2026-04-30 11:46:39
"Государственное коммунальное предприятие на праве хозяйственного ведения ""Бурабайская многопрофильная межрайонная больница"" при управлении здравоохранения Акмолинской области",57569,13960,7138,282,1636,672,437522,4160476623.409158,2026-04-30 11:46:39
"Государственное коммунальное предприятие на праве хозяйственного ведения ""Бурабайская районная поликлиника"" при управлении здравоохранения Акмолинской области",10149,1744,1588,0,0,0,86159,226780972.85888672,2026-04-30 11:46:39
"Государственное коммунальное предприятие на праве хозяйственного ведения ""Бурлинская районная больница"" управления здравоохранения акимата Западно-Казахстанской области",125843,18001,62542,742,1572,655,780359,9290347869.062744,2026-04-30 11:46:39
"Государственное коммунальное предприятие на праве хозяйственного ведения ""Высший медицинский колледж"" Управления здравоохранения города Алматы",2952,0,1492,596,53,228,70236,222486998.65234375,2026-04-30 11:46:39
"Государственное коммунальное предприятие на праве хозяйственного ведения ""Городская больница сестринского ухода"" Управления здравоохранения города Алматы",2900,0,0,263,58,304,66508,211189821.5546875,2026-04-30 11:46:39
"Государственное коммунальное предприятие на праве хозяйственного ведения ""Городская больница №1""акимата города Астаны",229272,3293,63040,8047,5021,2579,1904422,29966570389.49878,2026-04-30 11:46:39
"Государственное коммунальное предприятие на праве хозяйственного ведения ""Городская больница №2"" управления здравоохранения города Шымкента",176145,8505,164741,1821,1386,1284,1095350,32607187539.248474,2026-04-30 11:46:39
"Государственное коммунальное предприятие на праве хозяйственного ведения ""Городская больница №3"" управления здравоохранения города Шымкент",133878,29627,91791,84,971,439,915385,15688004298.516357,2026-04-30 11:46:39
"Государственное коммунальное предприятие на праве хозяйственного ведения ""Городская детская клиническая больница"" управления здравоохранения города Шымкент",212392,210271,146924,1,2533,1059,1586499,30023889872.85376,2026-04-30 11:46:39
"Государственное коммунальное предприятие на праве хозяйственного ведения ""Городская клиническая больница № 1"" управления здравоохранения города Шымкент",286260,4198,173506,762,5519,7484,2227793,49363640604.48157,2026-04-30 11:46:39
"Государственное коммунальное предприятие на праве хозяйственного ведения ""Городская многопрофильная больница города Қонаев"" государственного учреждения ""Управление здравоохранения Алматинской области""",140376,28817,89279,3,1722,1028,1071489,14895992703.21753,2026-04-30 11:46:39
"Государственное коммунальное предприятие на праве хозяйственного ведения ""Городская многопрофильная больница и консультативно-диагностический центр управления здравоохранения акимата Жамбылской области""",61079,1081,60356,723,1043,995,497798,17481050121.44507,2026-04-30 11:46:39
"Государственное коммунальное предприятие на праве хозяйственного ведения ""Городская многопрофильная больница с онкологическим центром"" управления здравоохранения города Шымкент",97926,150,72394,1,349,390,1089104,43578487078.41323,2026-04-30 11:46:39
"Государственное коммунальное предприятие на праве хозяйственного ведения ""Городская многопрофильная больница № 2"" акимата города Астана",331537,10476,322081,9444,8797,2457,1955780,88997499964.09149,2026-04-30 11:46:39
"Государственное коммунальное предприятие на праве хозяйственного ведения ""Городская многопрофильная больница"" управления здравоохранения акимата Западно-Казахстанской области""",152441,1465,130802,5762,8214,3060,871899,29573582400.503174,2026-04-30 11:46:39
"Государственное коммунальное предприятие на праве хозяйственного ведения ""Городская поликлиника № 1"" акимата города Астаны",10518,192,6326,0,2,0,74439,499359447.1809082,2026-04-30 11:46:39
"Государственное коммунальное предприятие на праве хозяйственного ведения ""Городская поликлиника № 13"" акимата города Астаны",12212,57,10265,1,8,0,73858,743250302.3842773,2026-04-30 11:46:39
"Государственное коммунальное предприятие на праве хозяйственного ведения ""Городская поликлиника № 2"" акимата города Астана""",44075,2763,30232,0,12,0,252954,2108281222.4160156,2026-04-30 11:46:39
"Государственное коммунальное предприятие на праве хозяйственного ведения ""Городская поликлиника № 2"" управления здравоохранения города Шымкент",18816,5108,10969,0,1,0,126499,803654788.0385742,2026-04-30 11:46:39
"Государственное коммунальное предприятие на праве хозяйственного ведения ""Городская поликлиника № 4"" акимата города Астана",48954,1641,31415,2,6,0,290216,2311984834.781494,2026-04-30 11:46:39
"Государственное коммунальное предприятие на праве хозяйственного ведения ""Городская поликлиника № 5"" акимата города Астаны",56128,5114,30568,11,80,0,360093,2161249375.9987793,2026-04-30 11:46:39
"Государственное коммунальное предприятие на праве хозяйственного ведения ""Городская поликлиника № 7"" акимата города Астана",20956,2230,10927,5,5,0,140337,805950673.9443359,2026-04-30 11:46:39
"Государственное коммунальное предприятие на праве хозяйственного ведения ""Городская поликлиника № 9"" акимата города Астана",28540,948,24120,0,28,0,172269,1856038710.1396484,2026-04-30 11:46:39
"Государственное коммунальное предприятие на праве хозяйственного ведения ""Городская поликлиника №1""  города Косшы при управлении здравоохранения Акмолинской области",1493,0,1493,0,0,0,7813,113277294.19140625,2026-04-30 11:46:39
"Государственное коммунальное предприятие на праве хозяйственного ведения ""Городская поликлиника №1"" Управления здравоохранения акимата Жамбылской области",7468,1601,0,0,5,0,56106,154255906.52368164,2026-04-30 11:46:39
"Государственное коммунальное предприятие на праве хозяйственного ведения ""Городская поликлиника №1"" при управлении здравоохранения Акмолинской области",23487,6210,11807,0,0,0,160855,642121082.7260742,2026-04-30 11:46:39
"Государственное коммунальное предприятие на праве хозяйственного ведения ""Городская поликлиника №1"" управления здравоохранения акимата Западно-Казахстанской области",43131,3798,25853,1,39,0,288105,1684273716.6311035,2026-04-30 11:46:39
"Государственное коммунальное предприятие на праве хозяйственного ведения ""Городская поликлиника №1"" управления здравоохранения города Шымкент",13639,2839,7684,0,4,0,89673,516105020.39160156,2026-04-30 11:46:39
"Государственное коммунальное предприятие на праве хозяйственного ведения ""Городская поликлиника №10"" управления здравоохранения города Шымкент",7285,44,3925,0,5,0,54239,269998286.84472656,2026-04-30 11:46:39
"Государственное коммунальное предприятие на праве хозяйственного ведения ""Городская поликлиника №11"" акимата города Астаны",10871,142,8235,1,1,0,78478,586992435.6796875,2026-04-30 11:46:39
"Государственное коммунальное предприятие на праве хозяйственного ведения ""Городская поликлиника №12"" акимата города Астаны",7924,526,7924,0,2,0,43643,640035542.0742188,2026-04-30 11:46:39
"Государственное коммунальное предприятие на праве хозяйственного ведения ""Городская поликлиника №12"" управления здравоохранения города Шымкент",18862,1357,11187,0,0,0,119171,890623224.0146484,2026-04-30 11:46:39
"Государственное коммунальное предприятие на праве хозяйственного ведения ""Городская поликлиника №14"" акимата города Астана",8999,10,8997,2,1,1,55568,812377634.2753906,2026-04-30 11:46:39
"Государственное коммунальное предприятие на праве хозяйственного ведения ""Городская поликлиника №15"" акимата города Астаны",2578,51,2578,0,0,0,17478,165497532.90429688,2026-04-30 11:46:39
"Государственное коммунальное предприятие на праве хозяйственного ведения ""Городская поликлиника №2"" Управления здравоохранения акимата Жамбылской области",30055,290,20780,0,1,1,243569,1320279531.128418,2026-04-30 11:46:39
"Государственное коммунальное предприятие на праве хозяйственного ведения ""Городская поликлиника №2"" управления здравоохранения Кызылординской области",6555,272,0,0,0,0,45812,151077218.11132812,2026-04-30 11:46:39
"Государственное коммунальное предприятие на праве хозяйственного ведения ""Городская поликлиника №3"" Управления здравоохранения акимата Жамбылской области",3685,1366,0,0,1,0,28830,57106622.674072266,2026-04-30 11:46:39
"Государственное коммунальное предприятие на праве хозяйственного ведения ""Городская поликлиника №3"" акимата города Астана",4106,492,2673,0,2,0,24458,168475710.11523438,2026-04-30 11:46:39
"Государственное коммунальное предприятие на праве хозяйственного ведения ""Городская поликлиника №3"" управления здравоохранения акимата Западно-Казахстанской области",43835,2625,23555,0,13,3,308431,1507337735.9516602,2026-04-30 11:46:39
"Государственное коммунальное предприятие на праве хозяйственного ведения ""Городская поликлиника №3"" управления здравоохранения города Шымкент",13526,334,9121,0,5,0,80457,583029921.8457031,2026-04-30 11:46:39
"Государственное коммунальное предприятие на праве хозяйственного ведения ""Городская поликлиника №35"" Управления здравоохранения города Алматы",1045,191,1044,0,0,0,6338,18595266.837402344,2026-04-30 11:46:39
"Государственное коммунальное предприятие на праве хозяйственного ведения ""Городская поликлиника №4"" Управления здравоохранения акимата Жамбылской области",10820,777,0,0,1,0,82432,179186522.11254883,2026-04-30 11:46:39
"Государственное коммунальное предприятие на праве хозяйственного ведения ""Городская поликлиника №4"" управления здравоохранения города Шымкент",11455,44,6062,0,8,0,75162,458964973.24365234,2026-04-30 11:46:39
"Государственное коммунальное предприятие на праве хозяйственного ведения ""Городская поликлиника №5"" Управления здравоохранения акимата Западно-Казахстанской области",33557,3865,19435,1,16,0,197019,1335878667.265625,2026-04-30 11:46:39
"Государственное коммунальное предприятие на праве хозяйственного ведения ""Городская поликлиника №5"" управления здравоохранения города Шымкент",21589,91,13608,2,1,1,164891,871696986.3100586,2026-04-30 11:46:39
"Государственное коммунальное предприятие на праве хозяйственного ведения ""Городская поликлиника №6"" акимата города Астаны",31189,980,17495,15,15,0,220325,1419991172.400879,2026-04-30 11:46:39
"Государственное коммунальное предприятие на праве хозяйственного ведения ""Городская поликлиника №6"" управления здравоохранения акимата Западно-Казахстанской области""",39489,2255,29612,2,20,0,238056,1972340290.7697754,2026-04-30 11:46:39
"Государственное коммунальное предприятие на праве хозяйственного ведения ""Городская поликлиника №6"" управления здравоохранения города Шымкент",24507,360,15415,1,13,0,171640,1134842843.1635742,2026-04-30 11:46:39
"Государственное коммунальное предприятие на праве хозяйственного ведения ""Городская поликлиника №7"" Управления здравоохранения акимата Жамбылской области",16518,2889,6757,2,2,2,130536,537376399.4890137,2026-04-30 11:46:39
"Государственное коммунальное предприятие на праве хозяйственного ведения ""Городская поликлиника №7"" управления здравоохранения города Шымкент""",19142,792,11690,0,9,0,114535,889674860.2329102,2026-04-30 11:46:39
"Государственное коммунальное предприятие на праве хозяйственного ведения ""Городская поликлиника №8"" акимата города Астана",41203,298,23781,11,5,0,269274,2399056809.0410156,2026-04-30 11:46:39
"Государственное коммунальное предприятие на праве хозяйственного ведения ""Городская поликлиника №9"" управления здравоохранения города Шымкент",12966,839,7935,1,3,0,88196,495122500.19970703,2026-04-30 11:46:39
"Государственное коммунальное предприятие на праве хозяйственного ведения ""Городская поликлиника"" при управлении здравоохранения Акмолинской области",43371,7457,29689,30,8,0,317115,1968652813.0302734,2026-04-30 11:46:39
"Государственное коммунальное предприятие на праве хозяйственного ведения ""Городская поликлиника№8"" управления здравоохранения города Шымкент",6593,1569,4119,0,4,0,40643,258506351.74267578,2026-04-30 11:46:39
"Государственное коммунальное предприятие на праве хозяйственного ведения ""Городской диагностический центр"" управления здравоохранения города Шымкент",5689,981,3738,2,3,0,37423,400970785.8413086,2026-04-30 11:46:39
"Государственное коммунальное предприятие на праве хозяйственного ведения ""Городской кардиологический центр"" УЗ г.Шымкент",45497,536,13504,5435,597,885,368141,26023024376.900635,2026-04-30 11:46:39
"Государственное коммунальное предприятие на праве хозяйственного ведения ""Городской многопрофильный центр фтизиопульмонологии и внутренних болезней"" акимата города Астаны""",27153,1099,17818,9,291,938,1335435,3633631448.6929774,2026-04-30 11:46:39
"Государственное коммунальное предприятие на праве хозяйственного ведения ""Городской наркологический центр медико-социальной коррекции"" Управления здравоохранения города Алматы",13395,18,3132,2269,59,17,323640,1045462997.8984375,2026-04-30 11:46:39
"Государственное коммунальное предприятие на праве хозяйственного ведения ""Городской перинатальный центр управления здравоохранения акимата Жамбылской области""",24130,1333,24130,0,58,10,111199,4637594959.517578,2026-04-30 11:46:39
"Государственное коммунальное предприятие на праве хозяйственного ведения ""Городской перинатальный центр"" управления здравоохранения города Шымкент",157719,29655,93980,5238,6366,1222,799933,30410886217.237305,2026-04-30 11:46:39
"Государственное коммунальное предприятие на праве хозяйственного ведения ""Городской противотуберкулезный диспансер Турксибского района"" Управления здравоохранения города Алматы",1006,1,0,0,12,99,67657,244.43134152889252,2026-04-30 11:46:39
"Государственное коммунальное предприятие на праве хозяйственного ведения ""Городской родильный дом"" управления здравоохранения акимата Западно-Казахстанской области",30785,415,0,862,1873,13,131722,1864648710.6889648,2026-04-30 11:46:39
"Государственное коммунальное предприятие на праве хозяйственного ведения ""Городской родильный дом"" управления здравоохранения города Шымкент",158104,18864,106599,71,3374,132,661916,22291902851.447266,2026-04-30 11:46:39
"Государственное коммунальное предприятие на праве хозяйственного ведения ""Городской центр психического здоровья"" акимата города Астаны",41544,5828,36678,4866,210,42,1063519,368540395.42285156,2026-04-30 11:46:39
"Государственное коммунальное предприятие на праве хозяйственного ведения ""Егиндыкольская районная больница"" при управлении здравоохранения Акмолинской области",23054,7441,12413,4,121,13,179815,2044858889.8759766,2026-04-30 11:46:39
"Государственное коммунальное предприятие на праве хозяйственного ведения ""Енбекшиказахская многопрофильная центральная районная больница"" государственного учреждения ""Управление здравоохранение Алматинскоя области""",261444,73647,160844,153,4976,2754,1813958,32902402113.504272,2026-04-30 11:46:39
"Государственное коммунальное предприятие на праве хозяйственного ведения ""Енбекшиказахская районная поликлиника"" государственного учреждения ""Управления здравоохранения Алматинской области"" акимата Алматинской области.",8269,1902,0,0,1,1,49168,116023827.55078125,2026-04-30 11:46:39
"Государственное коммунальное предприятие на праве хозяйственного ведения ""Есикский родильный дом"" государственного учреждения ""Управление здравоохранения Алматинской области""",61280,2173,13089,470,380,30,388043,4118875426.4174805,2026-04-30 11:46:39
"Государственное коммунальное предприятие на праве хозяйственного ведения ""Есильская районная больница"" при управлении здравоохранения Акмолинской области",62430,13494,30525,59,656,472,493818,5050559664.583579,2026-04-30 11:46:39
"Государственное коммунальное предприятие на праве хозяйственного ведения ""Жаксынская районная больница"" при управлении здравоохранения Акмолинской области",41705,7814,21366,60,355,122,344076,3865913581.3915796,2026-04-30 11:46:39
"Государственное коммунальное предприятие на праве хозяйственного ведения ""Жамбылская областная инфекционная больница управления здравоохранения акимата Жамбылской области""",65161,54842,65161,0,327,105,465972,9781140428.236328,2026-04-30 11:46:39
"Государственное коммунальное предприятие на праве хозяйственного ведения ""Жамбылская областная многопрофильная больница управления здравоохранения акимата Жамбылской области""",123001,6255,122399,602,1103,1640,943713,32879046269.242966,2026-04-30 11:46:39
"Государственное коммунальное предприятие на праве хозяйственного ведения ""Жамбылская областная многопрофильная детская больница"" управления здравоохранения акимата Жамбылской области""",138243,125524,138223,0,1147,981,1238155,29163099423.162354,2026-04-30 11:46:39
"Государственное коммунальное предприятие на праве хозяйственного ведения ""Жамбылский областной кардиологический диспансер"" управления здравоохранения акимата Жамбылской области",2260,1,0,15,1,0,17944,117686239.72753906,2026-04-30 11:46:39
"Государственное коммунальное предприятие на праве хозяйственного ведения ""Жамбылский областной наркологический диспансер управления здравоохранения акимата Жамбылской области""",18125,29,2855,20,136,25,504907,1294429063.2285156,2026-04-30 11:46:39
"Государственное коммунальное предприятие на праве хозяйственного ведения ""Жамбылский областной перинатальный центр управления здравоохранения акимата Жамбылской области""",33991,8416,33991,0,128,174,226673,9904100664.865234,2026-04-30 11:46:39
"Государственное коммунальное предприятие на праве хозяйственного ведения ""Жамбылский областной центр психического здоровья""",34019,4398,34019,0,128,50,1269760,0.0,2026-04-30 11:46:39
"Государственное коммунальное предприятие на праве хозяйственного ведения ""Жанаозенская городская детская больница"" Управления здравоохранения Мангистауской области",24387,22578,5206,0,230,66,193102,1450132953.6882324,2026-04-30 11:46:39
"Государственное коммунальное предприятие на праве хозяйственного ведения ""Жанаозенская городская поликлиника № 1"" Управления здравоохранения Мангистауской области",27954,2068,14256,4,45,0,187639,920187188.4245605,2026-04-30 11:46:39
"Государственное коммунальное предприятие на праве хозяйственного ведения ""Жанаозенская городская поликлиника №2 Управления здравоохранения Мангистауской области",27143,8845,14029,0,3,0,159660,991258783.1650391,2026-04-30 11:46:39
"Государственное коммунальное предприятие на праве хозяйственного ведения ""Жанаозенская городская поликлиника №3 Управления здравоохранения Мангистауской области",8907,64,8906,1,7,0,51355,603854641.5717773,2026-04-30 11:46:39
"Государственное коммунальное предприятие на праве хозяйственного ведения ""Жанаозенская межрайонная туберкулезная больница"" Управления здравоохранения Мангистауской области",2327,0,610,0,13,39,159655,321376788.3973183,2026-04-30 11:46:39
"Государственное коммунальное предприятие на праве хозяйственного ведения ""Жанаозенская многопрофильная городская больница"" Управления здравоохранения Мангистауской области.",188380,40611,139371,97,3276,1268,1284976,24934160695.624756,2026-04-30 11:46:39
"Государственное коммунальное предприятие на праве хозяйственного ведения ""Жанаозенский городской родильный дом"" Управления здравоохранения Мангистауской области",40439,2020,7230,2,921,14,182720,2963771762.9838867,2026-04-30 11:46:39
"Государственное коммунальное предприятие на праве хозяйственного ведения ""Жангалинская районная больница"" управления здравоохранения акимата Западно-Казахстанской области",57421,9475,33105,5,391,103,391774,3714229194.4196777,2026-04-30 11:46:39
"Государственное коммунальное предприятие на праве хозяйственного ведения ""Жаркаинская районная больница"" при управлении здравоохранения Акмолинской области",32639,5393,17989,23,318,200,260378,2947612592.428694,2026-04-30 11:46:39
"Государственное коммунальное предприятие на праве хозяйственного ведения ""Жаркентский родильный дом"" государственного учреждения ""Управление здравоохранения Алматинской области""",35877,1814,7288,58,184,90,209773,2440751134.8911133,2026-04-30 11:46:39
"Государственное коммунальное предприятие на праве хозяйственного ведения ""Жетыбайская сельская больница"" Управления здравоохранения Мангистауской области",43809,10460,24486,1,377,67,315578,3610927978.0356445,2026-04-30 11:46:39
"Государственное коммунальное предприятие на праве хозяйственного ведения ""Жетысайская районная больница ""Асыката"" управления здравоохранения Туркестанской области",159824,43726,107258,15,1568,734,1064899,16812057498.908447,2026-04-30 11:46:39
"Государственное коммунальное предприятие на праве хозяйственного ведения ""Зерендинская районная больница"" при управлении здравоохранения Акмолинской области",57797,10079,32477,44,324,143,462001,4884145578.600991,2026-04-30 11:46:39
"Государственное коммунальное предприятие на праве хозяйственного ведения ""Илийская центральная районная больница"" государственного учреждения ""Управления здравоохранения Алматинской области"" акимата Алматинской области.",391509,63364,235999,2425,2498,2441,2365634,33285290189.43701,2026-04-30 11:46:39
"Государственное коммунальное предприятие на праве хозяйственного ведения ""Казталовская районная больница"" управления здравоохранения акимата Западно-Казахстанской области""",76686,11404,43386,7,160,24,491266,4721268785.056152,2026-04-30 11:46:39
"Государственное коммунальное предприятие на праве хозяйственного ведения ""Казыгуртская центральная районная больница"" управления здравоохранения Туркестанской области",201348,63612,127544,48,2994,1212,1418074,19532121410.002197,2026-04-30 11:46:39
"Государственное коммунальное предприятие на праве хозяйственного ведения ""Каракиянская центральная районная больница"" Управления здравоохранения Мангистауской области",48845,11695,28480,19,160,30,359152,3957600863.6169434,2026-04-30 11:46:39
"Государственное коммунальное предприятие на праве хозяйственного ведения ""Карасайская районная поликлиника"" государственного учреждения ""Управление здравоохранения Алматинской области"" акимата Алматинской области",8598,1695,0,0,3,1,54134,119541321.640625,2026-04-30 11:46:39
"Государственное коммунальное предприятие на праве хозяйственного ведения ""Келесская районная больница ""Абай"" управления здравоохранения Туркестанской области",218629,64682,148917,117,2948,1191,1447254,23069046834.39795,2026-04-30 11:46:39
"Государственное коммунальное предприятие на праве хозяйственного ведения ""Кентауская городская поликлиника"" управления здравоохранения Туркестанской области",45128,8878,30351,3,18,0,310785,1867795731.913086,2026-04-30 11:46:39
"Государственное коммунальное предприятие на праве хозяйственного ведения ""Кентауская центральная городская больница"" управления здравоохранения Туркестанской области",291102,62941,201682,2159,33801,2122,2000563,35753153628.017944,2026-04-30 11:46:39
"Государственное коммунальное предприятие на праве хозяйственного ведения ""Кербулакская центральная районная больница"" государственного учреждения ""Управление здравоохранения области Жетісу""",102325,21771,59258,15,896,387,811190,10280705282.213623,2026-04-30 11:46:39
"Государственное коммунальное предприятие на праве хозяйственного ведения ""Кокшетауская городская многопрофильная больница"" при управлении здравоохранения Акмолинской области",155322,1148,99499,396,1670,2491,1346476,20888446018.30664,2026-04-30 11:46:39
"Государственное коммунальное предприятие на праве хозяйственного ведения ""Коргалжынская районная больница"" при управлении здравоохранения Акмолинской области",19678,5412,10686,19,133,17,158952,1838574805.8725586,2026-04-30 11:46:39
"Государственное коммунальное предприятие на праве хозяйственного ведения ""Кордайская центральная районная больница"" Управления здравоохранения акимата Жамбылской области",347246,100412,193288,94,6309,1022,2271058,29922806710.98535,2026-04-30 11:46:39
"Государственное коммунальное предприятие на праве хозяйственного ведения ""Костанайский областной кожно-венерологический диспансер"" Управления здравоохранения акимата Костанайской области",8705,1948,1592,0,13,3,106832,486669458.24365234,2026-04-30 11:46:39
"Государственное коммунальное предприятие на праве хозяйственного ведения ""Лечебно - диагностический центр"" Управления здравоохранения города Алматы",5136,22,0,126,8,1,53376,539955796.222168,2026-04-30 11:46:39
"Государственное коммунальное предприятие на праве хозяйственного ведения ""Мактааральская районная больница ""Атакент"" управления здравоохранения Туркестанской области",85827,23843,57071,19,1379,309,530267,8344161920.968262,2026-04-30 11:46:39
"Государственное коммунальное предприятие на праве хозяйственного ведения ""Мангистауская областная многопрофильная больница"" Управления здравоохранения Мангистауской области",274327,7634,179052,1226,6980,7106,2154222,61049810027.22052,2026-04-30 11:46:39
"Государственное коммунальное предприятие на праве хозяйственного ведения ""Мангистауская центральная районная больница"" Управления здравоохранения Мангистауской области",78366,19454,40498,1,522,180,559696,6007910204.212891,2026-04-30 11:46:39
"Государственное коммунальное предприятие на праве хозяйственного ведения ""Мангистауский областной кожно-венерологический диспансер"" Управления здравоохранения Мангистауской области",22697,2469,9902,0,11,0,247197,1207465259.756836,2026-04-30 11:46:39
"Государственное коммунальное предприятие на праве хозяйственного ведения ""Мангистауский областной центр фтизиопульмонологии"" Управление Здравоохранения Мангистауской области",6156,764,3000,0,160,193,445720,30383061.54028045,2026-04-30 11:46:39
"Государственное коммунальное предприятие на праве хозяйственного ведения ""Медицинский центр психического здоровья"" акимата города Астаны",27152,3715,7050,0,209,50,1024522,1288797143.7687378,2026-04-30 11:46:39
"Государственное коммунальное предприятие на праве хозяйственного ведения ""Межрайонная противотуберкулезная больница ""Орал"" управления здравоохранения Западно-Казахстанской области",686,0,39,0,10,232,128595,364.3613404929638,2026-04-30 11:46:39
"Государственное коммунальное предприятие на праве хозяйственного ведения ""Меркенская многопрофильная центральная районная больница"" Управления здравоохранения акимата Жамбылской области",156862,34906,94440,33,3125,619,1079957,15404931903.315674,2026-04-30 11:46:39
"Государственное коммунальное предприятие на праве хозяйственного ведения ""Многопрофильная городская больница № 3"" акимата города Астана",210501,16945,206373,4116,11321,1275,1218786,35961334353.25244,2026-04-30 11:46:39
"Государственное коммунальное предприятие на праве хозяйственного ведения ""Многопрофильная городская больница №1"" акимата города Астаны",236763,2595,232572,4156,5727,3271,1599718,62309682454.47217,2026-04-30 11:46:39
"Государственное коммунальное предприятие на праве хозяйственного ведения ""Многопрофильная городская детская больница № 3"" акимата города Астаны",228194,215509,168883,559,8614,1070,1250722,30191158053.363117,2026-04-30 11:46:39
"Государственное коммунальное предприятие на праве хозяйственного ведения ""Многопрофильная городская детская больница №1"" акимата города Астана",192522,191805,133228,4,4430,315,1252362,27503852484.56372,2026-04-30 11:46:39
"Государственное коммунальное предприятие на праве хозяйственного ведения ""Многопрофильная городская детская больница №2"" акимата города Астана",274829,271370,179574,1471,6717,473,1851188,47179085100.08252,2026-04-30 11:46:39
"Государственное коммунальное предприятие на праве хозяйственного ведения ""Многопрофильная областная больница №2"" при управлении здравоохранения Акмолинской области",132903,11934,85903,1846,1825,1211,987256,25278958625.056767,2026-04-30 11:46:39
"Государственное коммунальное предприятие на праве хозяйственного ведения ""Многопрофильная областная детская больница"" при управлении здравоохранения Акмолинской области",99789,98355,99760,29,762,201,879565,13676548549.398682,2026-04-30 11:46:39
"Государственное коммунальное предприятие на праве хозяйственного ведения ""Многопрофильный медицинский центр"" акимата города Астана",189393,1067,161754,1341,4003,3049,1906445,88411933743.02826,2026-04-30 11:46:39
"Государственное коммунальное предприятие на праве хозяйственного ведения ""Мунайлинская районная больница"" Управления здравоохранения Мангистауской области",66228,12174,39286,9,137,1,438890,5146743075.66748,2026-04-30 11:46:39
"Государственное коммунальное предприятие на праве хозяйственного ведения ""Областная больница восстановительного лечения детей с поражением центральной нервной системы ""Болашак"" при управлении здравоохранения Акмолинской области",14544,14544,1413,0,1,0,178689,795218681.5636163,2026-04-30 11:46:39
"Государственное коммунальное предприятие на праве хозяйственного ведения ""Областная больница города Талдыкорган"" государственного учреждения ""Управления здравоохранения области Жетісу"" акимата области Жетісу",152167,4496,77821,7,2348,2746,1381816,31373314718.185852,2026-04-30 11:46:39
"Государственное коммунальное предприятие на праве хозяйственного ведения ""Областная детская больница"" управления здравоохранения Туркестанской области",255222,252704,159610,6,1454,2335,1976233,47572362240.19116,2026-04-30 11:46:39
"Государственное коммунальное предприятие на праве хозяйственного ведения ""Областная детская клиническая больница"" государственного учреждения ""Управление здравоохранения Алматинской области""",121278,120552,75386,3,2851,1098,1033939,18642816704.015137,2026-04-30 11:46:39
"Государственное коммунальное предприятие на праве хозяйственного ведения ""Областная детская многопрофильная больница"" Управления здравоохранения акимата Западно-Казахстанской области",148906,147314,93729,566,2140,559,1164375,19592315009.64563,2026-04-30 11:46:39
"Государственное коммунальное предприятие на праве хозяйственного ведения ""Областная инфекционная больница"" управления здравоохранения акимата Западно-Казахстанской области",120834,67315,92884,5,8591,1611,748629,17981877157.140648,2026-04-30 11:46:39
"Государственное коммунальное предприятие на праве хозяйственного ведения ""Областная клиническая больница"" управления здравоохранения Туркестанской области",491990,4534,310887,19251,2429,2734,4258153,116281156968.91565,2026-04-30 11:46:39
"Государственное коммунальное предприятие на праве хозяйственного ведения ""Областная клиническая больница"" управления здравоохранения акимата Западно-Казахстанской области",166299,12340,10986,13837,1993,2574,1452435,17075786791.692932,2026-04-30 11:46:39
"Государственное коммунальное предприятие на праве хозяйственного ведения ""Областная клиническая инфекционная больница"" Государственного учреждения Управления Здравоохранения Актюбинской области",122154,61350,93467,1,13456,2151,668965,14896595213.51815,2026-04-30 11:46:39
"Государственное коммунальное предприятие на праве хозяйственного ведения ""Областная многопрофильная клиника"" государственного учреждения ""Управление здравоохранения области Жетісу""",46953,25,35680,1,481,285,463943,21096600883.293457,2026-04-30 11:46:39
"Государственное коммунальное предприятие на праве хозяйственного ведения ""Областная офтальмологическая больница"" управления здравоохранения Туркестанской области",17953,0,17289,664,286,0,115818,4133884980.888672,2026-04-30 11:46:39
"Государственное коммунальное предприятие на праве хозяйственного ведения ""Областная офтальмологическая больница"" управления здравоохранения Южно-Казахстанской области",23921,2595,0,3745,251,0,174189,1886356118.7392578,2026-04-30 11:46:39
"Государственное коммунальное предприятие на праве хозяйственного ведения ""Областной дермато-венерологический диспансер"" управления здравоохранения Туркестанской области",91608,33294,58959,13,51,5,978504,6741263082.867432,2026-04-30 11:46:39
"Государственное коммунальное предприятие на праве хозяйственного ведения ""Областной детский реабилитационный центр ""Акбулак"" управления здравоохранения Туркестанской области",18997,18762,17548,0,12,0,545217,4534944076.005,2026-04-30 11:46:39
"Государственное коммунальное предприятие на праве хозяйственного ведения ""Областной детский реабилитационный центр ""Жансая"" управления здравоохранения Туркестанской области",20582,20445,19637,0,19,1,483817,4150506312.159668,2026-04-30 11:46:39
"Государственное коммунальное предприятие на праве хозяйственного ведения ""Областной детский реабилитационный центр Бурабай"" при управлении здравоохранения Акмолинской области",11531,10795,11531,0,5,0,207791,1744947697.0039062,2026-04-30 11:46:39
"Государственное коммунальное предприятие на праве хозяйственного ведения ""Областной детский реабилитационный центр"" управления здравоохранения Туркестанской области",28090,27858,16299,0,12,0,477302,3929831371.857422,2026-04-30 11:46:39
"Государственное коммунальное предприятие на праве хозяйственного ведения ""Областной детский санаторий ""Сарыагаш"" управления здравоохранения Туркестанской области",41551,41373,34605,0,42,0,579927,2810095575.211914,2026-04-30 11:46:39
"Государственное коммунальное предприятие на праве хозяйственного ведения ""Областной кардиологический центр"" Управления здравоохранения Западно-Казахстанской области",67094,31,36530,1079,1094,1476,692026,27945377010.997925,2026-04-30 11:46:39
"Государственное коммунальное предприятие на праве хозяйственного ведения ""Областной кардиологический центр"" государственного учреждения ""Управление здравоохранения области Жетісу""",47885,60,27705,16,777,810,390266,32295992104.49414,2026-04-30 11:46:39
"Государственное коммунальное предприятие на праве хозяйственного ведения ""Областной кожно-венерологический диспансер"" управления здравоохранения акимата Западно-Казахстанской области",20082,3883,12257,4,9,0,183529,1350225917.3847656,2026-04-30 11:46:39
"Государственное коммунальное предприятие на праве хозяйственного ведения ""Областной консультативно-диагностический центр"" Управления здравоохранения Акимата Западно-Казахстанской области",1611,39,165,0,0,0,10299,49385583.97607422,2026-04-30 11:46:39
"Государственное коммунальное предприятие на праве хозяйственного ведения ""Областной наркологический диспансер"" Мангистауской области",5263,3,886,86,30,10,195899,381283183.34472656,2026-04-30 11:46:39
"Государственное коммунальное предприятие на праве хозяйственного ведения ""Областной наркологический диспансер"" государственного учреждения ""Управление здравоохранения Алматинской области""",8754,0,1349,0,44,6,336759,675327231.890625,2026-04-30 11:46:39
"Государственное коммунальное предприятие на праве хозяйственного ведения ""Областной наркологический диспансер"" управления здравоохранения акимата Западно-Казахстанской области",8860,36,482,0,96,38,164497,472714858.67700195,2026-04-30 11:46:39
"Государственное коммунальное предприятие на праве хозяйственного ведения ""Областной онкологический диспансер"" управления здравоохранения акимата Западно-Казахстанской области",66832,23,49972,1,344,282,676452,29780564529.461914,2026-04-30 11:46:39
"Государственное коммунальное предприятие на праве хозяйственного ведения ""Областной онкологический центр"" Управления здравоохранения Мангистауской области",37234,24,29884,30,254,485,346030,17788763483.76953,2026-04-30 11:46:39
"Государственное коммунальное предприятие на праве хозяйственного ведения ""Областной перинатальный центр №1"" управления здравоохранения Туркестанской области",190342,35184,102478,559,1193,1551,1193928,33027712639.677734,2026-04-30 11:46:39
"Государственное коммунальное предприятие на праве хозяйственного ведения ""Областной перинатальный центр №2"" управления здравоохраненияТуркестанской области",130016,28233,72199,1508,5282,874,685094,25447802272.507324,2026-04-30 11:46:39
"Государственное коммунальное предприятие на праве хозяйственного ведения ""Областной перинатальный центр №3"" управления здравоохранения Туркестанской области",194849,29762,131574,5,3281,807,959612,33832094695.320557,2026-04-30 11:46:39
"Государственное коммунальное предприятие на праве хозяйственного ведения ""Областной перинатальный центр"" Управления здравоохранения Мангистауской области акимата Мангистауской области",231625,15644,143975,49,4018,982,1413124,30198962479.350098,2026-04-30 11:46:39
"Государственное коммунальное предприятие на праве хозяйственного ведения ""Областной перинатальный центр"" государственного учреждения ""Управление здравоохранения области Жетісу""",127585,9622,71366,58,755,594,772663,15727744831.67981,2026-04-30 11:46:39
"Государственное коммунальное предприятие на праве хозяйственного ведения ""Областной перинатальный центр"" управления здравоохранения акимата Западно-Казахстанской области",164263,13381,76356,13084,14806,619,785894,19206179536.047363,2026-04-30 11:46:39
"Государственное коммунальное предприятие на праве хозяйственного ведения ""Областной реабилитационный центр ""Балыкшы"" управления здравоохранения Туркестанской области""",22740,13,18602,0,76,7,515346,5077039794.642578,2026-04-30 11:46:39
"Государственное коммунальное предприятие на праве хозяйственного ведения ""Областной реабилитационный центр Көкше"" при управлении здравоохранения Акмолинской области",9660,739,9660,0,8,0,208107,2077440637.2583008,2026-04-30 11:46:39
"Государственное коммунальное предприятие на праве хозяйственного ведения ""Областной центр психического здоровья"" Управления здравоохранения Мангистауской области",18527,1782,12527,4,135,22,884162,7965605.545898562,2026-04-30 11:46:39
"Государственное коммунальное предприятие на праве хозяйственного ведения ""Областной центр психического здоровья"" при управлении здравоохранения Акмолинской области",21223,2223,21223,0,105,47,1428267,3.3147000074386597,2026-04-30 11:46:39
"Государственное коммунальное предприятие на праве хозяйственного ведения ""Областной центр психического здоровья"" управления здравоохранения Туркестанской области",63094,7747,42787,0,247,40,2746830,1440783835.9464433,2026-04-30 11:46:39
"Государственное коммунальное предприятие на праве хозяйственного ведения ""Областной центр психического здоровья"" управления здравоохранения акимата Западно-Казахстанской области",43578,4143,24810,0,156,68,1610810,1498452.5179018844,2026-04-30 11:46:39
"Государственное коммунальное предприятие на праве хозяйственного ведения ""Областной центр фтизиопульмонологии"" управления здравоохранения Туркестанской области",24727,719,16280,0,266,928,1702130,1844654454.261323,2026-04-30 11:46:39
"Государственное коммунальное предприятие на праве хозяйственного ведения ""Областной центр фтизиопульмонологии"" управления здравоохранения акимата Западно-Казахстанской области",10956,1303,4841,0,70,357,872102,327719977.6807599,2026-04-30 11:46:39
"Государственное коммунальное предприятие на праве хозяйственного ведения ""Областной эндокринологический диспансер"" управления здравоохранения Южно-Казахстанской области",27871,1424,0,2033,41,14,231431,2079870746.6591797,2026-04-30 11:46:39
"Государственное коммунальное предприятие на праве хозяйственного ведения ""Ордабасинская многопрофильная центральная районная больница"" управления здравоохранения Туркестанской области",230745,64190,155543,44,3375,950,1461795,24545392894.312378,2026-04-30 11:46:39
"Государственное коммунальное предприятие на праве хозяйственного ведения ""Отрарская центральная районная больница"" управления здравоохранения Туркестанской области",160125,43098,107260,52,1184,424,1082919,16113858949.536865,2026-04-30 11:46:39
"Государственное коммунальное предприятие на праве хозяйственного ведения ""Перинатальный центр №1"" акимата города Астаны",111370,6790,15051,3974,7376,503,648084,12269143807.126953,2026-04-30 11:46:39
"Государственное коммунальное предприятие на праве хозяйственного ведения ""Перинатальный центр №3"" акимата города Астаны",116313,4014,28870,1254,19745,125,474999,7880251641.460449,2026-04-30 11:46:39
"Государственное коммунальное предприятие на праве хозяйственного ведения ""Перинатальный центр"" при управлении здравоохранения Акмолинской области",65955,8750,4766,4,2034,193,346146,5448007948.336792,2026-04-30 11:46:39
"Государственное коммунальное предприятие на праве хозяйственного ведения ""Районная больница"" с.Боралдай Илийского района государственного учреждения ""Управления здравоохранения Алматинской области""",53390,10956,27993,7,266,228,375175,4777603440.104004,2026-04-30 11:46:39
"Государственное коммунальное предприятие на праве хозяйственного ведения ""Районная больница"" с.Кабанбай Алакольского района государственного учреждения Управление здравоохранения Алматинской области",20636,3419,3400,0,135,91,152312,1282391502.3854675,2026-04-30 11:46:39
"Государственное коммунальное предприятие на праве хозяйственного ведения ""Районная больница"" с.Каргалы Жамбылского района государственного учреждения ""Управление здравоохранения Алматинской области""",51371,736,32075,554,660,327,351318,6209586969.492432,2026-04-30 11:46:39
"Государственное коммунальное предприятие на праве хозяйственного ведения ""Районная поликлиника Сауран"" управления здравоохранения Туркестанской области",12135,464,12120,15,0,0,83587,909310104.9863281,2026-04-30 11:46:39
"Государственное коммунальное предприятие на праве хозяйственного ведения ""Реабилитационный центр №2"" управления здравоохранения города Шымкент",23895,23164,13155,0,36,1,421224,3480744805.074707,2026-04-30 11:46:39
"Государственное коммунальное предприятие на праве хозяйственного ведения ""Региональный наркологический диспансер"" государственного учреждения ""Управление здравоохранения Алматинской области""",6528,1,1764,0,35,10,181718,346604400.0,2026-04-30 11:46:39
"Государственное коммунальное предприятие на праве хозяйственного ведения ""Сайрамская районная больница ""Карабулак"" управления здравоохронения Туркестанской области",125379,42373,82554,15,1065,312,836073,12864808943.068848,2026-04-30 11:46:39
"Государственное коммунальное предприятие на праве хозяйственного ведения ""Санаторий ""Айша биби"" управления здравоохранения акимата Жамбылской области""",12797,25,11030,5,14,0,173643,2451007582.3237305,2026-04-30 11:46:39
"Государственное коммунальное предприятие на праве хозяйственного ведения ""Сандыктауская районная больница"" при управлении здравоохранения Акмолинской области",44869,10017,23757,8,978,285,348766,3854284754.1378174,2026-04-30 11:46:39
"Государственное коммунальное предприятие на праве хозяйственного ведения ""Сельская больница Кыземшек"" управления здравоохранения Южно-Казахстанской области",582,85,25,0,5,1,4196,38200011.29394531,2026-04-30 11:46:39
"Государственное коммунальное предприятие на праве хозяйственного ведения ""Сельская больница Таукент"" управления здравоохранения Южно-Казахстанской области",1189,350,88,0,8,2,9655,98491311.02539062,2026-04-30 11:46:39
"Государственное коммунальное предприятие на праве хозяйственного ведения ""Степногорская городская поликлиника"" при управлении здравоохранения Акмолинской области",7782,19,2537,0,2,0,76132,157401728.7373047,2026-04-30 11:46:39
"Государственное коммунальное предприятие на праве хозяйственного ведения ""Сузакская центральная районная больница"" управления здравоохранения Туркестанской области",138088,30200,87044,12,1201,483,1028667,15804308136.17163,2026-04-30 11:46:39
"Государственное коммунальное предприятие на праве хозяйственного ведения ""Сырымская районная больница"" управления здравоохранения акимата Западно-Казахстанской области",63768,12920,33729,0,305,66,474897,3949320349.1483154,2026-04-30 11:46:39
"Государственное коммунальное предприятие на праве хозяйственного ведения ""Талгарская центральная районная больница"" государственного учреждения ""Управление здравоохранения Алматинской области""",236800,38176,138011,47,3154,3014,1645022,27719846872.61859,2026-04-30 11:46:39
"Государственное коммунальное предприятие на праве хозяйственного ведения ""Талдыкорганская городская поликлиника №2"" государственного учреждения ""Управление здравоохранения области Жетісу""",25505,1325,24310,1,5,0,164369,1439435701.1367188,2026-04-30 11:46:39
"Государственное коммунальное предприятие на праве хозяйственного ведения ""Талдыкорганская городская поликлиника"" государственного учреждения ""Управление здравоохранения области Жетісу""",56850,9058,35778,13,24,0,384913,2658054969.494629,2026-04-30 11:46:39
"Государственное коммунальное предприятие на праве хозяйственного ведения ""Талдыкорганский кожно-венерологический диспансер"" государственного учреждения ""Управление здравоохранения области Жетісу""",20915,7517,11362,0,37,1,285081,1908537265.9899902,2026-04-30 11:46:39
"Государственное коммунальное предприятие на праве хозяйственного ведения ""Таскалинская районная больница"" Управления здравоохранения акимата Западно-Казахстанской области",64540,6708,37717,27,303,87,492432,4313836177.807617,2026-04-30 11:46:39
"Государственное коммунальное предприятие на праве хозяйственного ведения ""Толебийская районная больница"" управления здравоохранения Туркестанской области",149348,34724,93302,15,1784,444,1031921,14820438731.06372,2026-04-30 11:46:39
"Государственное коммунальное предприятие на праве хозяйственного ведения ""Тупкараганская центральная районная больница"" Управления здравоохранения Мангистауской области акимата Мангистауской области",48945,8762,25323,9,234,31,340012,3293433294.508301,2026-04-30 11:46:39
"Государственное коммунальное предприятие на праве хозяйственного ведения ""Туркестанская городская детская больница"" управления здравоохранения Туркестанской области",146610,145860,109595,1,843,489,1116235,18286373954.572998,2026-04-30 11:46:39
"Государственное коммунальное предприятие на праве хозяйственного ведения ""Туркестанская городская поликлиника"" управления здравоохранения Туркестанской области",54614,8645,24509,3,43,0,359370,1953267826.7097168,2026-04-30 11:46:39
"Государственное коммунальное предприятие на праве хозяйственного ведения ""Тюлькубасская центральная районная больница"" управления здравоохранения Туркестанской области""",271483,68854,169771,28,3827,1388,1849366,30171583504.022705,2026-04-30 11:46:39
"Государственное коммунальное предприятие на праве хозяйственного ведения ""Уйгурская центральная районная больница"" государственного учреждения ""Управление здравоохранения Алматинской области""",126895,37147,72746,19,1380,359,907934,11916288403.497803,2026-04-30 11:46:39
"Государственное коммунальное предприятие на праве хозяйственного ведения ""Целиноградская районная поликлиника"" при управлении здравоохранения Акмолинской области .",25350,627,22227,19,2,0,135797,1570031743.7753906,2026-04-30 11:46:39
"Государственное коммунальное предприятие на праве хозяйственного ведения ""Центр гипербарической оксигенаций имени Т.О.Орынбаева"" управления здравоохранения города Шымкент",58636,7389,41437,5,2397,741,468604,7853837336.2196045,2026-04-30 11:46:39
"Государственное коммунальное предприятие на праве хозяйственного ведения ""Центр дерматологии и профилактики болезней передающихся половым путем города Астаны"" акимата города Астаны",32425,6598,7428,1,1,0,312345,1078657284.034668,2026-04-30 11:46:39
"Государственное коммунальное предприятие на праве хозяйственного ведения ""Центр наркологии и психотерапии"" акимата города Астаны",32035,14,7232,5597,132,20,761284,1836708162.8347168,2026-04-30 11:46:39
"Государственное коммунальное предприятие на праве хозяйственного ведения ""Центр первичной медико-санитарной помощи ""Достық"" акимата города Астана",7742,6,7233,0,1,0,48292,427617278.66503906,2026-04-30 11:46:39
"Государственное коммунальное предприятие на праве хозяйственного ведения ""Центр первичной медико-санитарной помощи"" при управлении здравоохранения Акмолинской области",4855,217,4852,3,0,0,35325,299381326.17333984,2026-04-30 11:46:39
"Государственное коммунальное предприятие на праве хозяйственного ведения ""Центр психического здоровья"" управления здравоохранения города Шымкент",35142,2917,33019,352,370,53,1441693,482249457.9461508,2026-04-30 11:46:39
"Государственное коммунальное предприятие на праве хозяйственного ведения ""Центральная районная больница Жуалынского района"" Управления здравоохранения акимата Жамбылской области",97738,26982,56271,20,853,350,661224,9500750431.79187,2026-04-30 11:46:39
"Государственное коммунальное предприятие на праве хозяйственного ведения ""Чингирлауская районная больница"" управления здравоохранения акимата Западно-Казахстанской области",47254,6016,27082,2,402,48,361311,3148056619.584961,2026-04-30 11:46:39
"Государственное коммунальное предприятие на праве хозяйственного ведения ""Шортандинская районная больница"" при управлении здравоохранения Акмолинской области.",65108,10726,33699,37,519,132,445225,4817807079.583008,2026-04-30 11:46:39
"Государственное коммунальное предприятие на праве хозяйственного ведения ""Шуская городская поликлиника управления здравоохранения акимата Жамбылской области""",5594,1148,2331,0,0,0,37806,211901384.42333984,2026-04-30 11:46:39
"Государственное коммунальное предприятие на праве хозяйственного ведения ""Шуская многопрофильная центральная районная больница управления здравоохранения акимата Жамбылской области""",113617,23421,64116,17,2482,1270,817605,10984681575.306396,2026-04-30 11:46:39
"Государственное коммунальное предприятие на праве хозяйственного ведения ""Шымкентский центр амбулаторной хирургии, травматологии и гинекологии"" управления здравоохранения Южно-Казахстанской области",11389,4481,0,0,538,0,42521,377677731.73095703,2026-04-30 11:46:39
Государственное коммунальное предприятие на праве хозяйственного ведения «Аксуская центральная районная больница» государственного учреждения «Управление здравоохранения области Жетісу»,154055,38683,78930,5,671,356,1126245,11263267146.30542,2026-04-30 11:46:39
Государственное коммунальное предприятие на праве хозяйственного ведения «Алакольская центральная районная больница» государственного учреждения «Управление здравоохранения области Жетісу»,158493,34335,107981,8,1668,1110,1089685,17591214027.66504,2026-04-30 11:46:39
Государственное коммунальное предприятие на праве хозяйственного ведения «Городская больница №2» акимата города Астаны,134582,2465,18867,1,1754,1202,949404,21965650588.63318,2026-04-30 11:46:39
Государственное коммунальное предприятие на праве хозяйственного ведения «Городская инфекционная больница» акимата города Астаны,53533,4202,12817,196,1330,17,350949,1650897618.453125,2026-04-30 11:46:39
Государственное коммунальное предприятие на праве хозяйственного ведения «Городская поликлиника № 5 управления здравоохранения акимата Жамбылской области»,23412,577,13780,0,0,0,167908,1047720583.9013672,2026-04-30 11:46:39
Государственное коммунальное предприятие на праве хозяйственного ведения «Городской перинатальный центр» акимата города Астаны,42354,2806,42282,72,688,99,210082,8683333982.22168,2026-04-30 11:46:39
Государственное коммунальное предприятие на праве хозяйственного ведения «Ерейментауская районная больница» при управлении здравоохранения Акмолинской области,61440,12685,34678,23,758,148,461827,5736306512.450426,2026-04-30 11:46:39
Государственное коммунальное предприятие на праве хозяйственного ведения «Жамбылский областной реабилитационный центр» Управления здравоохранения акимата Жамбылской области,35621,14388,20533,0,115,1,604782,4306402955.206461,2026-04-30 11:46:39
Государственное коммунальное предприятие на праве хозяйственного ведения «Каратальская центральная районная больница» государственного учреждения «Управление здравоохранения области Жетісу»,148540,34812,77638,6,964,422,1180916,12687530165.112793,2026-04-30 11:46:39
Государственное коммунальное предприятие на праве хозяйственного ведения «Каратобинская районная больница» управления здравоохранения акимата Западно-Казахстанской области,55933,6762,30602,0,149,21,370870,3084200508.328369,2026-04-30 11:46:39
Государственное коммунальное предприятие на праве хозяйственного ведения «Мактааральская районная поликлиника «Жетысай» управления здравоохранения Южно-Казахстанской области,20127,2801,0,9,9,0,116324,362404612.5761719,2026-04-30 11:46:39
Государственное коммунальное предприятие на праве хозяйственного ведения «Многопрофильная областная больница» при управлении здравоохранения Акмолинской области,244628,13957,242546,2081,3060,2551,1985994,73888599392.86841,2026-04-30 11:46:39
Государственное коммунальное предприятие на праве хозяйственного ведения «Многопрофильная областная детская больница» государственного учреждения «Управление здравоохранения области Жетісу»,119314,96800,83967,4,3855,1033,939448,16994495495.542969,2026-04-30 11:46:39
"Государственное коммунальное предприятие на праве хозяйственного ведения «Областной центр психического здоровья» государственного учреждения ""Управление здравоохранения Алматинской области""",37439,3792,30506,701,155,37,1124746,580837230.6790766,2026-04-30 11:46:39
Государственное коммунальное предприятие на праве хозяйственного ведения «Областной центр психического здоровья» государственного учреждения «Управление здравоохранения области Жетісу»,8055,764,8055,0,54,7,186124,0.0,2026-04-30 11:46:39
Государственное коммунальное предприятие на праве хозяйственного ведения «Перинатальный центр № 2» акимата города Нур-Султан,99005,5890,27532,450,4830,264,483389,8328770852.134033,2026-04-30 11:46:39
Государственное коммунальное предприятие на праве хозяйственного ведения «Сайрамская многопрофильная центральная районная больница» управления здравоохранения Туркестанской области,300272,54385,189548,36,1965,1061,2090515,34147162108.98877,2026-04-30 11:46:39
Государственное коммунальное предприятие на праве хозяйственного ведения «Сарканская центральная районная больница» государственного учреждения «Управление здравоохранения области Жетісу» акимата области Жетісу,158887,52644,96293,2,1503,541,1109637,13891050138.001587,2026-04-30 11:46:39
Государственное коммунальное предприятие на праве хозяйственного ведения «Сарыагашская многопрофильная центральная районная больница» управления здравоохранения Туркестанской области,391291,119584,251608,68,6683,1601,2515517,42747754304.1733,2026-04-30 11:46:39
Государственное коммунальное предприятие на праве хозяйственного ведения «Талдыкорганская городская многопрофильная больница» государственного учреждения «Управление здравоохранения области Жетісу»,165404,6234,121860,118,2495,1933,1291891,26191398640.538147,2026-04-30 11:46:39
Государственное коммунальное предприятие на праве хозяйственного ведения «Текелийская городская больница» государственного учреждения «Управление здравоохранения области Жетісу»,91009,25480,48891,14,837,602,747488,8261305026.634033,2026-04-30 11:46:39
Государственное коммунальное предприятие на праве хозяйственного ведения «Теректинская районная больница» управления здравоохранения Западно-Казахстанской области,51917,3956,35937,4,175,31,358439,3777572062.9926147,2026-04-30 11:46:39
Государственное коммунальное предприятие на праве хозяйственного ведения «Туркестанская городская центральная больница» управления здравоохранения Туркестанской области,206643,40816,130602,1139,2806,966,1625736,26874710100.908203,2026-04-30 11:46:39
"Государственное коммунальное предприятие на праве хозяйственного ведения «Центр семейного здоровья ""Шипагер"" акиматагорода Астаны",551,0,210,0,0,0,3187,12408915.292480469,2026-04-30 11:46:39
Государственное коммунальное предприятие на праве хозяйственного ведения «Центр фтизиопульмонологии области Жетісу» государственного учреждения «Управление здравоохранения области Жетісу»,3164,133,3164,0,14,37,100250,548082493.4765625,2026-04-30 11:46:39
Государственное коммунальное предприятие на праве хозяйственного ведения «Центральная районная больница Байдибек» управления здравоохранения Туркестанской области,159092,34938,107522,126,1124,318,1273032,17292218674.915283,2026-04-30 11:46:39
"Государственное коммунальное предприятие на праве хозяйственного ведения""Бейнеуская районная поликлиника"" Управления здравоохранения Мангистауской области акимата Мангистауской области",16425,304,0,0,0,0,134728,281643729.23876953,2026-04-30 11:46:39
Государственное коммунальное предприятия на праве хозяйственного ведения «Ескельдинская центральная районная больница» государственного учреждения «Управление здравоохранения области Жетісу» акимата области Жетісу,121913,21018,66783,11,1418,752,847842,12551145335.038452,2026-04-30 11:46:39
"Государственное коммунальное предриятие на праве хозяйственного ведения ""Городская поликлиника №11"" управления здравоохранения города Шымкент",9590,22,5655,0,5,0,59682,359726011.10180664,2026-04-30 11:46:39
"Государственное коммунальное предриятие на праве хозяйственного ведения ""Городская поликлиника №13"" управления здравоохранения города Шымкент",14497,2268,7927,0,3,0,98788,533813035.48583984,2026-04-30 11:46:39
"Государственное коммунальное учреждения ""Кызылординский городской противотуберкулезный диспансер"" УЗ Кызылординской области",1841,2,0,0,10,50,213703,614.0991198504344,2026-04-30 11:46:39
"Государственное комунальное предприятие ""Актюбинский областной наркологический диспансер"" на праве хозяйственного ведения Государственного учреждения Управления здравоохранения Актюбинской области",8186,21,674,1,36,36,232695,578667616.2772217,2026-04-30 11:46:39
"Государственное учреждение ""Госпиталь с поликлиникой Департамента полиции Акмолинской области""",957,0,957,0,0,0,7236,110269313.84570312,2026-04-30 11:46:39
"Государственное учреждение ""Госпиталь с поликлиникой Департамента полиции Актюбинской области""",187,0,187,0,0,0,1094,18179578.9765625,2026-04-30 11:46:39
"Государственное учреждение ""Госпиталь с поликлиникой Департамента полиции Карагандинской области""",595,0,595,0,1,0,4739,48910911.82421875,2026-04-30 11:46:39
"Государственное учреждение ""Госпиталь с поликлиникой Департамента полиции Костанайской области""",482,0,482,0,1,0,2617,38443808.24609375,2026-04-30 11:46:39
"Государственное учреждение ""Госпиталь с поликлиникой Департамента полиции Павлодарской области""",1244,0,1244,0,0,0,8635,77492362.41796875,2026-04-30 11:46:39
"Государственное учреждение ""Госпиталь с поликлиникой Департамента полиции Северо-Казахстанской области""",554,0,554,0,0,0,4041,72362306.52734375,2026-04-30 11:46:39
"Государственное учреждение ""Госпиталь с поликлиникой Департамента полиции Туркестанской области""",1002,0,1002,0,2,0,9403,150279091.12109375,2026-04-30 11:46:39
"Государственное учреждение ""Госпиталь с поликлиникой департамента полиции Восточно-Казахстанской области""",795,0,795,0,0,0,6088,102047625.09375,2026-04-30 11:46:39
"Государственное учреждение ""Жамбылская туберкулезная больница""",575,2,0,0,0,2,68608,181.19703624024987,2026-04-30 11:46:39
"Государственное учреждение ""Жаркентская туберкулезная больница""",505,1,0,0,6,11,62360,156.73183635994792,2026-04-30 11:46:39
"Государственное учреждение ""Инфекционная больница города Темиртау""",9463,5915,0,0,309,6,81559,2059.152841281146,2026-04-30 11:46:39
"Государственное учреждение ""Межрайонная противотуберкулезная больница ""Бөрлі"" управления здравоохранения Западно-Казахстанской области",449,0,0,0,1,0,39190,150.59719622135162,2026-04-30 11:46:39
"Государственное учреждение ""Поликлиника Департамента полиции Мангистауской области""",125,0,125,0,0,0,922,9288991.03125,2026-04-30 11:46:39
"Государственное учреждение ""Региональный военный госпиталь c поликлиникой Комитета национальной безопасности Республики Казахстан в городе Актау (секретно)""",122,0,120,2,1,0,967,18480958.94921875,2026-04-30 11:46:39
"Государственное учреждение ""Региональный военный госпиталь с поликлиникой Комитета национальной безопасности Республики Казахстан в городе Алматы""",1879,0,1879,0,7,23,17518,512810044.67578125,2026-04-30 11:46:39
"Государственное учреждение ""Туберкулезная больница Акжаикского района"" управления здравоохранения Западно-Казахстанской области",566,0,0,0,0,0,49151,238.8925945162773,2026-04-30 11:46:39
"Государственное учреждение ""Туберкулезная больница Казталовского района"" управления здравоохранения Западно-Казахстанской области",247,0,0,0,0,0,26472,77.95259815454483,2026-04-30 11:46:39
"Государственное учреждение ""Туберкулезная больница Сырымского района"" управления здравоохранения Западно-Казахстанской области",220,0,0,0,0,0,21859,90.53480809740722,2026-04-30 11:46:39
"Государственное учреждение ""Туберкулезная больница Теректинского района"" управления здравоохранения Западно-Казахстанской области",217,0,0,0,1,2,21018,11.91519969701767,2026-04-30 11:46:39
"Государственное учреждение ""Туберкулезная больница с.Кабанбай"" Алакольского района",141,0,0,0,2,36,30908,38.10859867930412,2026-04-30 11:46:39
"Государственное учреждение ""Туберкулезная больница села Шелек"" Енбекшиказахского района",294,0,0,0,5,52,34264,98.2796967625618,2026-04-30 11:46:39
"Государственное учреждение ""Туберкулезная больница"" Жанибекского района управления здравоохранения Западно-Казахстанской области",119,0,0,0,3,0,15725,47.39859879016876,2026-04-30 11:46:39
"Государственное учреждение ""Центральный госпиталь с поликлиникой Министерства внутренних дел Республики Казахстан""",6095,0,6095,0,21,5,49182,1294316828.484375,2026-04-30 11:46:39
Государственное учреждение «Госпиталь с поликлиникой Департамента полиции Жамбылской области»,350,0,350,0,1,0,2518,62291346.7578125,2026-04-30 11:46:39
"Государственное учреждение Министерства внутренних дел Республики Казахстан ""Госпиталь с поликлиникой Департамента полиции Западно-Казахстанской области""",43,0,43,0,0,0,202,4944808.58203125,2026-04-30 11:46:39
"Государственное учреждение здравоохранения ""Илийская туберкулезная больница""",1010,0,0,0,2,19,77473,319.48673716187477,2026-04-30 11:46:39
"Государственное учреждение здравоохронения ""Саркандская туберкулезная больница""",363,2,0,0,0,17,31992,21.935099124908447,2026-04-30 11:46:39
"Государственное учреждения ""Бейнеуская районная туберкулезная больница"" УЗ Мангистауской области",361,4,0,0,2,10,27505,70.01279816031456,2026-04-30 11:46:39
"Государственные коммунальное предприятие на праве хозяйственного ведения ""Городской инфекционный центр"" акимата города Астаны",24514,10,24387,127,620,20,132236,4899364295.623047,2026-04-30 11:46:39
"Государственные предприятия на праве хозяйственного ведения ""Кызылординский городской перинатальный центр"" управления здравоохранения Кызылординской области",43925,2225,0,0,93,70,266532,3230360873.4399414,2026-04-30 11:46:39
"Государственое коммунальное предприятие на праве хозяйственного ведения ""Жанибекская районная больница"" управления здравохранения акимата Западно-Казахстанской области",56993,7639,31333,0,322,46,314646,3188859649.2612305,2026-04-30 11:46:39
Екибастузский филиал товарищества с ограниченной ответственностью “Медицинский центр “Евразия”,69,0,69,0,0,0,437,3051327.3203125,2026-04-30 11:46:39
"Жамбылский филиал Товарищество с ограниченной ответственностью ""Almaz Medical Group""",9256,638,9219,37,2,0,69900,794272155.4057617,2026-04-30 11:46:39
"Закрыто КГКП ""Медицинское объединение №2 Курчумского района"" УЗ ВКО акимата",5744,1650,0,0,14,0,40835,196008732.00268555,2026-04-30 11:46:39
"Закрыто КГКП ""Специализированное лечебно-профилактическое предприятие"" г. Усть-Каменогорск",757,0,0,0,2,1,90503,63843642.44213867,2026-04-30 11:46:39
Западно-Казахстанский филиал Институт общественного здравоохранения и профессионального здоровья Некоммерческое акционерное общество «Медицинский университет Караганды»,307,1,32,0,0,0,3068,23203822.140625,2026-04-30 11:46:39
"ИП ""МЕДЦЕНТР АСЫЛ АРМАН""",282,0,282,0,0,0,847,66217179.578125,2026-04-30 11:46:39
"Индивидуальный предприниматель """"Медицинский центр ""Ибн Сина"""" ",132,0,132,0,0,0,936,104874171.453125,2026-04-30 11:46:39
"Индивидуальный предприниматель ""AMIRHAN medical clinic""",1801,1793,1801,0,0,0,9457,253370703.00390625,2026-04-30 11:46:39
"Индивидуальный предприниматель ""Doctor Urikh""",661,1,661,0,1,0,2119,148187896.8828125,2026-04-30 11:46:39
"Индивидуальный предприниматель ""Абдукаюмов""",277,2,277,0,0,0,1818,4380394.8349609375,2026-04-30 11:46:39
"Индивидуальный предприниматель ""Арыстанова""",3524,39,3154,10,1,0,20279,186022383.9716797,2026-04-30 11:46:39
"Индивидуальный предприниматель ""Бердигалиева Г.""",4849,15,3363,351,3,1,33459,430092455.66748047,2026-04-30 11:46:39
"Индивидуальный предприниматель ""Джумагалиева К.У.""",2550,14,2549,1,0,0,17002,172387865.18115234,2026-04-30 11:46:39
"Индивидуальный предприниматель ""Дюсембаев""",438,3,438,0,0,0,2733,47293985.78125,2026-04-30 11:46:39
"Индивидуальный предприниматель ""Есенкосов Есболай Жиенкулович""",489,30,486,3,0,0,6276,23537510.013671875,2026-04-30 11:46:39
"Индивидуальный предприниматель ""Ескенеев""",70,68,70,0,0,0,206,3231101.046875,2026-04-30 11:46:39
"Индивидуальный предприниматель ""Ким В.А""",2246,146,2246,0,0,0,15399,217296677.80273438,2026-04-30 11:46:39
"Индивидуальный предприниматель ""Клиника Кардиомед""",2020,0,2020,0,2,0,10710,204618714.4296875,2026-04-30 11:46:39
"Индивидуальный предприниматель ""Медициналық орталық Кұрақты""",3796,24,3091,0,3,0,28556,245409489.52001953,2026-04-30 11:46:39
"Индивидуальный предприниматель ""Сейтказина Журсин""",131,0,131,0,1,0,683,8634377.88671875,2026-04-30 11:46:39
"Индивидуальный предприниматель ""Унайбаев Д.Д""",3876,3875,3876,0,0,0,23508,243710659.84472656,2026-04-30 11:46:39
"Индивидуальный предприниматель ""Утепова.А.Я.""",73,1,73,0,0,0,365,4259666.05078125,2026-04-30 11:46:39
Индивидуальный предприниматель ANASTASSIYA,2682,0,2681,1,0,0,15177,207426696.91308594,2026-04-30 11:46:39
Индивидуальный предприниматель IRIS,60,0,59,1,35,0,86,8029234.4765625,2026-04-30 11:46:39
Индивидуальный предприниматель ST Emergency clinik,35,0,35,0,0,0,935,16268664.578125,2026-04-30 11:46:39
Индивидуальный предприниматель Smagulov.kz,54,0,54,0,0,0,389,4982110.6484375,2026-04-30 11:46:39
Индивидуальный предприниматель «Центр Эндокринологии»,730,6,0,730,0,0,6813,0.0,2026-04-30 11:46:39
Индивидуальный предприниматель Бидайбаева Г.Б.,2933,0,2402,0,0,0,23572,163064170.66796875,2026-04-30 11:46:39
Индивидуальный предприниматель Доктор Рахат,255,0,255,0,0,0,1344,26358732.4140625,2026-04-30 11:46:39
"Индивидуальный предприниматель Дәрігер К.Муталиева ""CARDIO CLASS медициналық орталығы""",1997,0,1997,0,0,0,14147,166983159.90039062,2026-04-30 11:46:39
Индивидуальный предприниматель Капанов Бакытжан Маратович,366,0,365,1,2,0,1251,80261978.59375,2026-04-30 11:46:39
"Индивидуальный предриниматель""Медицинский центр Самрук""",179,2,0,0,0,0,4307,49537653.626953125,2026-04-30 11:46:39
"Индивиуальный предприниматель Крестьянского хозяйство ""БАЙБОЛАТ""",1316,66,1314,2,0,0,10308,69923286.13671875,2026-04-30 11:46:39
"КГКП ""Актогайская сельская больница Аягозского района"" УЗ ВКО акимата",1831,503,0,0,2,1,13345,59324776.58203125,2026-04-30 11:46:39
"КГКП ""Белоусовская сельская больница"" УЗ ВКО акимата Закрылась",2335,213,0,0,4,8,18515,116872982.22744751,2026-04-30 11:46:39
"КГКП ""Детская больница № 2 города Усть-Каменогорска"" УЗ ВКО акимата",2106,2106,0,0,29,0,17679,109656926.59472656,2026-04-30 11:46:39
"КГКП ""Детская больница №1"" УЗ ВКО Закрыта",2070,2070,0,0,47,1,14359,102666232.44018555,2026-04-30 11:46:39
"КГКП ""Жамбылский межрайонный противотуберкулезный диспансер"" акимата СКО МЗ РК",553,0,0,0,2,1,72916,100.60819625854492,2026-04-30 11:46:39
"КГКП ""Кабанбайская сельская больница Урджарского района"" УЗ ВКО акимата",2078,462,0,0,0,0,19011,70897826.92871094,2026-04-30 11:46:39
"КГКП ""Наркологический диспансер города Жезказган"" Управления здравоохранения Карагандинской области",968,0,0,0,0,2,21357,60577644.4296875,2026-04-30 11:46:39
"КГКП ""Наркологический диспансер города Темиртау""",1115,0,0,0,1,0,19671,62662577.7611084,2026-04-30 11:46:39
"КГКП ""Противотуберкулезная больница Жарминского района"" УЗ ВКО акимата",81,0,0,0,1,23,14222,0.0,2026-04-30 11:46:39
"КГКП ""Психоневрологический диспансер г.Жезказган"" УЗ Карагандинской области",1745,449,0,0,29,2,71586,0.0,2026-04-30 11:46:39
"КГКП ""Психоневрологический диспансер города Балхаш"" УЗ Карагандинской области",789,19,0,0,1,0,54962,0.0,2026-04-30 11:46:39
"КГП на ПХВ ""Врачебная амбулатория №9 г. Семей"" УЗ ВКО акимата",469,0,0,0,0,0,2355,6927921.82421875,2026-04-30 11:46:39
"КГП на ПХВ ""Городская больница №2 г. Усть-Каменогорск"" УЗ ВКО акимата",28874,437,0,83,981,1150,290640,2365249067.2541504,2026-04-30 11:46:39
"КГП на ПХВ ""Городская детская многопрофильная больница"" Закрыта",605,605,0,0,28,0,4131,26507002.55078125,2026-04-30 11:46:39
"КГП на ПХВ ""Городская женская консультация акимата СКО МЗ РК""",3023,31,0,0,0,0,18194,37985803.0234375,2026-04-30 11:46:39
"КГП на ПХВ ""Городская поликлиника г.Риддер"" УЗ ВКО акимата",1410,2,0,0,0,0,11105,22870851.577148438,2026-04-30 11:46:39
"КГП на ПХВ ""Наркологическая организация для принудительного лечения"" акимата СКО МЗ РК",656,0,0,0,0,0,159284,55481058.203125,2026-04-30 11:46:39
"КГП на ПХВ ""Родильный дом № 3"" города Семей УЗ ВКО",15688,78,0,6,83,0,78668,887249832.4482422,2026-04-30 11:46:39
"КГП на праве хозяйственного ведения ""Шиелийская многопрофильная центральная районная больница"" управления здравоохранения Кызылординской области""",209382,44769,145817,90,1680,703,1785005,23145186461.569336,2026-04-30 11:46:39
"КГУ ""Детский противотуберкулезный санаторий ""Денсаулык""",1042,1042,0,0,4,0,96053,0.0,2026-04-30 11:46:39
Карагандинский областной филиал Общественного Объединения Общества Красного Полумесяца Республики Казахстан,1751,1,142,4,78,714,100971,184868184.52392578,2026-04-30 11:46:39
"Карагандинский филиал товарищества с ограниченной ответственностью ""Olymp Medical Group""",566,0,565,1,0,0,3684,55327573.92578125,2026-04-30 11:46:39
Коммунального государственного казенного предприятие «Областной центр фтизиопульмонологии» управления здравоохранения области Ұлытау,390,3,390,0,0,9,28482,0.0,2026-04-30 11:46:39
"Коммунальное Государственное предприятие ""Узункольская районная больница"" Управления здравоохранения акимата Костанайской области",30609,4603,15795,1,507,222,217160,2701882614.06958,2026-04-30 11:46:39
"Коммунальное государственное казенное предприятие "" ""Областной центр психического здоровья"" управления здравоохранения области Ұлытау",2610,981,2610,0,0,1,80459,0.0,2026-04-30 11:46:39
"Коммунальное государственное казенное предприятие ""Аксуская противотуберкулезная больница"" управления здравоохранения Павлодарской области, акимата Павлодарской области",710,3,0,0,0,11,69881,396883807.0,2026-04-30 11:46:39
"Коммунальное государственное казенное предприятие ""Алматинский региональный противотуберкулезный диспансер"" Управление здравоохранения Алматинской области",5573,633,740,0,44,204,584447,610902194.6562458,2026-04-30 11:46:39
"Коммунальное государственное казенное предприятие ""Аркалыкский городской психоневрологический диспансер"" Управления здравоохранения акимата Костанайской области",4867,632,813,0,10,4,207092,162950383.8680812,2026-04-30 11:46:39
"Коммунальное государственное казенное предприятие ""Аркалыкский региональный противотуберкулезный диспансер"" Управления здравоохранения акимата Костанайской области",1202,4,60,0,4,23,121831,20624688.595018417,2026-04-30 11:46:39
"Коммунальное государственное казенное предприятие ""Атырауская городская детская поликлиника"" Управления здравоохранения Атырауской области",1191,1191,0,0,0,0,10313,12105206.419921875,2026-04-30 11:46:39
"Коммунальное государственное казенное предприятие ""Больница поселка Актау"" акимата Карагандинской области управления здравоохранения Карагандинской области",2647,234,0,0,1,2,21503,87745766.11523438,2026-04-30 11:46:39
"Коммунальное государственное казенное предприятие ""Больница поселка Жайрем"" управления здравоохранения области Ұлытау",15775,3348,13365,1,161,18,112151,1677401276.0893555,2026-04-30 11:46:39
"Коммунальное государственное казенное предприятие ""Больница поселка Саяк"" управления здравоохранения Карагандинской области",2600,819,926,0,2,0,26270,179240732.71289062,2026-04-30 11:46:39
"Коммунальное государственное казенное предприятие ""Восточно-Казахстанская областная психиатрическая больница села Ново-Канайка"" управления здравоохранения Восточно-Казахстанской области",1463,0,287,0,1,40,470972,217512332.62251565,2026-04-30 11:46:39
"Коммунальное государственное казенное предприятие ""Детский противотуберкулезный санаторий Павлодарской области"" управления здравоохранения Павлодарской области акимата Павлодарской области",2679,1636,2679,0,79,0,101871,619887291.3105469,2026-04-30 11:46:39
"Коммунальное государственное казенное предприятие ""Детский противотуберкулёзный лечебно-профилактический центр"" управления здравоохранения Восточно-Казахстанской области",1084,1034,725,0,220,0,64067,306812610.3671875,2026-04-30 11:46:39
"Коммунальное государственное казенное предприятие ""Детский санаторий ""Бобек"" управления здравоохранения Карагандинской области",1161,1161,0,0,4,0,28948,51777806.828125,2026-04-30 11:46:39
"Коммунальное государственное казенное предприятие ""Доссорская районная больница"" Управления здравоохранения Атырауской области",2351,718,0,0,13,3,19047,101068531.40429688,2026-04-30 11:46:39
"Коммунальное государственное казенное предприятие ""Жылыойский районный противотуберкулезный диспансер"" Управления здравохранения Атырауской области""",409,0,0,0,2,6,32355,92.76574712991714,2026-04-30 11:46:39
"Коммунальное государственное казенное предприятие ""Каскеленская городская инфекционная больница"" государственного учреждения Управление здравоохранения Алматинской области",43405,27452,7041,1,2538,51,278725,410136889.32008386,2026-04-30 11:46:39
"Коммунальное государственное казенное предприятие ""Кожно-венерологический диспансер города Темиртау"" акимата Карагандинской области управления здравоохранения Карагандинской области",950,153,0,0,1,0,15996,58742462.880859375,2026-04-30 11:46:39
"Коммунальное государственное казенное предприятие ""Костанайская областная психиатрическая больница"" Управления здравоохранения акимата Костанайской области",25885,3938,3852,0,249,54,1135792,7990.591904304922,2026-04-30 11:46:39
"Коммунальное государственное казенное предприятие ""Курмангазинская районная туберкулезная больница имени Магзома Гилаева"" Управления здравоохранения Атырауской области",523,1,0,0,0,5,64708,353.2193893492222,2026-04-30 11:46:39
"Коммунальное государственное казенное предприятие ""Кызылкогинский районный противотуберкулезный диспансер"" Управления здравоохранения Атырауской области""",291,0,0,0,0,6,21115,22.984126217663288,2026-04-30 11:46:39
"Коммунальное государственное казенное предприятие ""Кызылординский областной наркологический центр"" управления здравоохранения Кызылординской области",13927,2,2866,0,26,11,601616,6807.896378077567,2026-04-30 11:46:39
"Коммунальное государственное казенное предприятие ""Макатская противотуберкулезная больница"" Управления здравоохранения Атырауской области""",166,0,0,0,3,43,29510,77.58339777588844,2026-04-30 11:46:39
"Коммунальное государственное казенное предприятие ""Махамбетская межрайонная туберкулезная больница"" Управления здравоохранения Атырауской области",1214,0,0,0,5,4,135112,429.89758986234665,2026-04-30 11:46:39
"Коммунальное государственное казенное предприятие ""Межрайонный противотуберкулезный диспансер Тарбагатайского района"" управления здравоохранения Восточно-Казахстанской области",949,0,0,0,2,4,103903,382.03063717484474,2026-04-30 11:46:39
"Коммунальное государственное казенное предприятие ""Межрайонный противотуберкулезный диспансер района Магжана Жумабаева"" акимата Северо-Казахстанской области Управления здравоохранения Северо-Казахстанской области",548,0,0,0,4,2,69077,170.89287798665464,2026-04-30 11:46:39
"Коммунальное государственное казенное предприятие ""Межрайонный противотуберкулезный диспансер района имени Г. Мусрепова"" акимата Северо-Казахстанской области Управления здравоохранения Северо-Казахстанской области",1129,0,0,0,11,17,119956,339.5124228904024,2026-04-30 11:46:39
"Коммунальное государственное казенное предприятие ""Наркологическая организация для принудительного лечения города Жезказган"" управления здравоохранения Карагандинской области",318,0,0,0,0,0,64808,26001204.29296875,2026-04-30 11:46:39
"Коммунальное государственное казенное предприятие ""Наркологический диспансер города Семей"" управления здравоохранения Восточно-Казахстанской области",13240,0,1989,793,32,9,464776,1037895345.2919922,2026-04-30 11:46:39
"Коммунальное государственное казенное предприятие ""Областная наркологическая организация для принудительного лечения"" управления здравоохранения Карагандинской области",2274,0,248,0,1,5,474763,240507786.7458496,2026-04-30 11:46:39
"Коммунальное государственное казенное предприятие ""Областной детский психоневрологический диспансер"" управления здравоохранения Карагандинской области",13079,12784,1524,0,74,1,428283,277940101.06271756,2026-04-30 11:46:39
"Коммунальное государственное казенное предприятие ""Областной детский реабилитационный центр ""Аяла"" управления здравоохранения акимата Жамбылской области""",9999,8884,9999,0,12,3,225316,1906019161.0214844,2026-04-30 11:46:39
"Коммунальное государственное казенное предприятие ""Областной детский санаторий"" управления здравоохранения Карагандинской области",20086,20085,14695,0,18,0,504812,2215979048.614746,2026-04-30 11:46:39
"Коммунальное государственное казенное предприятие ""Областной наркологический диспансер"" управления здравоохранения Восточно-Казахстанской области",16948,7,1949,4412,809,24,502860,1285163132.0892334,2026-04-30 11:46:39
"Коммунальное государственное казенное предприятие ""Павлодарская областная инфекционная больница"" управления здравоохранения Павлодарской области, акимата Павлодарской области",45789,38356,0,51,1283,55,342661,19788.888098470867,2026-04-30 11:46:39
"Коммунальное государственное казенное предприятие ""Поликлиника поселка Шахан"" управления здравоохранения Карагандинской области",1439,6,0,0,1,0,11193,19229143.40625,2026-04-30 11:46:39
"Коммунальное государственное казенное предприятие ""Поликлиника № 3 города Темиртау"" акимата Карагандинской области управления здравоохранения Карагандинской области",554,0,0,0,0,0,3788,9085021.329101562,2026-04-30 11:46:39
"Коммунальное государственное казенное предприятие ""Противотуберкулезный диспансер Аягозского района"" управления здравоохранения Восточно-Казахстанского областного акимата",278,0,0,0,2,13,25334,43.281398206949234,2026-04-30 11:46:39
"Коммунальное государственное казенное предприятие ""Противотуберкулезный диспансер Зыряновского района"" управления здравоохранения Восточно-Казахстанской области",548,0,0,0,7,35,50875,102.9959166366607,2026-04-30 11:46:39
"Коммунальное государственное казенное предприятие ""Противотуберкулезный диспансер города Балхаш"" управления здравоохранения Карагандинской области",590,1,0,0,4,14,64935,74.14056806452572,2026-04-30 11:46:39
"Коммунальное государственное казенное предприятие ""Противотуберкулезный диспансер города Жезказган"" управления здравоохранения Карагандинской области",1205,54,0,0,18,42,142990,200.98389440774918,2026-04-30 11:46:39
"Коммунальное государственное казенное предприятие ""Противотуберкулезный диспансер города Темиртау"" управления здравоохранения Карагандинской области",2191,2,0,0,30,130,152798,411.9237901866436,2026-04-30 11:46:39
"Коммунальное государственное казенное предприятие ""Психиатрическая больница поселка Шульбинск"" управления здравоохранения Восточно-Казахстанской области",5878,14,1126,0,4,43,802754,358891418.5493043,2026-04-30 11:46:39
"Коммунальное государственное казенное предприятие ""Психиатрический диспансер Зыряновского района"" управления здравоохранения Восточно-Казахстанской области",3352,148,400,0,15,7,147771,179495568.9084611,2026-04-30 11:46:39
"Коммунальное государственное казенное предприятие ""Психиатрический диспансер города Риддер"" управления здравоохранения Восточно-Казахстанской области",5494,205,825,0,21,13,166223,166566484.474616,2026-04-30 11:46:39
"Коммунальное государственное казенное предприятие ""Психиатрический диспансер города Семей"" управления здравоохранения Восточно-Казахстанской области",14156,2088,1976,0,66,11,697056,352052743.852491,2026-04-30 11:46:39
"Коммунальное государственное казенное предприятие ""Психиатрический диспансер города Темиртау"" акимата Карагандинской области управления здравоохранения Карагандинской области",823,2,0,0,1,1,32026,0.0,2026-04-30 11:46:39
"Коммунальное государственное казенное предприятие ""Региональная инфекционная больница г. Талдыкорган"" государственного учреждения ""Управление здравоохранения Алматинской области""",31752,21959,8715,1,440,4,195129,631616418.2477934,2026-04-30 11:46:39
"Коммунальное государственное казенное предприятие ""Рудненская городская психиатрическая больница"" Управления здравоохранения акимата Костанайской области",8684,116,1442,0,64,47,365818,362213587.1879855,2026-04-30 11:46:39
"Коммунальное государственное казенное предприятие ""Рудненский детский реабилитационный центр"" Управления здравоохранения акимата Костанайской области",1581,1581,1581,0,6,0,61019,363924852.33203125,2026-04-30 11:46:39
"Коммунальное государственное казенное предприятие ""Хоспис города Семей"" Управления здравоохранения области Абай",2749,0,2530,0,47,299,63867,540267688.0844727,2026-04-30 11:46:39
"Коммунальное государственное казенное предприятие ""Экибастузкий психоневрологический диспансер"" управления здравоохранения Павлодарской области, акимата Павлодарской области",578,16,0,0,3,1,20023,53175298.0,2026-04-30 11:46:39
Коммунальное государственное казенное предприятие «Жамбылский областной противотуберкулезный диспансер» Управления здравоохранения акимата Жамбылской области,7708,43,1614,0,59,380,821478,3274.3970008110628,2026-04-30 11:46:39
Коммунальное государственное казенное предприятие «Казалинский районный противотуберкулезный диспансер» Кызылординского областного управления здравоохранения,959,2,41,0,6,26,70062,110333021.29439218,2026-04-30 11:46:39
"Коммунальное государственное казенное предприятие «Павлодарский областной центр фтизиопульмонологии» управления здравоохранения Павлодарской области, акимата Павлодарской области",16505,521,6828,0,103,786,1614743,7860455592.860397,2026-04-30 11:46:39
"Коммунальное государственное казенное предприятие""Кармакшинский районный противотуберкулезный диспансер""",520,3,34,0,1,31,33907,35287725.37982207,2026-04-30 11:46:39
"Коммунальное государственное предприятие ""Алтынсаринская районная больница"" Управления здравоохранения акимата Костанайской области",20825,1680,11442,1,386,85,167493,1790613439.196289,2026-04-30 11:46:39
"Коммунальное государственное предприятие ""Аркалыкская региональная больница"" Управления здравоохранения акимата Костанайской области",99359,26235,63666,0,1390,883,759070,10421468119.79364,2026-04-30 11:46:39
"Коммунальное государственное предприятие ""Аркалыкская региональная поликлиника"" Управления здравоохранения акимата Костанайской области",24143,3085,9309,1,4,0,158878,566536034.8549805,2026-04-30 11:46:39
"Коммунальное государственное предприятие ""Аркалыкский родильный дом"" Управления здравоохранения акимата Костанайской области",18166,2410,1966,0,140,42,130236,1304048223.9555664,2026-04-30 11:46:39
"Коммунальное государственное предприятие ""Атырауская городская поликлиника №1"" Управления здравоохранения Атырауской области",42288,1650,28380,3,14,0,285513,1549808276.0783691,2026-04-30 11:46:39
"Коммунальное государственное предприятие ""Атырауская городская поликлиника №2"" Управления здравоохранения Атырауской области",29142,389,12980,0,5,0,200989,928531993.505127,2026-04-30 11:46:39
"Коммунальное государственное предприятие ""Аулиекольская районная больница"" Управления здравоохранения акимата Костанайской области",89428,16393,47891,3,1966,924,685328,9584419386.60559,2026-04-30 11:46:39
"Коммунальное государственное предприятие ""Больница паллиативной помощи Алматинской области"" государственного учреждения ""Управление здравоохранения Алматинской области""",3435,0,2789,0,9,28,149721,1257406419.081705,2026-04-30 11:46:39
"Коммунальное государственное предприятие ""Городская больница № 2 г.Караганды"" управления здравоохранения Карагандинской области",4141,708,0,0,37,17,45372,239333594.80322266,2026-04-30 11:46:39
"Коммунальное государственное предприятие ""Городской центр репродукции человека"" на праве хозяйственного ведения Управления общественного здравоохранения города Алматы",34151,1440,16693,4727,16570,1,101485,2606962874.0803223,2026-04-30 11:46:39
"Коммунальное государственное предприятие ""Денисовская районная больница"" Управления здравоохранения акимата Костанайской области",46666,4618,25072,0,397,298,335628,3757113661.4057617,2026-04-30 11:46:39
"Коммунальное государственное предприятие ""Детская больница города Балхаш"" управления здравоохранения Карагандинской области",1252,1169,0,0,3,3,11171,76123109.73144531,2026-04-30 11:46:39
"Коммунальное государственное предприятие ""Детская больница города Жезказган"" управления здравоохранения Карагандинской области",10858,10118,0,0,15,29,93055,551371522.8945312,2026-04-30 11:46:39
"Коммунальное государственное предприятие ""Детская больница города Темиртау"" управления здравоохранения Карагандинской области",23138,22843,2780,7,89,42,227719,1502875239.1757812,2026-04-30 11:46:39
"Коммунальное государственное предприятие ""Джангельдинская районная больница"" Управления здравоохранения акимата Костанайской области",28501,6790,15247,0,262,60,179180,2053767555.277832,2026-04-30 11:46:39
"Коммунальное государственное предприятие ""Житикаринская районная больница"" Управления здравоохранения акимата Костанайской области",66194,10673,35200,12,1780,1065,545521,7402616185.655762,2026-04-30 11:46:39
"Коммунальное государственное предприятие ""Камыстинская районная больница"" Управления здравоохранения акимата Костанайской области",26375,3957,13758,1,437,202,183368,2275725833.6330566,2026-04-30 11:46:39
"Коммунальное государственное предприятие ""Карабалыкская районная больница"" Управления здравоохранения акимата Костанайской области",56034,9765,33470,29,731,265,399271,5127954689.143311,2026-04-30 11:46:39
"Коммунальное государственное предприятие ""Карасуская районная больница"" Управления здравоохранения акимата Костанайской области",20298,2679,10308,3,253,59,134585,1816111543.0220947,2026-04-30 11:46:39
"Коммунальное государственное предприятие ""Качарская городская больница"" Управления здравоохранения акимата Костанайской области",15621,1105,8013,10,88,10,125644,1149925468.099121,2026-04-30 11:46:39
"Коммунальное государственное предприятие ""Костанайская городская больница"" Управления здравоохранения акимата Костанайской области",154303,1478,85881,105,4510,5283,1368362,24411759296.56543,2026-04-30 11:46:39
"Коммунальное государственное предприятие ""Костанайская городская детская больница"" Управления здравоохранения акимата Костанайской области",40298,40251,7247,4,649,61,372054,2682180926.01416,2026-04-30 11:46:39
"Коммунальное государственное предприятие ""Костанайская областная больница"" Управления здравоохранения акимата Костанайской области",256450,12984,179402,861,5409,7145,2137184,64608350185.67584,2026-04-30 11:46:39
"Коммунальное государственное предприятие ""Костанайская областная детская больница"" Управления здравоохранения акимата Костанайской области",133945,132213,93849,9,3565,838,1200771,17696578059.060547,2026-04-30 11:46:39
"Коммунальное государственное предприятие ""Костанайская районная больница"" Управления здравоохранения акимата Костанайской области",79212,5250,46533,3,672,215,534289,6113894496.700684,2026-04-30 11:46:39
"Коммунальное государственное предприятие ""Костанайский областной центр психического здоровья"" Управления здравоохранения акимата Костанайской области",39629,3313,29808,1026,339,75,1951632,760589155.8704834,2026-04-30 11:46:39
"Коммунальное государственное предприятие ""Костанайский областной центр фтизиопульмонологии"" Управления здравоохранения акимата Костанайской области",15572,514,10296,0,351,725,1104947,2449720475.448092,2026-04-30 11:46:39
"Коммунальное государственное предприятие ""Костанайский перинатальный центр"" Управления здравоохранения акимата Костанайской области",99923,9947,15446,52,6694,143,538672,6419111165.612305,2026-04-30 11:46:39
"Коммунальное государственное предприятие ""Кушмурунская сельская больница"" Управления здравоохранения акимата Костанайской области",11446,1106,6083,2,60,3,82447,1042729002.465332,2026-04-30 11:46:39
"Коммунальное государственное предприятие ""Лисаковская городская больница"" Управления здравоохранения акимата Костанайской области",86638,14769,54268,129,1800,1510,616126,7859360695.321045,2026-04-30 11:46:39
"Коммунальное государственное предприятие ""Лисаковская городская поликлиника"" Управления здравоохранения акимата Костанайской области",7341,1279,0,0,0,0,46539,101947270.90478516,2026-04-30 11:46:39
"Коммунальное государственное предприятие ""Мендыкаринская районная больница"" Управления здравоохранения акимата Костанайской области",44738,13092,21894,6,406,212,298064,3690163141.456299,2026-04-30 11:46:39
"Коммунальное государственное предприятие ""Многопрофильная больница № 1 города Караганды"" управления здравоохранения Карагандинской области",173748,15314,100155,39,2652,3877,1529096,21850594290.995728,2026-04-30 11:46:39
"Коммунальное государственное предприятие ""Многопрофильная больница № 2 города Караганды"" управления здравоохранения Карагандинской области""",78958,2669,47299,22,1149,2215,711511,51388689634.9541,2026-04-30 11:46:39
"Коммунальное государственное предприятие ""Многопрофильный центр матери и ребенка города Темиртау"" управления здравоохранения Карагандинской области",117596,28194,76391,241,2971,77,716188,10913992837.42334,2026-04-30 11:46:39
"Коммунальное государственное предприятие ""Наркологический диспансер города Балхаш"" управления здравоохранения Карагандинской области",339,0,0,0,1,0,6602,21648880.63671875,2026-04-30 11:46:39
"Коммунальное государственное предприятие ""Наурзумская районная больница"" Управления здравоохранения акимата Костанайской области",24479,2979,14342,8,92,11,174581,1747756368.116211,2026-04-30 11:46:39
"Коммунальное государственное предприятие ""Областная клиническая больница"" Управления здравоохранения Карагандинской области",443618,47310,336341,2202,8039,4969,3448744,69052781064.19217,2026-04-30 11:46:39
"Коммунальное государственное предприятие ""Областной кожно-венерологический диспансер"" управления здравоохранения Карагандинской области",22869,3412,5787,3,17,0,259148,1021393551.1044922,2026-04-30 11:46:39
"Коммунальное государственное предприятие ""Областной медицинский центр"" управления здравоохранения Карагандинской области",104341,2858,12318,2236,1872,2695,1045017,11038925576.857788,2026-04-30 11:46:39
"Коммунальное государственное предприятие ""Областной наркологический диспансер"" управления здравоохранения Карагандинской области",31869,19,7735,1600,82,3,707598,1573251232.0656738,2026-04-30 11:46:39
"Коммунальное государственное предприятие ""Областной перинатальный центр"" управления здравоохранения Карагандинской области",72623,10704,16839,6,599,356,544634,6079204615.106445,2026-04-30 11:46:39
"Коммунальное государственное предприятие ""Областной центр медицинской помощи ветеранам войны"" управления здравоохранения Карагандинской области",18044,0,2061,0,46,13,190430,1560346161.3464355,2026-04-30 11:46:39
"Коммунальное государственное предприятие ""Октябрьская сельская больница"" Управления здравоохранения акимата Костанайской области",18504,4008,8523,0,126,25,135071,1527021211.3134766,2026-04-30 11:46:39
"Коммунальное государственное предприятие ""Перинатальный центр города Жезказган"" управления здравоохранения Карагандинской области",38305,3218,5482,37,123,84,234960,2698205949.7373047,2026-04-30 11:46:39
"Коммунальное государственное предприятие ""Перинатальный центр города Караганды"" управления здравоохранения Карагандинской области",56135,3160,16992,15,645,82,321005,4017160399.5336914,2026-04-30 11:46:39
"Коммунальное государственное предприятие ""Поликлиника города Сарани"" управления здравоохранения Карагандинской области",8434,1090,0,0,0,0,52508,113473840.01831055,2026-04-30 11:46:39
"Коммунальное государственное предприятие ""Поликлиника города Шахтинск"" акимата Карагандинской области управления здравоохранения Карагандинской области",21978,13,9324,0,2,0,167781,555447324.5512695,2026-04-30 11:46:39
"Коммунальное государственное предприятие ""Поликлиника № 1 города Костанай"" Управления здравоохранения акимата Костанайской области",68168,1292,35436,0,10,0,375593,2395616564.7336426,2026-04-30 11:46:39
"Коммунальное государственное предприятие ""Поликлиника № 2 города Костанай"" Управления здравоохранения акимата Костанайской области",60395,2907,34345,5,10,1,338957,2241689985.187744,2026-04-30 11:46:39
"Коммунальное государственное предприятие ""Поликлиника № 3 города Костанай"" Управления здравоохранения акимата Костанайской области",74725,7902,43914,8,12,0,479566,2464859864.911865,2026-04-30 11:46:39
"Коммунальное государственное предприятие ""Поликлиника № 4 города Караганды"" управления здравоохранения Карагандинской области",70180,2672,41293,5,3,0,519378,2555080028.8710938,2026-04-30 11:46:39
"Коммунальное государственное предприятие ""Поликлиника № 4 города Костанай"" Управления здравоохранения акимата Костанайской области",55081,559,25969,0,3,0,333905,1807338919.8164062,2026-04-30 11:46:39
"Коммунальное государственное предприятие ""Поликлиника №1 города Балхаш"" управления здравоохранения Карагандинской области",15519,128,7864,0,2,0,121813,504081784.7783203,2026-04-30 11:46:39
"Коммунальное государственное предприятие ""Поликлиника №1 города Караганды"" управления здравоохранения Карагандинской области",54589,1429,27748,3,2,0,393604,1972361889.3916016,2026-04-30 11:46:39
"Коммунальное государственное предприятие ""Поликлиника №1 города Темиртау"" управления здравоохранения Карагандинской области",30096,556,19699,0,33,0,212693,1597899375.854004,2026-04-30 11:46:39
"Коммунальное государственное предприятие ""Поликлиника №2 города Балхаш"" управления здравоохранения Карагандинской области",8551,355,4491,0,22,0,64706,303248126.3652344,2026-04-30 11:46:39
"Коммунальное государственное предприятие ""Поликлиника №2 города Караганды"" управления здравоохранения Карагандинской области",20132,4197,7733,2,6,3,134829,823656115.1960449,2026-04-30 11:46:39
"Коммунальное государственное предприятие ""Поликлиника №2 города Темиртау"" управления здравоохранения Карагандинской области",7142,1,0,0,0,0,43305,129578643.94946289,2026-04-30 11:46:39
"Коммунальное государственное предприятие ""Поликлиника №3 города Балхаш"" управления здравоохранения Карагандинской области",3399,25,0,0,0,0,26773,55535357.51220703,2026-04-30 11:46:39
"Коммунальное государственное предприятие ""Поликлиника №3 города Караганды"" управления здравоохранения Карагандинской области",92595,4085,55110,0,2,0,597153,3895331019.0910645,2026-04-30 11:46:39
"Коммунальное государственное предприятие ""Поликлиника №5 города Караганды"" управления здравоохранения Карагандинской области",39242,572,24598,1,5,1,279359,1800056015.0847168,2026-04-30 11:46:39
"Коммунальное государственное предприятие ""Районная больница района Беимбета Майлина"" Управления здравоохранения акимата Костанайской области",48158,6425,25482,2,598,236,356225,3711755712.7282715,2026-04-30 11:46:39
"Коммунальное государственное предприятие ""Рудненская городская детская больница"" Управления здравоохранения акимата Костанайской области",38638,35621,4634,5,126,37,320335,2319902908.2731934,2026-04-30 11:46:39
"Коммунальное государственное предприятие ""Рудненская городская многопрофильная больница"" Управления здравоохранения акимата Костанайской области",189323,31342,133627,2703,2839,6140,1687763,36537207255.27557,2026-04-30 11:46:39
"Коммунальное государственное предприятие ""Рудненская городская поликлиника"" Управления здравоохранения акимата Костанайской области",46768,168,23291,3,6,0,293694,1577505810.550537,2026-04-30 11:46:39
"Коммунальное государственное предприятие ""Рудненский перинатальный центр"" Управления здравоохранения акимата Костанайской области",44355,2631,4767,24,219,68,278730,2644018105.9624023,2026-04-30 11:46:39
"Коммунальное государственное предприятие ""Сарыкольская районная больница"" Управления здравоохранения акимата Костанайской области",42334,6275,23381,3,561,270,337992,4001215253.7612305,2026-04-30 11:46:39
"Коммунальное государственное предприятие ""Федоровская районная больница"" Управления здравоохранения акимата Костанайской области.",61650,9051,38633,101,530,366,441216,5877435786.723145,2026-04-30 11:46:39
Коммунальное государственное предприятие «Амангельдинская районная больница» Управления здравоохранения акимата Костанайской области,33149,7884,18573,0,268,100,251919,2659733261.4853516,2026-04-30 11:46:39
Коммунальное государственное предприятие «Костанайский областной центр реабилитации имени М.Карабаева» Управления здравоохранения акимата Костанайской области.,11179,1,11179,0,9,1,195634,2345839724.508789,2026-04-30 11:46:39
Коммунальное государственное предприятие «Поликлиника № 4 города Темиртау» управления здравоохранения Карагандинской области,28629,168,15639,0,4,2,216264,1247434434.421875,2026-04-30 11:46:39
Коммунальное государственное предприятие «Поликлиника №2 города Темиртау» управления здравоохранения Карагандинской области,6533,2,6532,1,0,0,40221,570017592.03125,2026-04-30 11:46:39
"Коммунальное государственное предприятие на права хозяйственного ведения ""Больница города Сатпаев"" Управления здравоохранения области Ұлытау",72002,18066,43542,11,1386,1116,556822,6867212514.854248,2026-04-30 11:46:39
"Коммунальное государственное предприятие на праве хозяйственного введения ""Жамбылский областной центр фтизиопульмонологии управления здравоохранения акимата Жамбылской области""",7217,15,7217,0,227,519,288753,1825350902.8007812,2026-04-30 11:46:39
Коммунальное государственное предприятие на праве хозяйственного введения «Жамбылский областной специализированный реабилитационный центр управления здравоохранения акимата Жамбылской области»,9788,1306,9780,7,288,12,110272,1685935801.6679688,2026-04-30 11:46:39
"Коммунальное государственное предприятие на праве хозяйственного ведения  ""Центр первичной медико-санитарной помощи №12 города Семей"" управления здравоохранения области Абай",324,0,324,0,0,0,1629,28325247.078125,2026-04-30 11:46:39
"Коммунальное государственное предприятие на праве хозяйственного ведения "" Больница города  Приозерск"" управления здравоохранения Карагандинской области",19281,2011,10287,20,286,129,174406,1734450741.666504,2026-04-30 11:46:39
"Коммунальное государственное предприятие на праве хозяйственного ведения ""Абайская районная больница"" управления здравоохранения области Абай",34066,4141,22248,38,253,33,226954,2585535081.0112305,2026-04-30 11:46:39
"Коммунальное государственное предприятие на праве хозяйственного ведения ""Айыртауская районная больница"" коммунального государственного учреждения ""Управление здравоохранения акимата Северо-Казахстанской области""",65835,11152,36079,26,1859,605,438535,6201032181.088135,2026-04-30 11:46:39
"Коммунальное государственное предприятие на праве хозяйственного ведения ""Акжарская районная больница"" коммунального государственного учреждения ""Управление здравоохранения акимата Северо-Казахстанской области""",54829,12978,28624,4,487,180,432121,4747619054.020996,2026-04-30 11:46:39
"Коммунальное государственное предприятие на праве хозяйственного ведения ""Аккайынская районная больница"" коммунального государственного учреждения ""Управление здравоохранения акимата Северо-Казахстанской области""",51051,11447,29454,89,1032,263,358327,4290472283.4454346,2026-04-30 11:46:39
"Коммунальное государственное предприятие на праве хозяйственного ведения ""Аксуатская районная больница"" управления здравоохранения области Абай",49974,13571,27281,12,486,148,371718,4358935461.082031,2026-04-30 11:46:39
"Коммунальное государственное предприятие на праве хозяйственного ведения ""Актогайская районная больница"" управления здравоохранения Павлодарской области, акимата Павлодарской области",37724,3573,23235,3,388,24,227927,3039672761.404785,2026-04-30 11:46:39
"Коммунальное государственное предприятие на праве хозяйственного ведения ""Алматинская региональная многопрофильная клиника"" Государственного учреждения ""Управление здравохранения Алматинской области"" Акимата Алматинской области",60057,26,48182,0,196,64,516240,28107278499.449463,2026-04-30 11:46:39
"Коммунальное государственное предприятие на праве хозяйственного ведения ""Алматинский областной центр медико-социальной реабилитации и психотерапии"" государственного учреждения ""Управление здравоохранения Алматинской области"" ",22314,230,9682,0,83,29,1048923,587405.8012031121,2026-04-30 11:46:39
"Коммунальное государственное предприятие на праве хозяйственного ведения ""Алматинский онкологический центр"" Управления общественного здравоохранения города Алматы",190672,33,158929,2760,2143,314,1737197,117992489828.05017,2026-04-30 11:46:39
"Коммунальное государственное предприятие на праве хозяйственного ведения ""Атырауская городская поликлиника №3"" Управления здравоохранения Атырауской области",61636,4395,39212,2,5,1,417099,2342151476.738037,2026-04-30 11:46:39
"Коммунальное государственное предприятие на праве хозяйственного ведения ""Атырауская городская поликлиника №4"" Управления здравоохранения Атырауской области",35759,4379,23844,16,18,1,226622,1533582120.9780273,2026-04-30 11:46:39
"Коммунальное государственное предприятие на праве хозяйственного ведения ""Атырауская городская поликлиника №5"" Управления здравоохранения Атырауской области",42809,3557,27152,0,42,0,267677,1523071707.1496582,2026-04-30 11:46:39
"Коммунальное государственное предприятие на праве хозяйственного ведения ""Атырауская городская поликлиника №6"" Управления здравоохранения Атырауской области",25137,3302,18164,5,8,0,169014,1233601475.88208,2026-04-30 11:46:39
"Коммунальное государственное предприятие на праве хозяйственного ведения ""Атырауская городская поликлиника №7"" Управления здравоохранения Атырауской области",46966,7134,32703,2,39,1,326969,1906283940.5178223,2026-04-30 11:46:39
"Коммунальное государственное предприятие на праве хозяйственного ведения ""Атырауская областная больница"" Управления здравоохранения Атырауской области",224026,3312,118409,9424,3848,4180,1937752,35880999611.32001,2026-04-30 11:46:39
"Коммунальное государственное предприятие на праве хозяйственного ведения ""Атырауская областная детская больница"" Управления здравоохранения Атырауской области""",106361,105415,67790,22,567,541,910021,14992624073.281982,2026-04-30 11:46:39
"Коммунальное государственное предприятие на праве хозяйственного ведения ""Атырауская областная инфекционная больница"" Управления здравоохранения Атырауской области",154767,95765,114252,308,6730,1653,970757,20851159764.680466,2026-04-30 11:46:39
"Коммунальное государственное предприятие на праве хозяйственного ведения ""Атырауская областная офтальмологическая больница"" Управления здравоохранения Атырауской области",44328,5441,27875,360,54,0,328649,5456272936.01416,2026-04-30 11:46:39
"Коммунальное государственное предприятие на праве хозяйственного ведения ""Атырауский городской родильный дом"" Управления здравоохранения Атырауской области",99936,4441,61707,252,493,171,474771,10324559014.019043,2026-04-30 11:46:39
"Коммунальное государственное предприятие на праве хозяйственного ведения ""Атырауский областной кардиологический центр"" Управления здравоохранения Атырауской области",49755,44,30967,217,718,1247,646919,24450012838.0166,2026-04-30 11:46:39
"Коммунальное государственное предприятие на праве хозяйственного ведения ""Атырауский областной кожно-венерологический диспансер"" Управления здравоохранения Атырауской области",17538,5476,10674,0,12,1,181933,1504863579.3376465,2026-04-30 11:46:39
"Коммунальное государственное предприятие на праве хозяйственного ведения ""Атырауский областной наркологический диспансер"" Управления здравоохранения Атырауской области""",6922,13,0,1218,716,15,165397,464699404.0109863,2026-04-30 11:46:39
"Коммунальное государственное предприятие на праве хозяйственного ведения ""Атырауский областной онкологический диспансер"" Управления здравоохранения Атырауской области""",48286,16,39229,200,261,235,527841,23600853838.398438,2026-04-30 11:46:39
"Коммунальное государственное предприятие на праве хозяйственного ведения ""Атырауский областной перинатальный центр"" Управления здравоохранения Атырауской области",200541,28309,113092,1878,1035,1140,1119424,24772029958.32129,2026-04-30 11:46:39
"Коммунальное государственное предприятие на праве хозяйственного ведения ""Атырауский областной центр фтизиопульмонологии"" Управления здравоохранения Атырауской области""",9259,733,5231,2,77,316,755535,176940279.29359108,2026-04-30 11:46:39
"Коммунальное государственное предприятие на праве хозяйственного ведения ""Баянаульская районная больница"" управления здравоохранения Павлодарской области,акимата Павлодарской области",51012,8814,25179,12,367,39,325198,3876053234.0620117,2026-04-30 11:46:39
"Коммунальное государственное предприятие на праве хозяйственного ведения ""Бескарагайская районная больница"" управления здравоохранения области Абай",38378,5051,22703,0,161,53,274930,3407309785.0441895,2026-04-30 11:46:39
"Коммунальное государственное предприятие на праве хозяйственного ведения ""Больница Улытауского района"" управления здавоохранения области Ұлытау",28382,7225,15574,0,72,1,218610,1902732203.1694336,2026-04-30 11:46:39
"Коммунальное государственное предприятие на праве хозяйственного ведения ""Больница города Абая"" управления здравоохранения Карагандинской области",73370,1727,41361,359,796,633,586335,6420534373.838745,2026-04-30 11:46:39
"Коммунальное государственное предприятие на праве хозяйственного ведения ""Больница города Каражал"" управления здравоохранения области Ұлытау",31797,4897,17081,0,439,64,240237,2413190038.423828,2026-04-30 11:46:39
"Коммунальное государственное предприятие на праве хозяйственного ведения ""Больница города Сарани"" управления здравоохранения Карагандинской области",67601,2830,40192,3,608,450,492220,5284568171.154358,2026-04-30 11:46:39
"Коммунальное государственное предприятие на праве хозяйственного ведения ""Больница города Шахтинск"" управления здравоохранения Карагандинской области",136416,18633,84196,338,4426,2708,1016716,14435020146.377014,2026-04-30 11:46:39
"Коммунальное государственное предприятие на праве хозяйственного ведения ""Больница района Аққулы"" управления здравоохранения Павлодарской области, акимата Павлодарской области",24563,4365,12967,7,298,26,162169,2043396089.5825195,2026-04-30 11:46:39
"Коммунальное государственное предприятие на праве хозяйственного ведения ""Больница района Жаңасемей"" управления здравоохранения области Абай",6282,1247,2816,0,9,0,56057,561893180.6508789,2026-04-30 11:46:39
"Коммунальное государственное предприятие на праве хозяйственного ведения ""Больница района Мақаншы"" управления здравоохранения области Абай",84091,15630,45896,52,545,225,582745,7378137189.651611,2026-04-30 11:46:39
"Коммунальное государственное предприятие на праве хозяйственного ведения ""Больница района Тереңкөл"" управления здравоохранения Павлодарской области, акимата Павлодарской области",37546,2621,19765,4,632,130,224690,2852733146.2148438,2026-04-30 11:46:39
"Коммунальное государственное предприятие на праве хозяйственного ведения ""Бородулихинская районная больница"" управления здравоохранения области Абай",63075,11385,32938,12,692,311,426604,5330517955.328369,2026-04-30 11:46:39
"Коммунальное государственное предприятие на праве хозяйственного ведения ""Восточно-Казахстанская областная больница"" управления здравоохранения Восточно-Казахстанского областного акимата",183879,1227,95682,15072,3203,3010,1344741,62794171657.88605,2026-04-30 11:46:39
"Коммунальное государственное предприятие на праве хозяйственного ведения ""Восточно-Казахстанский областной кожно-венерологический диспансер"" управления здравоохранения Восточно-Казахстанской области",16133,2094,5221,0,15,0,220817,1149081115.2578125,2026-04-30 11:46:39
"Коммунальное государственное предприятие на праве хозяйственного ведения ""Восточно-Казахстанский областной реабилитационный центр"" управления здравоохранения Восточно-Казахстанской области.",41098,58,34489,934,149,14,434909,8474384502.298218,2026-04-30 11:46:39
"Коммунальное государственное предприятие на праве хозяйственного ведения ""Восточно-Казахстанский областной специализированный медицинский центр"" управления здравоохранения Восточно-Казахстанской области",263077,3124,141144,4300,7726,7163,2281638,45406227837.81787,2026-04-30 11:46:39
"Коммунальное государственное предприятие на праве хозяйственного ведения ""Восточно-Казахстанский областной фтизиопульмонологический центр"" управления здравоохранения Восточно-Казахстанской области",10867,195,4711,0,131,611,990344,288661428.80913746,2026-04-30 11:46:39
"Коммунальное государственное предприятие на праве хозяйственного ведения ""Восточно-Казахстанский областной центр психического здоровья"" управления здравоохранения Восточно-Казахстанской области",69318,8376,47811,6606,564,163,3059956,1077418971.5531578,2026-04-30 11:46:39
"Коммунальное государственное предприятие на праве хозяйственного ведения ""Врачебная амбулатория села Приречное"" управления здравоохранения области Абай ",894,3,396,0,0,0,5861,25396757.08203125,2026-04-30 11:46:39
"Коммунальное государственное предприятие на праве хозяйственного ведения ""Врачебная амбулатория №5 города Семей"" управления здравоохранения области Абай",1415,0,291,0,0,0,9714,42419175.166503906,2026-04-30 11:46:39
"Коммунальное государственное предприятие на праве хозяйственного ведения ""Городская больница ""Алатау"" Управления общественного здравоохранения города Алматы",31925,1553,17101,245,10,1,208480,2398294283.004883,2026-04-30 11:46:39
"Коммунальное государственное предприятие на праве хозяйственного ведения ""Городская больница г. Аксу"" управления здравоохранения Павлодарской области, акимата Павлодарской области",127394,24278,69761,46,1724,1458,961127,12260572515.34668,2026-04-30 11:46:39
"Коммунальное государственное предприятие на праве хозяйственного ведения ""Городская больница города Серебрянск района Алтай"" управления здравоохранения Восточно-Казахстанской области",31132,3655,18022,2,170,125,231246,2875106322.642334,2026-04-30 11:46:39
"Коммунальное государственное предприятие на праве хозяйственного ведения ""Городская больница скорой неотложной помощи"" Управления общественного здравоохранения города Алматы",246597,2530,128332,12116,8736,4699,1690019,44817840473.1615,2026-04-30 11:46:39
"Коммунальное государственное предприятие на праве хозяйственного ведения ""Городская больница № 1 города Семей"" управления здравоохранения области Абай",92806,13156,58854,100,1844,158,680795,8844586916.347595,2026-04-30 11:46:39
"Коммунальное государственное предприятие на праве хозяйственного ведения ""Городская больница №3 города Усть-Каменогорска"" управления здравоохранения Восточно-Казахстанского областного акимата",5826,146,0,38,8,0,54909,439066339.1357422,2026-04-30 11:46:39
"Коммунальное государственное предприятие на праве хозяйственного ведения ""Городская больница №4 города Усть-Каменогорска"" управления здравоохранения Восточно-Казахстанской области",115631,1233,85980,5449,6266,3518,959124,18419169193.50659,2026-04-30 11:46:39
"Коммунальное государственное предприятие на праве хозяйственного ведения ""Городская детская поликлиника"" акимата Северо-Казахстанской области Управления здравоохранения Северо-Казахстанской области",3450,3450,0,0,0,0,22792,57341535.36767578,2026-04-30 11:46:39
"Коммунальное государственное предприятие на праве хозяйственного ведения ""Городская клиническая больница № 5"" Управления общественного здравоохранения города Алматы",226811,59975,127889,19531,5343,2,1319398,28769310554.76416,2026-04-30 11:46:39
"Коммунальное государственное предприятие на праве хозяйственного ведения ""Городская клиническая больница № 7"" Управления общественного здравоохранения города Алматы",379475,4789,228073,15836,9535,10986,3541342,114009852498.85742,2026-04-30 11:46:39
"Коммунальное государственное предприятие на праве хозяйственного ведения ""Городская клиническая больница №4"" Управления общественного здравоохранения города Алматы""",259330,2452,155418,10159,5100,5645,1986571,67942835007.38562,2026-04-30 11:46:39
"Коммунальное государственное предприятие на праве хозяйственного ведения ""Городская клиническая инфекционная больница имени И. Жекеновой"" Управления общественного здравоохранения города Алматы",212976,11358,165496,5219,32284,4785,1467770,42533783659.10385,2026-04-30 11:46:39
"Коммунальное государственное предприятие на праве хозяйственного ведения ""Городская поликлиника ветеранов Великой Отечественной войны"" Управления общественного здравоохранения города Алматы",20974,163,8870,2,3,0,139836,719368367.3850098,2026-04-30 11:46:39
"Коммунальное государственное предприятие на праве хозяйственного ведения ""Городская поликлиника № 10"" Управления общественного здравоохранения города Алматы",34631,2901,19907,0,18,0,208226,1344289849.388916,2026-04-30 11:46:39
"Коммунальное государственное предприятие на праве хозяйственного ведения ""Городская поликлиника № 11"" Управления общественного здравоохранения города Алматы",47652,5624,27444,5,3,1,330209,1641718125.3066406,2026-04-30 11:46:39
"Коммунальное государственное предприятие на праве хозяйственного ведения ""Городская поликлиника № 12"" Управления общественного здравоохранения города Алматы",30241,5720,13855,2,4,0,216407,836327889.2243652,2026-04-30 11:46:39
"Коммунальное государственное предприятие на праве хозяйственного ведения ""Городская поликлиника № 15"" Управления общественного здравоохранения города Алматы",19451,603,12018,2,2,1,127765,902461805.0744629,2026-04-30 11:46:39
"Коммунальное государственное предприятие на праве хозяйственного ведения ""Городская поликлиника № 16"" Управления общественного здравоохранения города Алматы",32704,1153,20930,5,4,0,202920,1618603075.692627,2026-04-30 11:46:39
"Коммунальное государственное предприятие на праве хозяйственного ведения ""Городская поликлиника № 2"" коммунального государственного учреждения ""Управление здравоохранения акимата Северо-Казахстанской области""",25637,981,13189,0,8,0,159106,916534864.152832,2026-04-30 11:46:39
"Коммунальное государственное предприятие на праве хозяйственного ведения ""Городская поликлиника № 20"" Управления общественного здравоохранения города Алматы""",19351,1696,9327,0,5,0,106710,662878394.3354492,2026-04-30 11:46:39
"Коммунальное государственное предприятие на праве хозяйственного ведения ""Городская поликлиника № 24"" Управления общественного здравоохранения города Алматы",18544,3063,9249,4,7,0,124394,724837733.9787598,2026-04-30 11:46:39
"Коммунальное государственное предприятие на праве хозяйственного ведения ""Городская поликлиника № 32"" Управления общественного здравоохранения города Алматы",22502,13149,9047,2,0,0,136616,541783507.4882812,2026-04-30 11:46:39
"Коммунальное государственное предприятие на праве хозяйственного ведения ""Городская поликлиника № 36"" Управления общественного здравоохранения города Алматы",10333,2155,10332,1,4,0,60532,571497454.3642578,2026-04-30 11:46:39
"Коммунальное государственное предприятие на праве хозяйственного ведения ""Городская поликлиника № 6"" управления здравоохранения Кызылординской области",33382,2348,24451,1,3,0,231654,1947475333.6606445,2026-04-30 11:46:39
"Коммунальное государственное предприятие на праве хозяйственного ведения ""Городская поликлиника № 8"" Управления общественного здравоохранения города Алматы",31913,3383,18630,3,7,0,204259,1133063678.102539,2026-04-30 11:46:39
"Коммунальное государственное предприятие на праве хозяйственного ведения ""Городская поликлиника №1"" Управления общественного здравоохранения города Алматы",21252,3056,10345,0,149,0,135000,705598628.5854492,2026-04-30 11:46:39
"Коммунальное государственное предприятие на праве хозяйственного ведения ""Городская поликлиника №1"" коммунального государственного учреждения ""Управление здравоохранения акимата Северо-Казахстанской области""",28538,3100,14350,4,5,0,187926,1088178755.182129,2026-04-30 11:46:39
"Коммунальное государственное предприятие на праве хозяйственного ведения ""Городская поликлиника №13"" Управления общественного здравоохранения города Алматы",19304,1557,7555,0,22,1,124177,537144197.1396484,2026-04-30 11:46:39
"Коммунальное государственное предприятие на праве хозяйственного ведения ""Городская поликлиника №14"" Управления общественного здравоохранения города Алматы",12338,2400,5163,0,3,0,68068,393698636.6726074,2026-04-30 11:46:39
"Коммунальное государственное предприятие на праве хозяйственного ведения ""Городская поликлиника №17"" Управления общественного здравоохранения города Алматы",32555,3067,21485,13,0,0,226682,1333942134.8706055,2026-04-30 11:46:39
"Коммунальное государственное предприятие на праве хозяйственного ведения ""Городская поликлиника №18"" Управления общественного здоровья города Алматы",16817,3902,8001,0,4,0,91624,435479065.56347656,2026-04-30 11:46:39
"Коммунальное государственное предприятие на праве хозяйственного ведения ""Городская поликлиника №19"" Управления общественного здравоохранения города Алматы",24229,1491,12607,5,1,0,139596,816055113.1347656,2026-04-30 11:46:39
"Коммунальное государственное предприятие на праве хозяйственного ведения ""Городская поликлиника №2 города Усть-Каменогорска"" управления здравоохранения Восточно-Казахстанского областного акимата",36285,127,24249,15,29,0,244199,2038388107.949707,2026-04-30 11:46:39
"Коммунальное государственное предприятие на праве хозяйственного ведения ""Городская поликлиника №2"" Управления общественного здравоохранения города Алматы",17472,842,7736,0,4,1,110780,594389162.4682617,2026-04-30 11:46:39
"Коммунальное государственное предприятие на праве хозяйственного ведения ""Городская поликлиника №21"" Управления общественного здравоохранения города Алматы",22944,2033,15298,1,12,0,133898,967906050.8881836,2026-04-30 11:46:39
"Коммунальное государственное предприятие на праве хозяйственного ведения ""Городская поликлиника №22"" Управления общественного здравоохранения города Алматы",12760,1164,5019,4,15,0,84258,376850933.73339844,2026-04-30 11:46:39
"Коммунальное государственное предприятие на праве хозяйственного ведения ""Городская поликлиника №23"" Управления общественного здравоохранения города Алматы",12875,858,8154,0,3,1,76377,570003882.7756348,2026-04-30 11:46:39
"Коммунальное государственное предприятие на праве хозяйственного ведения ""Городская поликлиника №25"" Управления общественного здравоохранения города Алматы",17059,2574,10736,0,14,1,92287,598207857.4394531,2026-04-30 11:46:39
"Коммунальное государственное предприятие на праве хозяйственного ведения ""Городская поликлиника №26"" Управления общественного здравоохранения города Алматы",13344,573,11605,4,1,0,72195,831449574.237793,2026-04-30 11:46:39
"Коммунальное государственное предприятие на праве хозяйственного ведения ""Городская поликлиника №27"" Управления общественного здравоохранения города Алматы",9653,805,7880,3,0,0,59812,463764291.58984375,2026-04-30 11:46:39
"Коммунальное государственное предприятие на праве хозяйственного ведения ""Городская поликлиника №28"" Управления общественного здравоохранения города Алматы",8192,532,7271,0,2,0,51610,396544058.43359375,2026-04-30 11:46:39
"Коммунальное государственное предприятие на праве хозяйственного ведения ""Городская поликлиника №29"" Управления общественного здравоохранения города Алматы",16486,1253,13633,4,8,0,103206,748546431.0849609,2026-04-30 11:46:39
"Коммунальное государственное предприятие на праве хозяйственного ведения ""Городская поликлиника №3"" Управления общественного здравоохранения города Алматы",33491,1829,21849,0,8,0,208759,1572646958.5024414,2026-04-30 11:46:39
"Коммунальное государственное предприятие на праве хозяйственного ведения ""Городская поликлиника №30"" Управления общественного здравоохранения города Алматы",17738,7898,10768,3,3,0,114225,631150904.9685059,2026-04-30 11:46:39
"Коммунальное государственное предприятие на праве хозяйственного ведения ""Городская поликлиника №33"" Управления общественного здравоохранения города Алматы",320,0,320,0,0,0,1617,30239196.62890625,2026-04-30 11:46:39
"Коммунальное государственное предприятие на праве хозяйственного ведения ""Городская поликлиника №4"" Управления общественного здоровья города Алматы",39128,2964,24814,19,12,0,267602,1942582658.4157715,2026-04-30 11:46:39
"Коммунальное государственное предприятие на праве хозяйственного ведения ""Городская поликлиника №5"" Управление общественного здравоохранения города Алматы",26667,1835,13359,2,5,1,169140,942907439.107666,2026-04-30 11:46:39
"Коммунальное государственное предприятие на праве хозяйственного ведения ""Городская поликлиника №5"" управления здравоохранения Кызылординской области",16879,1684,11583,9,0,0,119598,918782598.9921875,2026-04-30 11:46:39
"Коммунальное государственное предприятие на праве хозяйственного ведения ""Городская поликлиника №6"" Управления общественного здравоохранения города Алматы",28865,3910,13839,5,11,0,212021,876970590.4436035,2026-04-30 11:46:39
"Коммунальное государственное предприятие на праве хозяйственного ведения ""Городская поликлиника №7"" Управления общественного здравоохранения города Алматы",10862,385,6540,3,4,1,72505,432377853.34106445,2026-04-30 11:46:39
"Коммунальное государственное предприятие на праве хозяйственного ведения ""Городская поликлиника №9"" Управления общественного здравоохранения города Алматы",24969,300,13722,2,7,0,154772,1070136463.7045898,2026-04-30 11:46:39
"Коммунальное государственное предприятие на праве хозяйственного ведения ""Городской детский реабилитационный центр"" Управления общественного здравоохранение  города Алматы",15407,15407,10861,0,92,0,313669,3132465092.326732,2026-04-30 11:46:39
"Коммунальное государственное предприятие на праве хозяйственного ведения ""Городской кардиологический центр"" Управления общественного здравоохранения города Алматы",137953,66,73408,5246,2232,3309,1219533,76558197546.79285,2026-04-30 11:46:39
"Коммунальное государственное предприятие на праве хозяйственного ведения ""Городской перинатальный центр № 2"" Управления общественного здравоохранения города Алматы",125886,6400,77022,2589,2490,107,566180,15134669712.445557,2026-04-30 11:46:39
"Коммунальное государственное предприятие на праве хозяйственного ведения ""Городской перинатальный центр"" Управления общественного здравоохранения города Алматы",202931,48417,124229,7881,1398,1108,1445136,36200656133.54541,2026-04-30 11:46:39
"Коммунальное государственное предприятие на праве хозяйственного ведения ""Городской ревматологический центр"" Управления общественного здравоохранения города Алматы",52173,392,31563,2553,147,22,411924,6016143969.124512,2026-04-30 11:46:39
"Коммунальное государственное предприятие на праве хозяйственного ведения ""Городской родильный дом № 1"" Управления общественного здравоохранения города Алматы",123559,304,68526,2883,958,1,534543,12922341165.702637,2026-04-30 11:46:39
"Коммунальное государственное предприятие на праве хозяйственного ведения ""Городской родильный дом № 4"" Управления общественного здравоохранения города Алматы",107392,536,65393,2425,2969,8,471649,12062410325.567871,2026-04-30 11:46:39
"Коммунальное государственное предприятие на праве хозяйственного ведения ""Городской родильный дом № 5"" Управления общественного здравоохранения города Алматы",132171,227,80123,4515,1122,5,561977,13578834810.850586,2026-04-30 11:46:39
"Коммунальное государственное предприятие на праве хозяйственного ведения ""Городской центр паллиативной помощи"" Управления общественного здравоохранения города Алматы",29630,38,20541,1657,846,5173,573365,5806243702.167969,2026-04-30 11:46:39
"Коммунальное государственное предприятие на праве хозяйственного ведения ""Дамбинский центр первичной медико - санитарной помощи"" Управления здравоохранения Атырауской области",9550,898,5622,1,1,0,73370,413671971.6525879,2026-04-30 11:46:39
"Коммунальное государственное предприятие на праве хозяйственного ведения ""Детская городская клиническая больница №2"" Управления общественного здравоохранения города Алматы",150999,149450,98215,310,1555,465,1336940,25020389103.32788,2026-04-30 11:46:39
"Коммунальное государственное предприятие на праве хозяйственного ведения ""Детская городская клиническая инфекционная больница"" Управления общественного здравоохранения  города Алматы",398537,392555,263896,4,17300,651,1982095,36694623757.46126,2026-04-30 11:46:39
"Коммунальное государственное предприятие на праве хозяйственного ведения ""Детский реабилитационный центр фтизиопульмонологии"" Управления здравоохранения города Алматы",15877,15877,11927,0,14,0,584659,3434539383.432985,2026-04-30 11:46:39
"Коммунальное государственное предприятие на праве хозяйственного ведения ""Енбекшиказахская районная больница №1 села Шелек"" государственного учреждения ""Управление здравоохранения Алматинской области""",99756,30260,57744,48,2163,1028,658598,11338764018.781982,2026-04-30 11:46:39
"Коммунальное государственное предприятие на праве хозяйственного ведения ""Еркинкалинская врачебная амбулатория"" Управления здравоохранения Атырауской области",882,1,878,4,0,0,6768,44340504.625,2026-04-30 11:46:39
"Коммунальное государственное предприятие на праве хозяйственного ведения ""Жалагашская районная больница"" управления здравоохранения Кызылординской области""",123784,26617,79787,60,1046,335,977120,13418884169.646973,2026-04-30 11:46:39
"Коммунальное государственное предприятие на праве хозяйственного ведения ""Жамбылская районная больница"" коммунального государственного учреждения ""Управление здравоохранения акимата Северо-Казахстанской области""",56450,9712,27347,6,680,344,405706,4417362492.478516,2026-04-30 11:46:39
"Коммунальное государственное предприятие на праве хозяйственного ведения ""Жарминская районная больница"" управления здравоохранения области Абай",50027,9295,31085,9,854,224,335713,4583269303.769287,2026-04-30 11:46:39
"Коммунальное государственное предприятие на праве хозяйственного ведения ""Железинская районная больница"" управления здравоохранения Павлодарской области, акимата Павлодарской области",44218,2342,28177,18,963,76,247756,3071143311.793579,2026-04-30 11:46:39
"Коммунальное государственное предприятие на праве хозяйственного ведения ""Жылыойская районная поликлиника"" Управления здравоохранения Атырауской области",3620,283,0,0,0,0,24217,63681070.666015625,2026-04-30 11:46:39
"Коммунальное государственное предприятие на праве хозяйственного ведения ""Жылыойская центральная районная больница"" Управления здравоохранения Атырауской области",114319,27817,69022,8,2951,957,701101,10859205780.236328,2026-04-30 11:46:39
"Коммунальное государственное предприятие на праве хозяйственного ведения ""Индерская районная больница"" Управления здравоохранения Атырауской области.""",65690,12990,37392,42,1236,221,468049,5636661252.264038,2026-04-30 11:46:39
"Коммунальное государственное предприятие на праве хозяйственного ведения ""Исатайская районная больница"" Управления здравоохранения Атырауской области",28861,5998,15289,2,604,47,229525,2372780660.45166,2026-04-30 11:46:39
"Коммунальное государственное предприятие на праве хозяйственного ведения ""Казалинская многопрофильная центральная районная больница"" управления здравоохранения Кызылординской области""",184811,35958,116292,945,1171,380,1418332,24680877949.690186,2026-04-30 11:46:39
"Коммунальное государственное предприятие на праве хозяйственного ведения ""Карасайская клиническая многопрофильная центральная районная больница"" государственного учреждения ""Управление здравоохранения Алматинской области""",424236,80022,249093,3439,6056,3364,2688625,50121462489.791016,2026-04-30 11:46:39
"Коммунальное государственное предприятие на праве хозяйственного ведения ""Кардиологический центр"" коммунального государственного учреждения ""Управление здравоохранения акимата Северо-Казахстанской области""",50541,205,10949,265,487,814,429107,13500567114.23584,2026-04-30 11:46:39
"Коммунальное государственное предприятие на праве хозяйственного ведения ""Кегенская районная больница"" государственного учреждения ""Управление здравоохранения Алматинской области""",76153,19267,35570,10,869,299,536359,6913816122.871094,2026-04-30 11:46:39
"Коммунальное государственное предприятие на праве хозяйственного ведения ""Кожно-венерологический диспансер города Семей"" управления здравоохранения Восточно-Казахстанской области",13198,2181,4827,0,12,1,162227,770160765.3852539,2026-04-30 11:46:39
"Коммунальное государственное предприятие на праве хозяйственного ведения ""Кожно-венерологический диспансер"" Управления общественного здравоохранения города Алматы",19584,1074,10196,1092,32,3,177648,1241051385.7687988,2026-04-30 11:46:39
"Коммунальное государственное предприятие на праве хозяйственного ведения ""Кокпектинская районная больница"" управления здравоохранения области Абай",30153,6528,15790,4,503,66,204678,3031909782.715332,2026-04-30 11:46:39
"Коммунальное государственное предприятие на праве хозяйственного ведения ""Курчатовская городская больница"" управления здравоохранения области Абай",53695,3841,34952,8,246,69,353455,4073184631.692627,2026-04-30 11:46:39
"Коммунальное государственное предприятие на праве хозяйственного ведения ""Кызылжарская районная больница"" коммунального государственного учреждения ""Управление здравоохранения акимата Северо-Казахстанской области""",51305,7191,25410,3,448,250,349425,5036801341.293823,2026-04-30 11:46:39
"Коммунальное государственное предприятие на праве хозяйственного ведения ""Кызылординский областной центр психического здоровья"" управления здравоохранения Кызылординской области""",25846,3687,25846,0,107,35,1113740,93197168.96875,2026-04-30 11:46:39
"Коммунальное государственное предприятие на праве хозяйственного ведения ""Майская районная больница"" управления здравоохранения Павлодарской области, акимата Павлодарской области",32665,3709,18931,12,333,58,241892,2581178836.529297,2026-04-30 11:46:39
"Коммунальное государственное предприятие на праве хозяйственного ведения ""Макатская районная больница"" Управления здравоохранения Атырауской области",66084,13404,39292,6,797,126,493268,5269153782.929199,2026-04-30 11:46:39
"Коммунальное государственное предприятие на праве хозяйственного ведения ""Мамлютская районная больница"" коммунального государственного учреждения ""Управление здравоохранения акимата Северо-Казахстанской области""",41613,6112,23544,150,3577,470,284670,3400648892.9104614,2026-04-30 11:46:39
"Коммунальное государственное предприятие на праве хозяйственного ведения ""Махамбетская районнная больница"" Управления здравоохранения Атырауской области",44618,7719,26484,16,384,36,352737,3863244635.532837,2026-04-30 11:46:39
"Коммунальное государственное предприятие на праве хозяйственного ведения ""Межрайонная больница района Алтай"" управления здравоохранения Восточно-Казахстанской области",152533,33288,76661,17,2001,2563,1200172,16047778283.282715,2026-04-30 11:46:39
"Коммунальное государственное предприятие на праве хозяйственного ведения ""Многопрофильная больница города Байконыр"" управления здравоохранения Кызылординской области",18599,1822,18598,1,59,3,154573,2684712352.3291016,2026-04-30 11:46:39
"Коммунальное государственное предприятие на праве хозяйственного ведения ""Многопрофильная больница города Балхаш"" управления здравоохранения Карагандинской области""",202496,43511,130432,1025,4854,2977,1491906,23453192090.93091,2026-04-30 11:46:39
"Коммунальное государственное предприятие на праве хозяйственного ведения ""Многопрофильная больница имени профессора Х.Ж.Макажанова"" управления здравоохранения Карагандинской области",268252,32228,210879,2746,4002,5284,2005814,82965650165.5979,2026-04-30 11:46:39
"Коммунальное государственное предприятие на праве хозяйственного ведения ""Многопрофильная больница №3 города Караганды"" управления здравоохранения Карагандинской области",137792,142,107869,2317,558,604,1356708,60513460387.57886,2026-04-30 11:46:39
"Коммунальное государственное предприятие на праве хозяйственного ведения ""Многопрофильная городская больница скорой медицинской помощи"" коммунального государственного учреждения ""Управление здравоохранения акимата Северо-Казахстанской области""",242314,31086,124659,1171,4944,5313,1716753,32482516334.71631,2026-04-30 11:46:39
"Коммунальное государственное предприятие на праве хозяйственного ведения ""Многопрофильная городская больница"" управления здравоохранения Кызылординской области",122698,1375,72996,6971,1847,1629,974427,17424521595.20276,2026-04-30 11:46:39
"Коммунальное государственное предприятие на праве хозяйственного ведения ""Многопрофильная детская  больница города Караганды"" управления здравоохранения Карагандинской области""",76872,75905,48493,16,5318,244,620592,8534785599.750977,2026-04-30 11:46:39
"Коммунальное государственное предприятие на праве хозяйственного ведения ""Многопрофильная областная больница"" коммунального государственного учреждения ""Управление здравоохранения акимата Северо-Казахстанской области""",318388,8027,242135,4181,5095,2694,2301939,105125181851.04529,2026-04-30 11:46:39
"Коммунальное государственное предприятие на праве хозяйственного ведения ""Многопрофильная областная детская больница"" управления здравоохранения Карагандинской области",186367,181961,120934,2,3405,423,1528240,21839019797.43872,2026-04-30 11:46:39
"Коммунальное государственное предприятие на праве хозяйственного ведения ""Многопрофильная областная детская больница"" управления здравоохранения Кызылординской области""",185105,183845,126335,0,1606,665,1586222,28709258601.898926,2026-04-30 11:46:39
"Коммунальное государственное предприятие на праве хозяйственного ведения ""Многопрофильная центральная районная больница Аягозского района"" управления здравоохранения области Абай",168896,40770,85139,56,1810,912,1224176,18852867452.62793,2026-04-30 11:46:39
"Коммунальное государственное предприятие на праве хозяйственного ведения ""Многопрофильная центральная районная больница Жанааркинского района"" управления здравоохранения области Ұлытау",39302,7277,22099,1,636,174,292643,3636550233.9504395,2026-04-30 11:46:39
"Коммунальное государственное предприятие на праве хозяйственного ведения ""Многопрофильная центральная районная больница Урджарского района"" управления здравоохранения области Абай",92878,17613,46471,64,900,322,649298,8877428543.271729,2026-04-30 11:46:39
"Коммунальное государственное предприятие на праве хозяйственного ведения ""Областная инфекционная больница"" управления здравоохранения Карагандинской области",63132,44913,17044,47,2096,63,445531,948564798.625638,2026-04-30 11:46:39
"Коммунальное государственное предприятие на праве хозяйственного ведения ""Областная инфекционная больница"" управления здравоохранения области Абай",72066,50552,37891,1,1188,501,470269,5849701611.666165,2026-04-30 11:46:39
"Коммунальное государственное предприятие на праве хозяйственного ведения ""Областная многопрофильная больница города Жезказган"" управления здравоохранения области Ұлытау",214529,49168,154532,3,3616,3311,1959295,31095483242.358887,2026-04-30 11:46:39
"Коммунальное государственное предприятие на праве хозяйственного ведения ""Областная стоматологическая поликлиника"" управления здравоохранения Карагандинской области",18134,4004,5722,368,59,9,138379,1369869881.9379883,2026-04-30 11:46:39
"Коммунальное государственное предприятие на праве хозяйственного ведения ""Областной детский фтизиопульмологический санаторий"" Управления здравоохранения Атырауской области",1819,1819,1819,0,1,0,173683,860356673.4345703,2026-04-30 11:46:39
"Коммунальное государственное предприятие на праве хозяйственного ведения ""Областной кожно-венерологический диспансер"" коммунального государственного учреждения ""Управление здравоохранения акимата Северо-Казахстанской области""",21919,3105,2704,2378,1178,0,244049,1017357576.2700195,2026-04-30 11:46:39
"Коммунальное государственное предприятие на праве хозяйственного ведения ""Областной наркологический центр"" коммунального государственного учреждения ""Управление здравоохранения акимата Северо-Казахстанской области""",7488,9,0,219,39,8,324284,659346210.817627,2026-04-30 11:46:39
"Коммунальное государственное предприятие на праве хозяйственного ведения ""Областной онкологический диспансер"" коммунального государственного учреждения ""Управление здравоохранения акимата Северо-Казахстанской области""",30513,37,12381,558,109,92,305487,5117950145.054199,2026-04-30 11:46:39
"Коммунальное государственное предприятие на праве хозяйственного ведения ""Областной перинатальный центр"" коммунального государственного учреждения ""Управление здравоохранения акимата Северо-Казахстанской области""",65479,6256,15583,58,1363,307,398926,5761487080.1875,2026-04-30 11:46:39
"Коммунальное государственное предприятие на праве хозяйственного ведения ""Областной перинатальный центр"" управления здравоохранения Кызылординской области""",181069,24641,130275,17,1678,899,1194340,33123740412.348145,2026-04-30 11:46:39
"Коммунальное государственное предприятие на праве хозяйственного ведения ""Областной перинатальный центр"" управления здравоохранения области Абай ",140972,26088,104088,16,3967,637,831406,25846668616.08716,2026-04-30 11:46:39
"Коммунальное государственное предприятие на праве хозяйственного ведения ""Областной противотуберкулезный санаторий ""Шипагер"" Абайского района села Жартас"" управления здравоохранения Карагандинской области",580,0,299,0,7,0,53622,188885042.5390625,2026-04-30 11:46:39
"Коммунальное государственное предприятие на праве хозяйственного ведения ""Областной специализированный санаторий"" управления здравоохранения Карагандинской области",5650,5650,4571,0,10,0,357633,1647113783.9960938,2026-04-30 11:46:39
"Коммунальное государственное предприятие на праве хозяйственного ведения ""Областной центр психического здоровья"" управления здравоохранения Карагандинской области",96609,12277,57069,0,193,83,3692538,12484370.26532036,2026-04-30 11:46:39
"Коммунальное государственное предприятие на праве хозяйственного ведения ""Областной центр психического здоровья"" управления здравоохранения области Абай",10422,1071,10119,303,44,11,537448,0.0,2026-04-30 11:46:39
"Коммунальное государственное предприятие на праве хозяйственного ведения ""Областной центр фтизиопульмонологии "" управления здравоохранения области Абай",57074,25253,50318,241,1186,1059,1478731,9051066128.991795,2026-04-30 11:46:39
"Коммунальное государственное предприятие на праве хозяйственного ведения ""Областной центр фтизиопульмонологии"" коммунального государственного учреждения ""Управление здравоохранения акимата Северо-Казахстанской области""",21278,495,13782,0,568,1123,1104910,3792208113.6622562,2026-04-30 11:46:39
"Коммунальное государственное предприятие на праве хозяйственного ведения ""Областной центр фтизиопульмонологии"" управления здравоохранения Карагандинской области.",19085,753,9579,4,276,1079,1901272,792618335.5930384,2026-04-30 11:46:39
"Коммунальное государственное предприятие на праве хозяйственного ведения ""Павлодарская городская больница № 1"" управления здравоохранения Павлодарской области, акимата Павлодарской области",296222,7440,166658,13985,6131,5355,2452204,47483263166.401245,2026-04-30 11:46:39
"Коммунальное государственное предприятие на праве хозяйственного ведения ""Павлодарская городская больница № 3"" Управления здравоохранения Павлодарской области, акимата Павлодарской области",135711,273,75020,2,1390,2140,1120023,15567782753.709839,2026-04-30 11:46:39
"Коммунальное государственное предприятие на праве хозяйственного ведения ""Павлодарская городская больница №2"" управления здравоохранения Павлодарской области, акимата Павлодарской области",19269,3,0,746,246,260,184722,3927227880.982727,2026-04-30 11:46:39
"Коммунальное государственное предприятие на праве хозяйственного ведения ""Павлодарская областная больница имени Г.Султанова"" управления здравоохранения Павлодарской области, акимата Павлодарской области",330204,13332,235714,10330,8064,2964,2282296,69707257187.53308,2026-04-30 11:46:39
"Коммунальное государственное предприятие на праве хозяйственного ведения ""Павлодарская областная детская больница"" управления здравоохранения Павлодарской области, акимата Павлодарской области",235744,230389,157978,275,1886,286,1765546,28589867778.617676,2026-04-30 11:46:39
"Коммунальное государственное предприятие на праве хозяйственного ведения ""Павлодарский областной Центр психического здоровья"" управления здравоохранения Павлодарской области, акимата Павлодарской области",69990,12278,39624,2180,1180,100,3059125,4321748841.595312,2026-04-30 11:46:39
"Коммунальное государственное предприятие на праве хозяйственного ведения ""Павлодарский областной диагностический центр"" управления здравоохранения Павлодарской области, акимата Павлодарской области",8070,3,354,397,15,0,68392,311315357.8317871,2026-04-30 11:46:39
"Коммунальное государственное предприятие на праве хозяйственного ведения ""Павлодарский областной кардиологический центр"" управления здравоохранения Павлодарской области, акимата Павлодарской области",83340,1572,58575,3971,904,1556,806100,58877117834.3009,2026-04-30 11:46:39
"Коммунальное государственное предприятие на праве хозяйственного ведения ""Павлодарский областной кожно-венерологический диспансер"" управления здравоохранения Павлодарской области, акимата Павлодарской области",12348,1528,0,6,10,0,106854,488512984.5073242,2026-04-30 11:46:39
"Коммунальное государственное предприятие на праве хозяйственного ведения ""Павлодарский областной наркологический диспансер"" управления здравоохранения Павлодарской области, акимата Павлодарской области",16206,96,1779,2015,416,5,644841,1318764635.9261475,2026-04-30 11:46:39
"Коммунальное государственное предприятие на праве хозяйственного ведения ""Павлодарский областной онкологический диспансер"" управления здравоохранения Павлодарской области, акимата Павлодарской области",81046,3,65113,801,240,165,790215,40205775634.83545,2026-04-30 11:46:39
"Коммунальное государственное предприятие на праве хозяйственного ведения ""Павлодарский областной перинатальный центр №1"" управления здравоохранения Павлодарской области, акимата Павлодарской области",88353,28400,33369,128,622,363,594850,15953922078.439941,2026-04-30 11:46:39
"Коммунальное государственное предприятие на праве хозяйственного ведения ""Павлодарский областной перинатальный центр №2"" управления здравоохранения Павлодарской области, акимата Павлодарской области",14719,3868,0,0,81,48,90056,1303751597.9536133,2026-04-30 11:46:39
"Коммунальное государственное предприятие на праве хозяйственного ведения ""Панфиловская многопрофильная межрайонная больница"" государственного учреждения ""Управление здравоохранения области Жетісу""",225424,62668,156352,9,1123,1113,1680077,22671857883.356976,2026-04-30 11:46:39
"Коммунальное государственное предприятие на праве хозяйственного ведения ""Первая городская больница"" коммунального государственного учреждения ""Управление здравоохранения акимата Северо-Казахстанской области""",88606,897,53025,410,1882,2282,686846,11902794869.623901,2026-04-30 11:46:39
"Коммунальное государственное предприятие на праве хозяйственного ведения ""Перинатальный центр №1 города Есик» государственного учреждения «Управление здравоохранения Алматинской области»",14,1,14,0,0,0,93,0.0,2026-04-30 11:46:39
"Коммунальное государственное предприятие на праве хозяйственного ведения ""Поликлиника Павлодарского района"" управления здравоохранения Павлодарской области, акимата Павлодарской области",40424,49,24723,11,1,0,247737,1963081764.416748,2026-04-30 11:46:39
"Коммунальное государственное предприятие на праве хозяйственного ведения ""Поликлиника города Аксу"" управления здравоохранения Павлодарской области, акимата Павлодарской области",3640,19,0,0,0,0,24530,61172110.95825195,2026-04-30 11:46:39
"Коммунальное государственное предприятие на праве хозяйственного ведения ""Поликлиника города Сатпаев"" управления здравоохранения области Ұлытау",12938,20,6757,1,0,0,67729,473049212.7944336,2026-04-30 11:46:39
"Коммунальное государственное предприятие на праве хозяйственного ведения ""Поликлиника № 1 города Павлодара"" управления здравоохранения Павлодарской области,акимата Павлодарской области",18018,8,2504,0,16,1,117971,345592637.1213379,2026-04-30 11:46:39
"Коммунальное государственное предприятие на праве хозяйственного ведения ""Поликлиника № 1 города Усть-Каменогорска"" управления здравоохранения Восточно-Казахстанской области",8735,4,7244,2,4,0,46103,405983510.9892578,2026-04-30 11:46:39
"Коммунальное государственное предприятие на праве хозяйственного ведения ""Поликлиника № 2 города Экибастуза"" управления здравоохранения Павлодарской области, акимата Павлодарской области",22681,22,12046,1,6,0,120964,978090857.8103027,2026-04-30 11:46:39
"Коммунальное государственное предприятие на праве хозяйственного ведения ""Поликлиника № 3 города Павлодара"" управления здравоохранения Павлодарской области, акимата Павлодарской области",29589,6,21802,1,4,0,194578,1625786884.7453613,2026-04-30 11:46:39
"Коммунальное государственное предприятие на праве хозяйственного ведения ""Поликлиника № 3 города Экибастуза"" управления здравоохранения Павлодарской области, акимата Павлодарской области",24322,22,13537,0,1,0,154236,951248937.1010742,2026-04-30 11:46:39
"Коммунальное государственное предприятие на праве хозяйственного ведения ""Поликлиника № 4 города Павлодара"" управления здравоохранения Павлодарской области, акимата Павлодарской области",28127,7,11154,0,0,0,189385,787658989.359375,2026-04-30 11:46:39
"Коммунальное государственное предприятие на праве хозяйственного ведения ""Поликлиника № 5 города Павлодара"" управления здравоохранения Павлодарской области, акимата Павлодарской области",28622,63,16631,1,15,0,166774,1145198870.2011719,2026-04-30 11:46:39
"Коммунальное государственное предприятие на праве хозяйственного ведения ""Поликлиника № 7 города Семей"" управления здравоохранения области Абай",30240,50,20767,0,19,0,166097,1670783438.987793,2026-04-30 11:46:39
"Коммунальное государственное предприятие на праве хозяйственного ведения ""Поликлиника №1 города Семей"" управления здравоохранения области Абай",35753,66,30635,2,0,0,244688,1856136005.5922852,2026-04-30 11:46:39
"Коммунальное государственное предприятие на праве хозяйственного ведения ""Поликлиника №2 города Павлодара"" управления здравоохранения Павлодарской области, акимата Павлодарской области",17300,29,2738,0,2,0,106212,310703201.4362793,2026-04-30 11:46:39
"Коммунальное государственное предприятие на праве хозяйственного ведения ""Поликлиника №2 города Семей"" управления здравоохранения области Абай",13279,2,9419,6,1,0,87929,682447863.3452148,2026-04-30 11:46:39
"Коммунальное государственное предприятие на праве хозяйственного ведения ""Поликлиника №4 города Семей"" управления здравоохранения области Абай",9604,4,6846,0,0,0,57578,520666717.57714844,2026-04-30 11:46:39
"Коммунальное государственное предприятие на праве хозяйственного ведения ""Поликлиника №5 города Семей"" управления здравоохранения Восточно-Казахстанской области",2540,127,761,0,0,0,15217,52212820.017089844,2026-04-30 11:46:39
"Коммунальное государственное предприятие на праве хозяйственного ведения ""Поликлиника №9 города Семей"" управления здравоохранения области Абай",12023,4,7429,1,2,0,72063,514698953.36083984,2026-04-30 11:46:39
"Коммунальное государственное предприятие на праве хозяйственного ведения ""Противотуберкулезная больница Кокпектинского района"" управления здравоохранения Восточно-Казахстанской области",193,1,0,0,3,66,45499,73.59178761113435,2026-04-30 11:46:39
"Коммунальное государственное предприятие на праве хозяйственного ведения ""Противотуберкулезная больница Урджарского района"" управления здравоохранения Восточно-Казахстанской области",345,0,0,0,1,0,22329,69.86969822645187,2026-04-30 11:46:39
"Коммунальное государственное предприятие на праве хозяйственного ведения ""Противотуберкулезный диспансер города Риддер"" Управления здравоохранения Восточно-Казахстанской области",369,0,0,0,1,10,57857,130.18683559820056,2026-04-30 11:46:39
"Коммунальное государственное предприятие на праве хозяйственного ведения ""Районная больница Абайского района"" управления здравоохранения Карагандинской области",53460,8966,28844,1,411,290,387033,5154782638.664795,2026-04-30 11:46:39
"Коммунальное государственное предприятие на праве хозяйственного ведения ""Районная больница Бухар-Жырауского района"" управления здравоохранения Карагандинской области",53212,3815,28129,7,764,132,397836,4516113920.476624,2026-04-30 11:46:39
"Коммунальное государственное предприятие на праве хозяйственного ведения ""Районная больница Глубоковского района"" управления здравоохранения Восточно-Казахстанской области",75131,9506,37080,13,1646,912,540825,7679776996.096436,2026-04-30 11:46:39
"Коммунальное государственное предприятие на праве хозяйственного ведения ""Районная больница Зайсанского района"" управления здравоохранения Восточно- Казахстанской области",111947,25491,58894,397,678,231,855975,8912669448.113525,2026-04-30 11:46:39
"Коммунальное государственное предприятие на праве хозяйственного ведения ""Районная больница Каркаралинского района"" управления здравоохранения Карагандинской области",54161,9173,28784,19,1164,198,399174,4352105498.322754,2026-04-30 11:46:39
"Коммунальное государственное предприятие на праве хозяйственного ведения ""Районная больница Катон-Карагайского района"" управления здравоохранения Восточно-Казахстанской области",37432,8425,20736,11,483,39,271817,3439376873.553711,2026-04-30 11:46:39
"Коммунальное государственное предприятие на праве хозяйственного ведения ""Районная больница Курчумского района"" управления здравоохранения Восточно-Казахстанской области",92884,15453,53151,12,224,30,639906,6902748214.147949,2026-04-30 11:46:39
"Коммунальное государственное предприятие на праве хозяйственного ведения ""Районная больница Тарбагатайского района"" управления здравоохранения Восточно-Казахстанской области",50642,11972,26374,6,398,143,384726,4320320902.83252,2026-04-30 11:46:39
"Коммунальное государственное предприятие на праве хозяйственного ведения ""Районная больница Уланского района"" управления здравоохранения Восточно-Казахстанской области",25848,1123,10955,2,104,46,176934,1885085711.6884766,2026-04-30 11:46:39
"Коммунальное государственное предприятие на праве хозяйственного ведения ""Районная больница Шемонаихинского района"" управления здравоохранения Восточно-Казахстанской области",97565,14902,51799,25,3442,1014,690634,8257508319.3967285,2026-04-30 11:46:39
"Коммунальное государственное предприятие на праве хозяйственного ведения ""Районная больница Шетского района"" управления здравоохранения Карагандинской области",43671,4067,24299,18,360,58,339342,3804294556.5197754,2026-04-30 11:46:39
"Коммунальное государственное предприятие на праве хозяйственного ведения ""Районная больница района Магжана Жумабаева"" коммунального государственного учреждения ""Управление здравоохранения акимата Северо-Казахстанской области""",76414,12896,39453,599,3792,663,507416,6073650214.133545,2026-04-30 11:46:39
"Коммунальное государственное предприятие на праве хозяйственного ведения ""Районная больница района Самар"" управления здравоохранения Восточно-Казахстанской области",33242,7959,19329,1,336,98,235224,2539198706.812256,2026-04-30 11:46:39
"Коммунальное государственное предприятие на праве хозяйственного ведения ""Районная больница района Шал акына"" коммунального государственного учреждения ""Управление здравоохранения акимата Северо-Казахстанской области""",61525,14025,39831,19,693,96,404692,5338980612.62915,2026-04-30 11:46:39
"Коммунальное государственное предприятие на праве хозяйственного ведения ""Районная больница района имени Габита Мусрепова"" коммунального государственного учреждения ""Управление здравоохранения акимата Северо-Казахстанской области""",98309,16794,51925,6,2546,496,655226,8102435059.510742,2026-04-30 11:46:39
"Коммунальное государственное предприятие на праве хозяйственного ведения ""Райымбекская районная больница"" государственного учреждения ""Управление здравоохранения Алматинской области""",76528,21105,44830,1,588,272,549674,7136454378.997559,2026-04-30 11:46:39
"Коммунальное государственное предприятие на праве хозяйственного ведения ""Реабилитационный детский центр ""Балдаурен"" Управления общественного здравоохранения города Алматы",26123,26123,15947,157,9,0,384229,2643096437.6879883,2026-04-30 11:46:39
"Коммунальное государственное предприятие на праве хозяйственного ведения ""Реабилитационный центр ""Алау"" Управления здравоохранения города Алматы",24043,24043,18434,0,4,0,343503,2205595163.150879,2026-04-30 11:46:39
"Коммунальное государственное предприятие на праве хозяйственного ведения ""Реабилитационный центр ""Каменское плато"" Управления общественного здравоохранения города Алматы",18656,2,15149,15,63,3,365496,4120639095.436491,2026-04-30 11:46:39
"Коммунальное государственное предприятие на праве хозяйственного ведения ""Реабилитационный центр ""Умит"" управления здравоохранения Карагандинской области",14808,14753,12424,0,36,0,456920,3799066896.989258,2026-04-30 11:46:39
"Коммунальное государственное предприятие на праве хозяйственного ведения ""Реабилитационный центр"" управления здравоохранения Восточно-Казахстанской области",12609,0,3453,0,4,1,113296,945908325.6430664,2026-04-30 11:46:39
"Коммунальное государственное предприятие на праве хозяйственного ведения ""Риддерская городская больница"" управления здравоохранения Восточно-Казахстанского областного акимата",113859,26618,61475,9,3620,2543,864740,11146927526.920166,2026-04-30 11:46:39
"Коммунальное государственное предприятие на праве хозяйственного ведения ""Родильный дом №2 города Семей"" управления здравоохранения Восточно-Казахстанской области",15154,62,0,0,98,0,74678,853949815.3129883,2026-04-30 11:46:39
"Коммунальное государственное предприятие на праве хозяйственного ведения ""Соматический санаторий ""Карлыгаш"" управления здравоохранения области Ұлытау",8911,8911,6876,0,1,0,236469,1025274026.8217773,2026-04-30 11:46:39
"Коммунальное государственное предприятие на праве хозяйственного ведения ""Сырдарьинская районная больница"" управления здравоохранения Кызылординской области""",95602,20901,60272,1,534,178,749259,10964968286.238525,2026-04-30 11:46:39
"Коммунальное государственное предприятие на праве хозяйственного ведения ""Тайыншинская многопрофильная межрайонная больница"" коммунального государственного учреждения ""Управление здравоохранения акимата Северо-Казахстанской области""",87333,9515,48687,229,2251,1165,642529,8539246930.098328,2026-04-30 11:46:39
"Коммунальное государственное предприятие на праве хозяйственного ведения ""Таласская центральная районная многопрофильная больница Управления здравоохранения акимата Жамбылской области""",94793,20146,50399,13,1556,498,746935,9410480818.873047,2026-04-30 11:46:39
"Коммунальное государственное предприятие на праве хозяйственного ведения ""Тимирязевская районная больница"" коммунального государственного учреждения ""Управление здравоохранения акимата Северо-Казахстанской области""",21117,3749,9971,5,335,160,152303,1803409859.0566406,2026-04-30 11:46:39
"Коммунальное государственное предприятие на праве хозяйственного ведения ""Уалихановская районная больница"" коммунального государственного учреждения ""Управление здравоохранения акимата Северо-Казахстанской области""",53046,13236,26700,3,1219,207,377809,4069368331.689026,2026-04-30 11:46:39
"Коммунальное государственное предприятие на праве хозяйственного ведения ""Успенская районная больница"" управления здравоохранения Павлодарской области, акимата Павлодарской области",29826,3867,15064,1,399,37,182448,1912032087.8583984,2026-04-30 11:46:39
"Коммунальное государственное предприятие на праве хозяйственного ведения ""Хоспис Павлодарской области"" управления здравоохранения Павлодарской области, акимата Павлодарской области",11600,7,8325,0,504,3243,204819,2223972443.043213,2026-04-30 11:46:39
"Коммунальное государственное предприятие на праве хозяйственного ведения ""Центр детской неотложной медицинской помощи"" Управления общественного здравоохранения города Алматы",240087,236558,157579,592,12141,453,1433705,31392129379.597656,2026-04-30 11:46:39
"Коммунальное государственное предприятие на праве хозяйственного ведения ""Центр матери и ребенка"" управления здравоохранения Восточно-Казахстанского областного акимата",429875,250150,267901,1783,6866,1604,2808437,58247298794.88379,2026-04-30 11:46:39
"Коммунальное государственное предприятие на праве хозяйственного ведения ""Центр первичной медико-санитарной помощи ""Кулагер"" Управления общественного здравоохранения города Алматы",9285,1656,4442,0,4,0,57182,269857373.8581543,2026-04-30 11:46:39
"Коммунальное государственное предприятие на праве хозяйственного ведения ""Центр первичной медико-санитарной помощи Алмалинского района"" Управления общественного здравоохранения города Алматы",7700,3404,4132,0,2,0,51034,281705333.6948242,2026-04-30 11:46:39
"Коммунальное государственное предприятие на праве хозяйственного ведения ""Центр первичной медико-санитарной помощи Медеуского района"" Управления общественного здравоохранения города Алматы",25336,14157,10233,2,9,1,172682,716422862.0114746,2026-04-30 11:46:39
"Коммунальное государственное предприятие на праве хозяйственного ведения ""Центр первичной медико-санитарной помощи № 1 города Усть- Каменогорска"" управления здравоохранения Восточно-Казахстанской области",1,0,1,0,0,0,4,102147.953125,2026-04-30 11:46:39
"Коммунальное государственное предприятие на праве хозяйственного ведения ""Центр первичной медико-санитарной помощи № 10 города Семей"" управления здравоохранения области Абай",5895,65,4037,5,0,0,42774,282828519.1791992,2026-04-30 11:46:39
"Коммунальное государственное предприятие на праве хозяйственного ведения ""Центр перинатологии и детской кардиохирургии"" Управления общественного здравоохранения города Алматы",171533,34985,105688,13899,1097,1303,1109944,33959574507.150635,2026-04-30 11:46:39
"Коммунальное государственное предприятие на праве хозяйственного ведения ""Центр по профилактике и борьбе со СПИД"" Управления общественного здравоохранения города Алматы",5974,30,36,5,3,0,118792,404251907.23828125,2026-04-30 11:46:39
"Коммунальное государственное предприятие на праве хозяйственного ведения ""Центр психического здоровья"" Управления общественного здравоохранения города Алматы",66013,4366,44704,4427,316,105,2410279,7544.3994164168835,2026-04-30 11:46:39
"Коммунальное государственное предприятие на праве хозяйственного ведения ""Центр психического здоровья"" коммунального государственного учреждения ""Управление здравоохранения акимата Северо-Казахстанской области""",27616,5016,16598,668,71,24,1385612,361100.345221539,2026-04-30 11:46:39
"Коммунальное государственное предприятие на праве хозяйственного ведения ""Центр ранней детской реабилитации"" Управления общественного здравоохранения города Алматы",20973,20973,13283,0,22,0,299458,2357234519.9033203,2026-04-30 11:46:39
"Коммунальное государственное предприятие на праве хозяйственного ведения ""Центр фтизиопульмонологии Алматинской области"" государственного учреждения ""Управление здравоохранения Алматинской области""",16803,5766,13204,0,46,367,1131618,1088573610.323336,2026-04-30 11:46:39
"Коммунальное государственное предприятие на праве хозяйственного ведения ""Центр фтизиопульмонологии"" Управления общественного здравоохранения города Алматы",16551,18,9516,0,144,869,839693,2977432437.4322352,2026-04-30 11:46:39
"Коммунальное государственное предприятие на праве хозяйственного ведения ""Центр ядерной медицины и онкологии"" управления здравоохранения области Абай",69175,20,57207,219,350,353,793420,43120350101.427246,2026-04-30 11:46:39
"Коммунальное государственное предприятие на праве хозяйственного ведения ""Центральная городская клиническая больница"" Управления общественного здравоохранения города Алматы""",257864,2506,131090,33159,4896,5930,1891492,52360473464.638794,2026-04-30 11:46:39
"Коммунальное государственное предприятие на праве хозяйственного ведения ""Центральная районная больница Байзакского района управления здравоохранения акимата Жамбылской области""",109067,31835,62332,22,900,656,784930,10587377574.938354,2026-04-30 11:46:39
"Коммунальное государственное предприятие на праве хозяйственного ведения ""Центральная районная больница Жамбылского района"" Управления здравоохранения акимата Жамбылской области",78232,19278,39361,4,539,230,674702,8833920769.271484,2026-04-30 11:46:39
"Коммунальное государственное предприятие на праве хозяйственного ведения ""Центральная районная больница Мойынкумского района управления здравоохранения акимата Жамбылской области""",91102,21759,52103,10,591,94,640179,8465596037.550781,2026-04-30 11:46:39
"Коммунальное государственное предприятие на праве хозяйственного ведения ""Центральная районная больница Сарысуского района управления здравоохранения акимата Жамбылской области""",108380,26219,50631,2,1642,251,820837,10900451026.144531,2026-04-30 11:46:39
"Коммунальное государственное предприятие на праве хозяйственного ведения ""Центральная районная больница района им. Т.Рыскулова управления здравоохранения акимата Жамбылской области""",118008,25486,72182,0,1675,460,868858,12559864446.085693,2026-04-30 11:46:39
"Коммунальное государственное предприятие на праве хозяйственного ведения ""Шарская городская больница"" управления здравоохранения области Абай",22817,5621,12215,1,544,36,150730,2077855125.2351074,2026-04-30 11:46:39
"Коммунальное государственное предприятие на праве хозяйственного ведения ""Шульбинская врачебная амбулатория"" управления здравоохранения области Абай ",3300,2,2632,39,0,0,16458,199229356.4321289,2026-04-30 11:46:39
"Коммунальное государственное предприятие на праве хозяйственного ведения ""Шуская центральная районная больница управления здравоохранения акимата Жамбылской области""",125590,31428,70426,24,1509,282,853792,11521521099.2948,2026-04-30 11:46:39
"Коммунальное государственное предприятие на праве хозяйственного ведения ""Щербактинская районная больница"" управления здравоохранения Павлодарской области, акимата Павлодарской области",57645,3916,33371,11,250,35,342490,3983675958.0422363,2026-04-30 11:46:39
"Коммунальное государственное предприятие на праве хозяйственного ведения ""Экибастузская городская больница"" управления здравоохранения Павлодарской области, акимата Павлодарской области",217549,51888,138429,469,7483,3726,1601301,27238057818.991455,2026-04-30 11:46:39
"Коммунальное государственное предприятие на праве хозяйственного ведения ""Экибастузская противотуберкулезная больница"" управления здравоохранения Павлодарской области, акимата Павлодарской области",1716,1,0,0,10,14,140208,992878671.7832031,2026-04-30 11:46:39
"Коммунальное государственное предприятие на праве хозяйственного ведения ""Экибастузский кожно-венерологический диспансер"" управления здравоохранения Павлодарской области, акимата Павлодарской области",1664,151,0,0,0,0,15967,63506165.171875,2026-04-30 11:46:39
"Коммунальное государственное предприятие на праве хозяйственного ведения ""Экибастузский наркологический диспансер"" управления здравоохранения Павлодарской области, акимата Павлодарской области",866,0,0,0,2,0,10216,48913221.40368652,2026-04-30 11:46:39
"Коммунальное государственное предприятие на праве хозяйственного ведения ""Экибастузский родильный дом"" управления здравоохранения Павлодарской области, акимата Павлодарской области",49508,7330,10654,149,631,50,265934,3666319064.7247314,2026-04-30 11:46:39
"Коммунальное государственное предприятие на праве хозяйственного ведения ""Явленская районная больница"" коммунального государственного учреждения ""Управление здравоохранения акимата Северо-Казахстанской области""",45694,4209,24501,63,783,509,333397,3931278186.043213,2026-04-30 11:46:39
Коммунальное государственное предприятие на праве хозяйственного ведения «Аральская многопрофильная центральная районная больница» управления здравоохранения Кызылординской области,184914,41414,114314,89,2479,1037,1600007,21682977591.028503,2026-04-30 11:46:39
Коммунальное государственное предприятие на праве хозяйственного ведения «Атырауский областной центр психического здоровья» Управления здравоохранения Атырауской области,21880,272,13782,1670,518,25,927597,14196845.727808224,2026-04-30 11:46:39
Коммунальное государственное предприятие на праве хозяйственного ведения «Больница скорой медицинской помощи» управления здравоохранения области Абай,226121,1270,146162,943,4356,8190,1855074,55620695539.684204,2026-04-30 11:46:39
Коммунальное государственное предприятие на праве хозяйственного ведения «Городская поликлиника №1» управления здравоохранения Кызылординской области,23207,1527,14991,0,0,0,187577,1221075322.6379395,2026-04-30 11:46:39
Коммунальное государственное предприятие на праве хозяйственного ведения «Городская поликлиника №3» коммунального государственного учреждения «Управление здравоохранения акимата Северо- Казахстанской области»,35985,5282,20403,7,9,0,230018,1368072079.5700684,2026-04-30 11:46:39
Коммунальное государственное предприятие на праве хозяйственного ведения «Городская поликлиника №3» управления здравоохранения Кызылординской области,24764,3566,19244,5,0,0,179214,1603070453.1860352,2026-04-30 11:46:39
Коммунальное государственное предприятие на праве хозяйственного ведения «Городская поликлиника №4» управления здравоохранения Кызылординской области,9998,212,6589,5,1,0,74500,501947208.310791,2026-04-30 11:46:39
Коммунальное государственное предприятие на праве хозяйственного ведения «Городская центральная поликлиника» управления здравоохранения Кызылординской области»,9584,153,7862,0,1,0,64441,720154791.5136719,2026-04-30 11:46:39
Коммунальное государственное предприятие на праве хозяйственного ведения «Государственный высший медицинский колледж имени Дуйсенби Калматаева» управления здравоохранения области Абай,906,0,906,0,17,169,27508,413862745.859375,2026-04-30 11:46:39
Коммунальное государственное предприятие на праве хозяйственного ведения «Жанакорганская многопрофильная центральная районная больница» управления здравоохранения Кызылординской области,170940,43176,111194,208,1987,800,1319082,19614082155.742676,2026-04-30 11:46:39
"Коммунальное государственное предприятие на праве хозяйственного ведения «Иртышская районная больница» управления здравоохранения Павлодарской области, акимата Павлодарской области.",42705,4241,24643,4,609,83,289386,3585742776.5268555,2026-04-30 11:46:39
Коммунальное государственное предприятие на праве хозяйственного ведения «Кармакшинская районная больница» управления здравоохранения Кызылординской области,146687,28891,86102,27,1640,425,1050958,14451640715.035645,2026-04-30 11:46:39
Коммунальное государственное предприятие на праве хозяйственного ведения «Курмангазинская районная больница» Управления здравоохранения Атырауской области»,85403,17311,47377,18,2071,408,619611,7266101724.354248,2026-04-30 11:46:39
Коммунальное государственное предприятие на праве хозяйственного ведения «Кызылординская областная инфекционная больница» управления здравоохранения Кызылординской области,154687,113459,104681,0,2900,1012,972617,17789691466.029217,2026-04-30 11:46:39
Коммунальное государственное предприятие на праве хозяйственного ведения «Кызылординский областной кожно-венерологический диспансер» управления здравоохранения Кызылординской области,25392,6668,16993,1,25,0,285045,2563830993.4785156,2026-04-30 11:46:39
Коммунальное государственное предприятие на праве хозяйственного ведения «Кызылординский областной онкологический центр» управления здравоохранения Кызылординской области,50236,17,40324,1,328,450,525760,26161362764.173897,2026-04-30 11:46:39
Коммунальное государственное предприятие на праве хозяйственного ведения «Кызылординский областной противотуберкулезный санаторий для детей и подростков» управления здравоохранения Кызылординской области,610,610,610,0,0,0,34758,242747998.27734375,2026-04-30 11:46:39
Коммунальное государственное предприятие на праве хозяйственного ведения «Многопрофильная больница города Темиртау» управления здравоохранения Карагандинской области,176059,19312,111471,197,6383,5885,1426417,22107092339.62039,2026-04-30 11:46:39
Коммунальное государственное предприятие на праве хозяйственного ведения «Многопрофильная детская областная больница» коммунального государственного учреждения «Управление здравоохранения акимата Северо - Казахстанской области»,170404,167392,115132,101,1566,287,1249533,21801314104.1167,2026-04-30 11:46:39
Коммунальное государственное предприятие на праве хозяйственного ведения «Многопрофильная областная больница» управления здравоохранения Кызылординской области,354729,15624,205971,30907,5236,4251,3221193,90921024266.80322,2026-04-30 11:46:39
Коммунальное государственное предприятие на праве хозяйственного ведения «Областная инфекционная больница» государственного учреждения «Управление здравоохранения области Жетісу»,41021,28506,41020,1,1271,258,244197,6987890808.855469,2026-04-30 11:46:39
Коммунальное государственное предприятие на праве хозяйственного ведения «Областной детский реабилитационный центр «Күншуақ» государственного учреждения «Управление здравоохранения области Жетісу»,5472,5463,5472,0,1,0,148240,866722794.3886719,2026-04-30 11:46:39
"Коммунальное государственное предприятие на праве хозяйственного ведения «Областной реабилитационный центр» управления здравоохранения Павлодарской области, акимата Павлодарской области",2040,2025,2040,0,3,0,22411,176063548.11914062,2026-04-30 11:46:39
Коммунальное государственное предприятие на праве хозяйственного ведения «Областной центр фтизиопульмонологии» управления здравоохранения Кызылординской области,12545,925,6502,0,77,379,997703,133559565.59759498,2026-04-30 11:46:39
Коммунальное государственное предприятие на праве хозяйственного ведения «Поликлиника города Жезказган» управления здравоохранения области Ұлытау,3866,1,2575,0,0,0,25397,176910388.71533203,2026-04-30 11:46:39
Коммунальное государственное предприятие на праве хозяйственного ведения «Районная больница Актогайского района»управления здравоохранения Карагандинской области,23577,2524,14545,0,162,31,170724,2376405547.548828,2026-04-30 11:46:39
"Коммунальное государственное предприятие на праве хозяйственного ведения «Районная больница Осакаровского района"" управления здравоохранения Карагандинской области",61444,5515,29032,1,655,238,464997,5287954913.794678,2026-04-30 11:46:39
Коммунальное государственное предприятие на праве хозяйственного ведения «Районная больница района Үлкен Нарын» управления здравоохранения Восточно-Казахстанской области,42001,7858,22696,14,184,31,286341,3584289172.220703,2026-04-30 11:46:39
"Коммунальное государственное предприятие на праве хозяйственного ведения Восточно-Казахстанский областной многопрофильный ""Центр Онкологии и Хирургии"" управления здравоохранения Восточно-Казахстанской области",86278,33,69343,557,292,320,828365,38024051146.03613,2026-04-30 11:46:39
Коммунальное государственное предприятие на праве хозяйственного ведения “Областной реабилитационный центр“,5229,1,5229,0,3,0,88698,960096008.0473633,2026-04-30 11:46:39
Коммунальное государственное предприятие на праве хозяйственного ведения “Районная больница Нуринского района” управления здравоохранения Карагандинской области,40456,6498,23774,9,432,147,282527,3795548378.2053223,2026-04-30 11:46:39
"Коммунальное государственное предприятие на праве хозяйственного ведения""Атырауский областной противотуберкулезный санаторий"" Управления здравоохранения Атырауской области""",715,0,715,0,1,0,45553,190299787.99560547,2026-04-30 11:46:39
"Коммунальное государственное предприятия на праве хозяйственного ведения ""Жамбылская многопрофильная центральная районная больница"" государственного учреждения ""Управление здравоохранения Алматинской области""",162153,29810,103680,2285,3207,1624,1111262,18947254995.684937,2026-04-30 11:46:39
"Коммунальное государственное предприятия на праве хозяйственного ведения ""Областной Реабилитационный центр ""КӘУСАР"" государственного учреждения ""Управление здравоохранение Алматинской области""",15766,10833,15766,0,4,0,368248,2771322990.8554688,2026-04-30 11:46:39
Коммунальное государственное предприятия на праве хозяйственного ведения «Кызылкогинская районная больница» Управления здравоохранения Атырауской области»,67756,11353,42277,21,634,136,459535,5246736975.11377,2026-04-30 11:46:39
"Коммунальное государственное учреждение ""Арысский межрайонный противотуберкулезный диспансер"" управления здравоохранения Южно-Казахстанской области",800,0,0,0,5,22,78448,385.5801909863949,2026-04-30 11:46:39
"Коммунальное государственное учреждение ""Аулиекольская районная противотуберкулезная больница"" Управления здравоохранения акимата Костанайской области",389,0,0,0,0,4,36997,163.79479604959488,2026-04-30 11:46:39
"Коммунальное государственное учреждение ""Байдибекский межрайонный противотуберкулезный диспансер"" управления здравоохранения Южно-Казахстанской области",802,0,0,0,5,22,64456,222.86499896273017,2026-04-30 11:46:39
"Коммунальное государственное учреждение ""Житикаринская районная противотуберкулезная больница"" Управления здравоохранения акимата Костанайской области",333,0,0,0,1,16,30733,76.8338977098465,2026-04-30 11:46:39
"Коммунальное государственное учреждение ""Затобольская межрайонная противотуберкулезная больница"" Управления здравоохранения акимата Костанайской области",1514,25,0,0,3,54,173377,417.79608353972435,2026-04-30 11:46:39
"Коммунальное государственное учреждение ""Казыгуртская районная противотуберкулезная больница"" управления здравоохранения Южно-Казахстанской области",31,0,0,0,0,9,2612,0.0,2026-04-30 11:46:39
"Коммунальное государственное учреждение ""Лисаковская городская противотуберкулезная больница"" Управления здравоохранения акимата Костанайской области",76,0,0,0,1,0,14581,0.0,2026-04-30 11:46:39
"Коммунальное государственное учреждение ""Мендыкаринская районная противотуберкулезная больница"" Управления здравоохранения акимата Костанайской области",184,0,0,0,0,53,25092,24.985398948192596,2026-04-30 11:46:39
"Коммунальное государственное учреждение ""Отрарская районная противотуберкулезная больница"" управления здравоохранения Южно-Казахстанской области",920,3,0,0,9,0,65962,263.07165394723415,2026-04-30 11:46:39
"Коммунальное государственное учреждение ""Рудненский противотуберкулезный диспансер"" Управления здравоохранения акимата Костанайской области",1703,0,0,0,24,127,154250,452.00758522748947,2026-04-30 11:46:39
"Коммунальное государственное учреждение ""Сайрамский межрайонный противотуберкулезный диспансер"" управления здравоохранения Южно-Казахстанской области",1405,0,0,0,13,56,92405,364.4100876422599,2026-04-30 11:46:39
"Коммунальное государственное учреждение ""Сарыагашский районный противотуберкулезный диспансер"" управления здравоохранения Южно-Казахстанской области",1029,2,0,0,13,21,86183,291.24854186177254,2026-04-30 11:46:39
"Коммунальное государственное учреждение ""Туркестанский межрайонный противотуберкулезный диспансер"" управления здравоохранения Южно-Казахстанской области",706,0,0,0,3,0,63216,155.22219359874725,2026-04-30 11:46:39
"Коммунальное государственное учреждение ""Шардаринский районный противотуберкулезный диспансер"" управления здравоохранения Южно-Казахстанской области",539,2,0,0,8,0,39634,60.06439858675003,2026-04-30 11:46:39
"Коммунальное государственное учреждение ""Шымкентский городской противотуберкулезный диспансер"" управления здравоохранения Южно-Казахстанской области",3161,619,0,0,125,10,281495,1102.8004841180518,2026-04-30 11:46:39
Коммунальное государственное учреждение «Жуалынский районный противотуберкулезный диспансер» Управления здравоохранения акимата Жамбылской области,50,0,0,0,0,0,6914,4.304299876093864,2026-04-30 11:46:39
Коммунальное государственное учреждение «Меркенский районный противотуберкулезный диспансер» Управления здравоохранения акимата Жамбылской области,79,1,0,0,0,0,7502,0.0,2026-04-30 11:46:39
Коммунальное государственное учреждение «Мойынкумская противотуберкулезная больница» Управления здравоохранения акимата Жамбылской области,181,0,0,0,1,61,29844,54.00329810380936,2026-04-30 11:46:39
Коммунальное государственное учреждение «Противотуберкулезная больница Кордайского района» Управления здравоохранения акимата Жамбылской области,393,0,0,0,0,9,58369,104.72149735689163,2026-04-30 11:46:39
Коммунальное государственное учреждение «Противотуберкулезная больница Шуского района» Управления здравоохранения акимата Жамбылской области,610,1,0,0,2,9,63035,150.64544665813446,2026-04-30 11:46:39
Коммунальное государственное учреждение «Противотуберкулезный диспансер Таласского района» Управления здравоохранения акимата Жамбылской области,248,1,0,0,2,3,32023,21.243049517273903,2026-04-30 11:46:39
Коммунальное государственное учреждение «Противотуберкулезный диспансер района им. Т. Рыскулова» Управления здравоохранения акимата Жамбылской области,503,1,0,0,1,4,36771,152.14447207190096,2026-04-30 11:46:39
"Коммунальное государственное учреждение “Павлодарский областной центр реабилитации лиц с ограниченными возможностями” управления здравоохранения Павлодарской области, акимата Павлодарской области",365,0,0,0,0,0,7824,0.0,2026-04-30 11:46:39
"Коммунальное государственное учреждение""Детский противотуберкулезный санаторий ""Гүлдер"" г.Абая"" управления здравоохранения Карагандинской области",317,317,0,0,0,0,32568,0.0,2026-04-30 11:46:39
Коммунальное государствое учреждение «Противотуберкулезный диспансер Сарысуского района» Управления здравоохранения акимата Жамбылской области,338,0,0,0,0,6,48105,87.23879677057266,2026-04-30 11:46:39
"Корпоративный фонд ""University Medical Center""",266056,151713,199330,24486,5555,1214,2606451,165357292316.42773,2026-04-30 11:46:39
"Корпоративный фонд ""University Medical Center"" Кызылординской области",841,831,841,0,0,0,20127,306789073.3125,2026-04-30 11:46:39
Корпоративный фонд «University Medical Center»,6623,6568,3748,0,10,0,155696,1650576002.5625,2026-04-30 11:46:39
Кызылординский филиал некоммерческого акционерного общества «Национальный центр детской реабилитации»,1805,1774,1805,0,0,0,43224,794262189.203125,2026-04-30 11:46:39
"Медицинское учреждение ""Медикус Центр""",12782,9,10977,1,24,0,68245,739200696.3818359,2026-04-30 11:46:39
"Медицинское учреждение ""Победа""",491,0,491,0,3,0,2440,45567748.72265625,2026-04-30 11:46:39
"Медицинское учреждение ""Поликлиника № 8 города Семей""",4290,1,4287,3,2,0,26160,329767347.5175781,2026-04-30 11:46:39
"Медицинское учреждение ""Центральная смотровая поликлиника""",12924,2,7321,0,5,0,72425,560340602.9765625,2026-04-30 11:46:39
"Негосударственное медицинское учреждение ""Детский санаторий ""Солнечный""",11532,7042,7435,0,21,0,185798,767704044.8783237,2026-04-30 11:46:39
"Негосударственное учреждение ""Семейно-врачебная амбулатория ""Шипагер""",1082,24,0,0,0,0,6566,18633495.80444336,2026-04-30 11:46:39
"Негосударственное учреждение Медицинский Центр ""Нур-Авиценум""",49715,72,33691,524,47,11,485100,8555968789.204102,2026-04-30 11:46:39
"Негосударственное учреждение семейная врачебная амбулатория ""ИНТЕРТИЧ"" города Астана",3511,2,3168,1,0,0,21524,171527971.82226562,2026-04-30 11:46:39
"Некомерческое акционерное общество ""Национальный центр детской реабилитации""",13996,13693,13788,208,19,0,319656,11309528426.533203,2026-04-30 11:46:39
"Некоммерческое акционерное общество ""Западно-Казахстанский медицинский университет имени Марата Оспанова""",134493,1525,85608,0,1691,1332,1332366,54030215744.41504,2026-04-30 11:46:39
"Некоммерческое акционерное общество ""Казахский национальный медицинский университет имени С. Д. Асфендиярова""",55913,30534,54231,1681,158,26,479140,18026644985.634277,2026-04-30 11:46:39
"Некоммерческое акционерное общество ""Карагандинский медицинский университет""",5953,282,5885,68,70,142,43562,1293246695.2631836,2026-04-30 11:46:39
"Некоммерческое акционерное общество ""Медицинский университет Караганды"" ",30593,977,27002,1131,288,355,227193,4507467217.424561,2026-04-30 11:46:39
"Некоммерческое акционерное общество ""Медицинский университет Семей""",167851,43332,167129,209,3190,1367,1401950,44189738052.98242,2026-04-30 11:46:39
"Некоммерческое акционерное общество ""Национальный научный кардиохирургический центр''",28209,5858,27693,506,206,279,233132,58481054397.288574,2026-04-30 11:46:39
"Некоммерческое акционерное общество ""Центр сердца Шымкент""",26652,8,23841,2810,304,450,189659,34888123227.650635,2026-04-30 11:46:39
Некоммерческое акционерное общество «Национальный центр гигиены труда и профессиональных заболеваний»,3207,0,2960,247,1,0,28136,725876828.2304688,2026-04-30 11:46:39
"Общественное объединение ""Ассоциация родителей детей-инвалидов ""АРДИ""",1775,1768,1775,0,2,0,42307,251608847.74365234,2026-04-30 11:46:39
"Общественное объединение ""Объединение родителей детей с аутизмом города Астаны ""ОРДА""",590,228,590,0,0,0,8728,123057673.109375,2026-04-30 11:46:39
"Общественный фонд ""Болашак К""",2323,1552,2323,0,0,0,27251,198606870.20996094,2026-04-30 11:46:39
Общественный фонд Өркениетті келешек ,203,201,203,0,0,0,3433,21696942.560546875,2026-04-30 11:46:39
"Павлодарский филиал Товарищество с ограниченной ответственностью ""Almaz Medical Group""",7108,1,7108,0,5,0,43878,567889846.6484375,2026-04-30 11:46:39
"Павлодарский филиал Товарищество с ограниченной ответственностью ""Almaz Medical Group"" ",10258,1,10258,0,1,0,58974,520235032.9604492,2026-04-30 11:46:39
"Полное товарищества ""Эскулап"" Енбекшиказахский район",1136,2,0,0,0,0,7702,17049115.071289062,2026-04-30 11:46:39
"Представительство ТОО ""IDSenim"" в г. Усть-Каменогорск",1,0,0,0,0,0,6,82169.765625,2026-04-30 11:46:39
"Представительство ТОО ""МОД и компания"" в городе Астана",13064,3,11669,0,8,0,82427,1180249553.4780273,2026-04-30 11:46:39
"Представительство товарищества с ограниченной ответственностью ""B.B.NURA""-""Центр нефрологии и эфферентной терапии"" в городе Семей""",3894,49,1799,0,1,0,93678,1091372835.0839844,2026-04-30 11:46:39
"Представительство товарищество с ограниченной ответственностью ""МОД и компания"" в городе Шымкент",10326,62,6334,0,13,0,77580,721524607.9628906,2026-04-30 11:46:39
"Производственный кооператив ""ДИСКОНТ""",25220,48,15398,0,26,0,130724,1133592263.9680176,2026-04-30 11:46:39
"Производственный кооператив ""Каратал""",1587,4,296,0,1,0,13912,30124694.30517578,2026-04-30 11:46:39
"Производственный кооператив ""Нурболат""",15462,121,14340,2,6,0,120452,2077922658.9541016,2026-04-30 11:46:39
"Производственный кооператив ""Поликлиника Чапаевка""",5129,202,3098,0,0,0,32292,217001767.57788086,2026-04-30 11:46:39
"Производственный кооператив ""Торабтык аурухана""",30669,7577,20776,0,48,0,246236,2513943806.6064453,2026-04-30 11:46:39
Психоневрологическая больница Кызылординская обл.,19018,3324,4355,0,79,46,887421,8138.909753009677,2026-04-30 11:46:39
"РГК ""Центральная клиническая больница Медицинского центра Управления делами Президента Республики Казахстан"" на ПХВ",143,0,0,0,0,0,1344,40991248.14453125,2026-04-30 11:46:39
"РГКП ""Республиканский центр реабилитации для детей и подростков"" МЗ РК",1582,1533,0,0,0,0,71435,607416544.8007812,2026-04-30 11:46:39
"Республиканское государственное казенное предприятие ""Республиканская детская клиническая больница ""Аксай"" Министерства здравоохранения Республики Казахстан",13686,13636,0,0,10,9,164620,2967163547.621582,2026-04-30 11:46:39
"Республиканское государственное казенное предприятие ""Республиканский научно-практический центр медико-социальных проблем наркомании"" Министерства здравоохранения и социального развития Республики Казахстан",4581,0,0,380,10,0,197096,1260584020.0,2026-04-30 11:46:39
Республиканское государственное казенное предприятие «Научно-исследовательский институт радиационной медицины и экологии» Министерства здравоохранения Республики Казахстан (г.Семей),8144,0,1219,0,4,2,78103,722438205.9482422,2026-04-30 11:46:39
"Республиканское государственное предприятие ""Больница Медицинского центра Управления Делами Президента Республики Казахстан"" на праве хозяйственного ведения",51428,44,39760,1,172,111,401436,38586589457.50391,2026-04-30 11:46:39
"Республиканское государственное предприятие на праве хозяйственного ведения ""Государственный медицинский университет города Семей"" Министерства здравоохранения республики Казахстан",121029,40064,17675,266,1935,1215,1205986,17134701059.683838,2026-04-30 11:46:39
"Республиканское государственное предприятие на праве хозяйственного ведения ""Детский клинический санаторий ""Алатау"" Министерства здравоохранения Республики Казахстан",25723,25722,16192,6,36,0,485751,3900858293.2036133,2026-04-30 11:46:39
"Республиканское государственное предприятие на праве хозяйственного ведения ""Западно-Казахстанский аграрно-технический университет имени Жангир хана"" Министерства образования и науки Республики Казахстан",612,8,0,0,0,0,4172,11247538.3125,2026-04-30 11:46:39
"Республиканское государственное предприятие на праве хозяйственного ведения ""Казахский научный центр дерматологии и инфекционных заболеваний"" Министерства здравоохранения Республики Казахстан",11130,3485,10170,958,41,2,105608,1407018805.3955078,2026-04-30 11:46:39
"Республиканское государственное предприятие на праве хозяйственного ведения ""Научно - исследовательский кожно-венерологический институт"" Министерства здравоохранения Республики Казахстан",13802,2849,1746,0,15,2,154460,922248505.8803711,2026-04-30 11:46:39
"Республиканское государственное предприятие на праве хозяйственного ведения ""Научно-исcледовательский институт курортологии и медицинской реабилитации"" Министерства здравоохранения Республики Казахстан",73902,10821,50220,0,18,5,1253512,14515759785.249512,2026-04-30 11:46:39
"Республиканское государственное предприятие на праве хозяйственного ведения ""Национальный госпиталь Медицинского центра Управления делами Президента Республики Казахстан""",4880,0,4880,0,8,18,41428,5033732358.7265625,2026-04-30 11:46:39
"Республиканское государственное предприятие на праве хозяйственного ведения ""Национальный координационный центр экстренной медицины"" Министерства здравоохранения Республики Казахстан",10420,115,10317,103,197,109,66024,5245712339.373291,2026-04-30 11:46:39
"Республиканское государственное предприятие на праве хозяйственного ведения ""Национальный научный центр травматологии и ортопедии имени академика Батпенова Н.Д."" Министерства здравоохранения Республики Казахстан",171457,7239,92106,8097,716,402,1776366,67199011228.718506,2026-04-30 11:46:39
"Республиканское государственное предприятие на праве хозяйственного ведения ""Национальный научный центр фтизиопульмонологии Республики Казахстан"" Министерства здравоохранения Республики Казахстан",23766,2670,15014,1,105,253,1648991,30574315486.393555,2026-04-30 11:46:39
"Республиканское государственное предприятие на праве хозяйственного ведения ""Национальный центр гигиены труда и профессиональных заболеваний"" Министерства здравоохранения Республики Казахстан",27357,4,3986,1497,6,0,277588,1848609009.161621,2026-04-30 11:46:39
"Республиканское государственное предприятие на праве хозяйственного ведения ""Республиканский научно-практический центр психиатрии, психотерапии и наркологии"" Министерства здравоохранения Республики Казахстан",13317,2650,0,0,20,6,382702,2650339291.0,2026-04-30 11:46:39
"Республиканское государственное предприятие на праве хозяйственного ведения ""Республиканский научно-практический центр психического здоровья"" Министерства здравоохранения Республики Казахстан",28063,5541,25644,855,68,14,774944,11723306547.07129,2026-04-30 11:46:39
"Республиканское государственное предприятие на праве хозяйственного ведения ""Республиканский центр первичной медико-санитарной помощи"" Министерства здравоохранения Республики Казахстан",33127,1202,24164,1,75,0,176191,2126513548.7409668,2026-04-30 11:46:39
Республиканское государственное предприятие на праве хозяйственного ведения «Центральный клинический госпиталь для ветеранов Отечественной войны» Министерства здравоохранения Республики Казахстан,32797,4,20382,3,37,10,323251,8285637616.52002,2026-04-30 11:46:39
"Республиканское государственное учреждение ""Военный госпиталь город Актобе"" Министерства обороны Республики Казахстан",50,0,50,0,0,0,471,7536768.703125,2026-04-30 11:46:39
"Республиканское государственное учреждение ""Военный госпиталь город Талдыкорган"" Министерства обороны Республики Казахстан ",113,0,113,0,0,0,911,19761630.0859375,2026-04-30 11:46:39
"Республиканское государственное учреждение ""Военный госпиталь, город Тараз"" Министерства обороны Республики Казахстан",265,0,265,0,0,0,2595,41000363.09375,2026-04-30 11:46:39
"Республиканское государственное учреждение ""Военный клинический госпиталь"" Министерства обороны Республики Казахстан",890,1,890,0,0,0,8131,168795322.24609375,2026-04-30 11:46:39
"Республиканское государственное учреждение ""Военный лазарет, город Караганда"" Министерства обороны Республики Казахстан",204,0,204,0,0,0,1852,39253755.328125,2026-04-30 11:46:39
"Республиканское государственное учреждение ""Военный лазарет, город Усть-Каменогорск"" Министерства обороны Республики Казахстан",149,0,149,0,0,0,1046,26265565.3125,2026-04-30 11:46:39
"Республиканское государственное учреждение ""Войсковая часть 63302""",26,0,26,0,0,0,213,5062066.125,2026-04-30 11:46:39
"Республиканское государственное учреждение ""Главный военный клинический госпиталь"" Министерства обороны Республики Казахстан",514,0,514,0,18,0,2846,143038959.6484375,2026-04-30 11:46:39
"Республиканское государственное учреждение ""Центральный военный госпиталь с поликлиникой Комитета национальной безопасности Республики Казахстан""",914,0,914,0,2,0,5242,159948805.13671875,2026-04-30 11:46:39
"Семейское медико-социальное учреждение ""Санаторий ""KARAGAILY""",9498,32,9498,0,103,2,144769,2446604938.8085938,2026-04-30 11:46:39
"Социально-экологическое общественное объединение ""Солярис""",1440,0,0,0,54,310,14747,116776103.72705078,2026-04-30 11:46:39
"ТОВАРИЩЕСТВО С ОГРАНИЧЕННОЙ ОТВЕСТВЕННОСТЬЮ ""Гранд Мед""",1462,7,1462,0,1,0,7658,63015632.73925781,2026-04-30 11:46:39
"ТОВАРИЩЕСТВО С ОГРАНИЧЕННОЙ ОТВЕТСТВЕННОСТЬЮ ""NEPHRO LIFE PLUS""",562,0,562,0,0,0,11010,184286376.92773438,2026-04-30 11:46:39
"ТОВАРИЩЕСТВО С ОГРАНИЧЕННОЙ ОТВЕТСТВЕННОСТЬЮ ""ЛЕЧЕБНО-ДИАГНОСТИЧЕСКИЙ ЦЕНТР ""СУНКАР-ТАРАЗ""",6619,0,6619,0,0,0,167000,2750619144.125,2026-04-30 11:46:39
"ТОВАРИЩЕСТВО С ОГРАНИЧЕННОЙ ОТВЕТСТВЕННОСТЬЮ ""МНОГОПРОФИЛЬНАЯ КЛИНИКА ""SOFIE MEDGROUP"" /СОФИ МЕДГРУПП/	",22604,43,21247,321,129,38,143740,10398889486.02002,2026-04-30 11:46:39
"ТОВАРИЩЕСТВО С ОГРАНИЧЕННОЙ ОТВЕТСТВЕННОСТЬЮ ""Медицинский центр ""Зрение""",24,0,0,0,0,0,120,3331620.6875,2026-04-30 11:46:39
"ТОВАРИЩЕСТВО С ОГРАНИЧЕННОЙ ОТВЕТСТВЕННОСТЬЮ ""Медицинский центр ""МИРАС""",1276,3,662,135,3,1,8360,136480988.06933594,2026-04-30 11:46:39
ТОВАРИЩЕСТВО С ОГРАНИЧЕННОЙ ОТВЕТСТВЕННОСТЬЮ «HIGH-TECH MEDICINE»,450,0,435,15,0,0,1992,129926767.8984375,2026-04-30 11:46:39
"ТОО ""VESTRI MEDICUS""",92,82,0,92,53,0,203,0.0,2026-04-30 11:46:39
"ТОО ""Востокцветмет""",2060,10,0,0,5,2,16067,120946232.41601562,2026-04-30 11:46:39
"ТОО ""Ирис СТ""",30,1,0,0,0,0,234,1217545.46875,2026-04-30 11:46:39
"ТОО ""Медицинская компания ""Сункар""",339,0,0,0,1,0,6670,100238551.49023438,2026-04-30 11:46:39
"ТОО ""Шипа-7""",482,3,0,0,9,0,8822,136053659.34179688,2026-04-30 11:46:39
ТОО Caspian Health Service,7,0,7,0,0,0,45,159476.8837890625,2026-04-30 11:46:39
"Товарещество с ограниченной ответственностью ""Sabila Medical""",71,0,71,0,0,0,569,1499074.6728515625,2026-04-30 11:46:39
"Товарещество с ограниченной ответственностью Медцентр ""Аманат""",4190,4,728,7,27,0,23942,139729944.4711914,2026-04-30 11:46:39
"Товаришество с ограниченной ответственностью ""Медицинский центр ""Neuro Vita""",3593,1,3495,98,1,0,43504,593286664.7001953,2026-04-30 11:46:39
"Товаришество с ограниченной ответственностью ""Медицинский центр ""Серпін""",4327,265,4327,0,0,0,62332,673807693.1777344,2026-04-30 11:46:39
Товаришество с ограниченной ответственностью ''Областной консультативно-диагностический медицинский центр Садыхан'',14786,1719,14756,30,0,0,130616,1148630143.1069336,2026-04-30 11:46:39
"Товарищества с ограниченной ответственностью ""ADAL CLINIC""",339,0,338,1,1,0,3640,64811989.9453125,2026-04-30 11:46:39
"Товарищества с ограниченной ответственностью ""B.B.NURA""",511,0,511,0,0,0,10788,196969502.48046875,2026-04-30 11:46:39
"Товарищества с ограниченной ответственностью ""BN-Med""",55,0,55,0,0,0,636,6957992.6015625,2026-04-30 11:46:39
"Товарищества с ограниченной ответственностью ""CARDIO-TURKESTAN""",1450,0,1437,13,6,0,7899,1070896012.3320312,2026-04-30 11:46:39
"Товарищества с ограниченной ответственностью ""DOCTOR A.D.A.""",130,0,129,1,0,0,801,10901356.84765625,2026-04-30 11:46:39
"Товарищества с ограниченной ответственностью ""Da'rmen clinic""",300,1,300,0,0,0,1422,23081084.94921875,2026-04-30 11:46:39
"Товарищества с ограниченной ответственностью ""EASY LIFE CONSULTING GROUP"" ",9,0,9,0,0,0,31,2231456.078125,2026-04-30 11:46:39
"Товарищества с ограниченной ответственностью ""EcoLine Health""",762,0,762,0,0,0,16903,305131492.67578125,2026-04-30 11:46:39
"Товарищества с ограниченной ответственностью ""Fito Medical""",6163,12,6160,2,0,0,36116,469427477.93847656,2026-04-30 11:46:39
"Товарищества с ограниченной ответственностью ""Health Care Atyrau""",359,0,359,0,0,0,2908,447791307.765625,2026-04-30 11:46:39
"Товарищества с ограниченной ответственностью ""Jacksoft MDS. Клиника""",2160,1,2098,62,0,0,15013,280213554.0078125,2026-04-30 11:46:39
"Товарищества с ограниченной ответственностью ""KEREMET - 2024 Medicinalyq Ortalygy""",358,0,357,1,0,0,3108,41495000.9296875,2026-04-30 11:46:39
"Товарищества с ограниченной ответственностью ""MedCenter.Kz""",69,1,69,0,0,0,395,4525088.8125,2026-04-30 11:46:39
"Товарищества с ограниченной ответственностью ""Nefro Care""",708,0,628,0,0,0,16610,210744326.4140625,2026-04-30 11:46:39
"Товарищества с ограниченной ответственностью ""Nephrolife Aktobe""",105,0,105,0,0,0,2496,38081401.39453125,2026-04-30 11:46:39
"Товарищества с ограниченной ответственностью ""Nephrolife BIV Atyrau""",625,0,625,0,0,0,15254,238666420.9375,2026-04-30 11:46:39
"Товарищества с ограниченной ответственностью ""Nephrolife""",4447,0,4447,0,0,0,100097,1812773999.6601562,2026-04-30 11:46:39
"Товарищества с ограниченной ответственностью ""Nurmed Turkistan""",829,4,826,3,0,0,5607,79522795.6953125,2026-04-30 11:46:39
"Товарищества с ограниченной ответственностью ""OPEN CLINIC""",1152,17,1152,0,0,0,7609,74244338.31054688,2026-04-30 11:46:39
"Товарищества с ограниченной ответственностью ""PERSONA MEDICAL""",1,0,1,0,0,0,10,246684.234375,2026-04-30 11:46:39
"Товарищества с ограниченной ответственностью ""TAN Clinic""",7,0,7,0,0,0,39,436633.3828125,2026-04-30 11:46:39
"Товарищества с ограниченной ответственностью ""Talma medical""",115,0,115,0,0,0,465,27753437.328125,2026-04-30 11:46:39
"Товарищества с ограниченной ответственностью ""АлиДан Медикал""",10,0,10,0,0,0,61,172050.77001953125,2026-04-30 11:46:39
"Товарищества с ограниченной ответственностью ""Ақ-Сұңқар-Ж""",1997,16,1996,0,0,0,15368,100174360.83886719,2026-04-30 11:46:39
"Товарищества с ограниченной ответственностью ""В.В.Nura""",6653,0,6653,0,2,2,133630,2157379636.875,2026-04-30 11:46:39
"Товарищества с ограниченной ответственностью ""Жанұя 61""",75,0,74,1,0,0,508,5902769.515625,2026-04-30 11:46:39
"Товарищества с ограниченной ответственностью ""Жүрек медицина орталығы""",457,0,456,1,0,0,4510,110758059.578125,2026-04-30 11:46:39
"Товарищества с ограниченной ответственностью ""Зубайра""",14,0,14,0,0,0,119,1301888.55078125,2026-04-30 11:46:39
"Товарищества с ограниченной ответственностью ""Клиника Али-Нур Мед""",2581,0,2581,0,0,0,18173,190133856.91210938,2026-04-30 11:46:39
"Товарищества с ограниченной ответственностью ""Клиника Денсаулык""",2939,2,2936,3,0,0,15801,186548002.7421875,2026-04-30 11:46:39
"Товарищества с ограниченной ответственностью ""Клиника Каметов""",741,4,741,0,0,0,4737,59592162.55859375,2026-04-30 11:46:39
"Товарищества с ограниченной ответственностью ""Клиника Панацея""",548,21,548,0,0,0,3619,38799136.423828125,2026-04-30 11:46:39
"Товарищества с ограниченной ответственностью ""МК Зейн Атырау""",2703,0,2702,0,0,0,71086,944422132.3203125,2026-04-30 11:46:39
"Товарищества с ограниченной ответственностью ""МН - АРТ""",590,1,588,2,0,0,3846,51074660.298828125,2026-04-30 11:46:39
"Товарищества с ограниченной ответственностью ""МЦ Кардиомед""",3054,0,3054,0,5,1,19589,533048335.3730469,2026-04-30 11:46:39
"Товарищества с ограниченной ответственностью ""Медина Клиник""",3157,1,3157,0,0,0,15827,235933367.94433594,2026-04-30 11:46:39
"Товарищества с ограниченной ответственностью ""Нефрос Азия"" Жамбыл обл",7709,17,7709,0,0,0,165416,2760739367.71875,2026-04-30 11:46:39
"Товарищества с ограниченной ответственностью ""Нефрос Азия"" в городе Уральск",14522,0,14522,0,0,0,368541,5970275119.349609,2026-04-30 11:46:39
"Товарищества с ограниченной ответственностью ""Нефрос Азия"" филиал г. Караганды",11162,0,6570,0,1,3,279251,3394864237.0390625,2026-04-30 11:46:39
"Товарищества с ограниченной ответственностью ""Премиум-Мед""",9708,5,9707,0,1,0,58792,938888364.1240234,2026-04-30 11:46:39
"Товарищества с ограниченной ответственностью ""Профимедика""",2091,1,2086,5,1,0,22564,371659936.3066406,2026-04-30 11:46:39
"Товарищества с ограниченной ответственностью ""Профмед""",160,0,160,0,0,0,905,5967750.111328125,2026-04-30 11:46:39
"Товарищества с ограниченной ответственностью ""Реабилитационный центр ""Акбобек""",20148,20148,20148,0,2,0,279547,2270256873.402832,2026-04-30 11:46:39
"Товарищества с ограниченной ответственностью ""Реабилитационный центр ""Темірлан""",377,0,377,0,0,0,4958,122213041.609375,2026-04-30 11:46:39
"Товарищества с ограниченной ответственностью ""Роза Медикал""",2429,2,2425,4,1,0,13299,135491345.12646484,2026-04-30 11:46:39
"Товарищества с ограниченной ответственностью ""Санаторий Асем Ай""",761,1,761,0,0,0,9610,216034819.40625,2026-04-30 11:46:39
"Товарищества с ограниченной ответственностью ""ТТи К""",3745,3,3745,0,0,0,18805,276592335.4453125,2026-04-30 11:46:39
"Товарищества с ограниченной ответственностью ""ШИПАЛЫ-АЯЛА""",108,0,106,2,0,0,557,9521054.533203125,2026-04-30 11:46:39
Товарищества с ограниченной ответственностью «JAK CORPORATION»,649,17,649,0,1,0,4469,46123129.736328125,2026-04-30 11:46:39
Товарищества с ограниченной ответственностью «Нефрос Азия Атырау,8011,0,7943,0,0,0,193433,3025801026.0976562,2026-04-30 11:46:39
Товарищества с ограниченной ответственностью «Хорасан-мед»,703,0,703,0,1,0,4452,233682143.3046875,2026-04-30 11:46:39
"Товарищество c ограниченной ответственностью ""Ясли-сад"" Балбөбек-1""",1725,457,1717,8,0,0,9626,153702014.43164062,2026-04-30 11:46:39
Товарищество c ограниченной ответственностью «Medical Advance»,3719,0,3719,0,0,0,92476,1542536674.9648438,2026-04-30 11:46:39
"Товарищество ограниченной ответственностьсю ""Zhetysu medical""",535,2,535,0,0,0,3601,48805915.3359375,2026-04-30 11:46:39
"Товарищество с ограниченной ответсвенностью ""ALZAMER"" г.Капшагай",287,0,61,0,0,0,5906,83996858.4609375,2026-04-30 11:46:39
"Товарищество с ограниченной ответсвенностью ""ALZAMER"" г.Уштобе",81,0,0,0,0,0,1544,24950855.625,2026-04-30 11:46:39
"Товарищество с ограниченной ответсвенностью ""Ар-Абат"" г.Талдыкорган",15,0,0,0,0,0,269,3605463.9453125,2026-04-30 11:46:39
"Товарищество с ограниченной ответсвтенностью ""Ар-Абат""",833,0,832,0,0,0,17880,243934477.5986328,2026-04-30 11:46:39
"Товарищество с ограниченной ответственностью  ""Nephrolife""",2546,0,2546,0,0,0,60556,1019492873.1914062,2026-04-30 11:46:39
"Товарищество с ограниченной ответственностью  ""Поликлиника № 6 города Семей""",20813,21,18127,3,1,0,124716,1396489494.025879,2026-04-30 11:46:39
"Товарищество с ограниченной ответственностью "" ""Алгамед""""",2070,19,2069,1,0,0,17730,208585617.89501953,2026-04-30 11:46:39
"Товарищество с ограниченной ответственностью "" Реабилитационный центр ""Балақай""",199,197,199,0,0,0,3191,18591570.453125,2026-04-30 11:46:39
"Товарищество с ограниченной ответственностью """"Talgar Clinic""""",1606,1,1604,2,1,0,10206,114259074.30078125,2026-04-30 11:46:39
"Товарищество с ограниченной ответственностью """"Аль Сана Medical""""",1071,1,1071,0,0,0,7936,167565298.125,2026-04-30 11:46:39
"Товарищество с ограниченной ответственностью """"Медицинский центр ""АЯЛА-МЕД""""",1411,0,1411,0,10,0,8669,104287303.90625,2026-04-30 11:46:39
"Товарищество с ограниченной ответственностью """"МерекеМед""""",162,0,162,0,0,0,854,34276446.765625,2026-04-30 11:46:39
"Товарищество с ограниченной ответственностью """"Сабина-Нұр Мед""""",393,142,393,0,0,0,2747,36735388.46484375,2026-04-30 11:46:39
"Товарищество с ограниченной ответственностью ""A CLINIC""",3564,152,3563,1,0,0,30685,293223497.9291992,2026-04-30 11:46:39
"Товарищество с ограниченной ответственностью ""A-Class Med""",2208,6,2208,0,0,0,50180,917079280.640625,2026-04-30 11:46:39
"Товарищество с ограниченной ответственностью ""A-Class Medical"" (""А-Класс Медикал"")",1534,0,1534,0,0,0,30937,496545997.7578125,2026-04-30 11:46:39
"Товарищество с ограниченной ответственностью ""A-Class Medical"" (""А-Класс Медикал"") Алм. обл",2700,2,2700,0,0,0,59491,1065545485.7050781,2026-04-30 11:46:39
"Товарищество с ограниченной ответственностью ""A-Mira clinic""",157,0,156,1,1,0,776,13798111.982421875,2026-04-30 11:46:39
"Товарищество с ограниченной ответственностью ""A.S.K. MED""",3092,229,0,3088,363,11,15536,895.0885687619448,2026-04-30 11:46:39
"Товарищество с ограниченной ответственностью ""AB medical""",6502,61,6501,1,5,0,40291,923719743.9921875,2026-04-30 11:46:39
"Товарищество с ограниченной ответственностью ""ADIL.KZ""",4058,40,4058,0,0,0,36171,414708199.7949219,2026-04-30 11:46:39
"Товарищество с ограниченной ответственностью ""AIBARMED""",257,57,257,0,0,0,1746,31998280.078125,2026-04-30 11:46:39
"Товарищество с ограниченной ответственностью ""ALEXEY SULTAN-AKHMET""",13130,402,13129,1,0,0,90291,1046567983.8862305,2026-04-30 11:46:39
"Товарищество с ограниченной ответственностью ""ALI-Prodaction""",5037,0,5036,1,0,0,31204,552859158.0351562,2026-04-30 11:46:39
"Товарищество с ограниченной ответственностью ""ALIJAR MED""",801,0,800,1,0,0,5416,26345362.971679688,2026-04-30 11:46:39
"Товарищество с ограниченной ответственностью ""ALMASEMED""",781,1,779,2,0,0,6216,127087496.1875,2026-04-30 11:46:39
"Товарищество с ограниченной ответственностью ""ALYA MED""",4601,64,4601,0,0,0,29341,360850216.16796875,2026-04-30 11:46:39
"Товарищество с ограниченной ответственностью ""ALZAMER""",1789,0,922,0,0,0,35417,517181709.3730469,2026-04-30 11:46:39
"Товарищество с ограниченной ответственностью ""AMANKOS Clinic""",1259,1,1259,0,1,0,20291,318841194.38671875,2026-04-30 11:46:39
"Товарищество с ограниченной ответственностью ""AMARA Investment""",3764,0,3722,42,77,447,98697,995060789.9794922,2026-04-30 11:46:39
"Товарищество с ограниченной ответственностью ""ASEL-JAN""",688,3,687,1,0,0,4014,52849207.640625,2026-04-30 11:46:39
"Товарищество с ограниченной ответственностью ""ASEM MEDICAL""",1374,29,1374,0,0,0,10791,122571997.93359375,2026-04-30 11:46:39
"Товарищество с ограниченной ответственностью ""ASIA MED clinic""",2868,0,2868,0,0,0,10819,1290271323.7109375,2026-04-30 11:46:39
"Товарищество с ограниченной ответственностью ""ASMS Farm""",209,3,209,0,0,0,1047,19202741.099609375,2026-04-30 11:46:39
"Товарищество с ограниченной ответственностью ""ASTANA VISION PAVLODAR""",5614,0,5540,0,1,0,22607,1237239918.0175781,2026-04-30 11:46:39
"Товарищество с ограниченной ответственностью ""ASTANA VISION SHYMKENT""",10003,0,8270,1,3,0,52241,2351350102.385742,2026-04-30 11:46:39
"Товарищество с ограниченной ответственностью ""ASTANA VISION""",5690,0,4535,0,5,0,28159,1448451366.1992188,2026-04-30 11:46:39
"Товарищество с ограниченной ответственностью ""ASTRAMED""",537,1,537,0,1,0,1781,51994490.23828125,2026-04-30 11:46:39
"Товарищество с ограниченной ответственностью ""ASYL NUR Clinic""",217,1,101,0,0,0,1415,4627036.6640625,2026-04-30 11:46:39
"Товарищество с ограниченной ответственностью ""ATLANT CLINIC""",2606,1,2606,0,0,0,18162,228911704.1875,2026-04-30 11:46:39
"Товарищество с ограниченной ответственностью ""Abroy-clinic""",380,0,380,0,0,0,2140,34120314.6171875,2026-04-30 11:46:39
"Товарищество с ограниченной ответственностью ""Absolute technology (Абсолют Технолоджи)""",1429,1,1429,0,0,0,7931,102756769.109375,2026-04-30 11:46:39
"Товарищество с ограниченной ответственностью ""Aesthetic Life""",40,1,40,0,9,0,96,6457675.859375,2026-04-30 11:46:39
"Товарищество с ограниченной ответственностью ""Ailin-clinic""",605,1,605,0,0,0,3843,42742925.529296875,2026-04-30 11:46:39
"Товарищество с ограниченной ответственностью ""Alanda Clinic""",3432,0,3427,5,3,2,14244,1093462796.6298828,2026-04-30 11:46:39
"Товарищество с ограниченной ответственностью ""Alatau Assistance""",331,1,331,0,0,0,1682,21886737.400390625,2026-04-30 11:46:39
"Товарищество с ограниченной ответственностью ""Alfa Med (Альфа Мед)""",1937,4,1937,0,0,0,11060,126962049.87304688,2026-04-30 11:46:39
"Товарищество с ограниченной ответственностью ""Almaty Clinic""",470,12,470,0,0,0,2371,33975636.8984375,2026-04-30 11:46:39
"Товарищество с ограниченной ответственностью ""Almaty Medical Corporation""",221,0,221,0,0,0,1533,4580033.3369140625,2026-04-30 11:46:39
"Товарищество с ограниченной ответственностью ""Almaty Sema Hospital""",1237,0,439,798,390,1,4070,201645158.07421875,2026-04-30 11:46:39
"Товарищество с ограниченной ответственностью ""Aman medicus""",105,0,105,0,0,0,702,14024291.109375,2026-04-30 11:46:39
"Товарищество с ограниченной ответственностью ""AmirMed group""",321,3,321,0,0,0,1647,26849263.05859375,2026-04-30 11:46:39
"Товарищество с ограниченной ответственностью ""Apple Clinic""",905,0,905,0,0,0,18035,338165045.46484375,2026-04-30 11:46:39
"Товарищество с ограниченной ответственностью ""AraiMed""",83,1,83,0,0,0,555,7953858.2890625,2026-04-30 11:46:39
"Товарищество с ограниченной ответственностью ""Astana Vision Semey""",6493,246,6492,1,2,0,30704,1595908540.2011719,2026-04-30 11:46:39
"Товарищество с ограниченной ответственностью ""B.B. NURA"" г.Кокшетау",13006,11,11581,1,0,0,324165,4810099757.759766,2026-04-30 11:46:39
"Товарищество с ограниченной ответственностью ""B.B.NURA""",49704,9,44805,0,3,6,1076926,16782586312.988281,2026-04-30 11:46:39
"Товарищество с ограниченной ответственностью ""BASSK""",2765,1,2409,0,1,0,14901,155898047.8774414,2026-04-30 11:46:39
"Товарищество с ограниченной ответственностью ""BATYSMED""",88,1,88,0,0,0,500,5709948.19921875,2026-04-30 11:46:39
"Товарищество с ограниченной ответственностью ""BAZISMED""",2066,0,2066,0,2,0,12198,148515948.2421875,2026-04-30 11:46:39
"Товарищество с ограниченной ответственностью ""BB DIACARE KAZAKHSTAN"" (БИБИ ДИАКЕЙР КАЗАХСТАН) ",16831,13,16831,0,0,0,375960,6457277046.9140625,2026-04-30 11:46:39
"Товарищество с ограниченной ответственностью ""BB DIACARE KAZAKHSTAN"" (БиБи ДИАКЕЙР КАЗАХСТАН)",8775,0,7796,0,0,1,182670,3147599266.4804688,2026-04-30 11:46:39
"Товарищество с ограниченной ответственностью ""BELMED""",108,0,108,0,0,0,1589,18918993.015625,2026-04-30 11:46:39
"Товарищество с ограниченной ответственностью ""BESTMED CLINIC""",435,0,435,0,0,0,2604,16938070.451171875,2026-04-30 11:46:39
"Товарищество с ограниченной ответственностью ""BOTA BALALAR EMHANASY"" ",1076,0,1076,0,0,0,7633,77794800.90625,2026-04-30 11:46:39
"Товарищество с ограниченной ответственностью ""BZ Холдинг""",2027,2,2026,1,0,0,12194,182727414.35742188,2026-04-30 11:46:39
"Товарищество с ограниченной ответственностью ""Batyr-Clinic""",1089,0,1089,0,0,0,15681,291793649.34765625,2026-04-30 11:46:39
"Товарищество с ограниченной ответственностью ""Batys Clinic""",261,1,259,2,0,0,1415,22160157.599609375,2026-04-30 11:46:39
"Товарищество с ограниченной ответственностью ""BeneDial""",523,0,0,0,1,0,13725,152422293.9375,2026-04-30 11:46:39
"Товарищество с ограниченной ответственностью ""Big Tau Klinikasi""",498,0,498,0,0,0,2682,36710384.21875,2026-04-30 11:46:39
"Товарищество с ограниченной ответственностью ""Biolab Pharm"" Premier Med Clinic""",5344,181,5338,6,1,0,31966,458021152.88183594,2026-04-30 11:46:39
"Товарищество с ограниченной ответственностью ""Bonamed""",140,0,140,0,0,0,641,29154956.49609375,2026-04-30 11:46:39
"Товарищество с ограниченной ответственностью ""Brand Atyrau""",1128,0,1127,1,0,0,8041,99095308.52734375,2026-04-30 11:46:39
"Товарищество с ограниченной ответственностью ""Burc Medical"" (Бурч Медикал)",16909,19,13191,1,23,73,137118,15806925244.558594,2026-04-30 11:46:39
"Товарищество с ограниченной ответственностью ""CARDIO PLUS""",6879,2,6122,0,6,0,50387,490004065.51220703,2026-04-30 11:46:39
"Товарищество с ограниченной ответственностью ""CARDIOS""",7244,0,7244,0,15,0,34655,2170708860.671875,2026-04-30 11:46:39
"Товарищество с ограниченной ответственностью ""CITYMED""",858,4,858,0,0,0,9779,165696687.63085938,2026-04-30 11:46:39
"Товарищество с ограниченной ответственностью ""CK-MED""",36,1,36,0,0,0,203,3172274.939453125,2026-04-30 11:46:39
"Товарищество с ограниченной ответственностью ""CLINICA 77""",909,1,908,1,2,0,5851,85346500.64257812,2026-04-30 11:46:39
"Товарищество с ограниченной ответственностью ""CaspiMed""",147,0,147,0,0,0,3524,58934380.61328125,2026-04-30 11:46:39
"Товарищество с ограниченной ответственностью ""Caspian Medical""",2763,11,2763,0,1,0,19091,174714581.65673828,2026-04-30 11:46:39
"Товарищество с ограниченной ответственностью ""Clinic Expert""",19,0,19,0,0,0,101,1578831.3203125,2026-04-30 11:46:39
"Товарищество с ограниченной ответственностью ""Clinic Miras""",14452,32,14416,1,1,0,98914,1064261758.2421875,2026-04-30 11:46:39
"Товарищество с ограниченной ответственностью ""D0CT0R H@USE""",105,1,105,0,0,0,514,9192842.91015625,2026-04-30 11:46:39
"Товарищество с ограниченной ответственностью ""DAMED-2020""",853,0,853,0,0,0,3452,211489597.375,2026-04-30 11:46:39
"Товарищество с ограниченной ответственностью ""DIAVERUM Medical""",71,0,71,0,0,0,355,11714198.234375,2026-04-30 11:46:39
"Товарищество с ограниченной ответственностью ""DIAVERUM Medical"" (Филиал г.Уральск)",18,0,18,0,0,0,94,1880305.41015625,2026-04-30 11:46:39
"Товарищество с ограниченной ответственностью ""DIAVERUM Medical"" Жетысу",10,0,10,0,0,0,50,710780.5625,2026-04-30 11:46:39
"Товарищество с ограниченной ответственностью ""DN Medicus Pharm""",20183,3,20183,0,0,1,438127,7943325230.191406,2026-04-30 11:46:39
"Товарищество с ограниченной ответственностью ""DOCTOR MEDICAL""",7438,48,7421,17,4,0,42348,710909207.890625,2026-04-30 11:46:39
"Товарищество с ограниченной ответственностью ""DRC BALA""",4302,4225,4302,0,0,0,92776,1197946095.7929688,2026-04-30 11:46:39
"Товарищество с ограниченной ответственностью ""Danelclinic""",31753,620,20426,5970,120,0,166651,2272711048.23291,2026-04-30 11:46:39
"Товарищество с ограниченной ответственностью ""Dariya-Med""",24050,566,22044,26,5,0,128835,2271638873.120117,2026-04-30 11:46:39
"Товарищество с ограниченной ответственностью ""Daulet medical center""",21543,1131,11878,1,7,0,151127,1528495565.3632812,2026-04-30 11:46:39
"Товарищество с ограниченной ответственностью ""Dayaclinic""",16,0,16,0,0,0,106,1926471.875,2026-04-30 11:46:39
"Товарищество с ограниченной ответственностью ""Dertke Daua""",1447,5,1447,0,0,0,13751,145189497.12109375,2026-04-30 11:46:39
"Товарищество с ограниченной ответственностью ""Doctor Plus Atyrau""",622,7,606,16,0,0,3667,49248027.982421875,2026-04-30 11:46:39
"Товарищество с ограниченной ответственностью ""Dolgoletiye""",74,0,74,0,0,0,444,6361715.41015625,2026-04-30 11:46:39
"Товарищество с ограниченной ответственностью ""Dostar Medical Group""",16,0,16,0,0,0,92,1576255.8203125,2026-04-30 11:46:39
"Товарищество с ограниченной ответственностью ""Dr.Orazymbetov plus""",124,1,124,0,0,0,665,8125983.427734375,2026-04-30 11:46:39
"Товарищество с ограниченной ответственностью ""ECO CITY KZ (ЭКО СИТИ КЗ)""",46,0,46,0,0,0,234,2731512.90234375,2026-04-30 11:46:39
"Товарищество с ограниченной ответственностью ""ELEGANT MEDICAL""",673,2,672,1,0,0,3513,54515997.30859375,2026-04-30 11:46:39
"Товарищество с ограниченной ответственностью ""EMDEL.KZ""",1028,1,1028,0,0,0,3564,245688082.07421875,2026-04-30 11:46:39
"Товарищество с ограниченной ответственностью ""ESEM Pharmacy""",73,0,73,0,0,0,311,6450140.0234375,2026-04-30 11:46:39
"Товарищество с ограниченной ответственностью ""EVEREST PLUS""",88,0,88,0,0,0,681,8577111.744140625,2026-04-30 11:46:39
"Товарищество с ограниченной ответственностью ""Easy Med Clinics""",32,0,32,0,0,0,181,14605722.09375,2026-04-30 11:46:39
"Товарищество с ограниченной ответственностью ""FMNQazaqstan""",60772,133,45025,0,29,11,1330426,21372417908.478516,2026-04-30 11:46:39
"Товарищество с ограниченной ответственностью ""GALA medical""",398,2,398,0,0,0,2311,47922066.291015625,2026-04-30 11:46:39
"Товарищество с ограниченной ответственностью ""GEBA CLINIC""",6528,73,6460,2,0,0,49040,477996772.2207031,2026-04-30 11:46:39
"Товарищество с ограниченной ответственностью ""GIO TRADE""",6730,1,6687,0,0,0,58712,488951526.2001953,2026-04-30 11:46:39
"Товарищество с ограниченной ответственностью ""GalaКлиника""",7405,2,6846,8,3,0,49889,599169070.9443359,2026-04-30 11:46:39
"Товарищество с ограниченной ответственностью ""Go Start"" ",3,0,3,0,0,0,45,392713.2734375,2026-04-30 11:46:39
"Товарищество с ограниченной ответственностью ""Grand clinic Kst""",912,0,912,0,1,0,4271,243140664.765625,2026-04-30 11:46:39
"Товарищество с ограниченной ответственностью ""Grand clinica""",1577,9,1577,0,1,0,10968,87276893.89550781,2026-04-30 11:46:39
"Товарищество с ограниченной ответственностью ""Green Clinic""",17900,244,15648,2246,315,5,116121,8537331450.5390625,2026-04-30 11:46:39
"Товарищество с ограниченной ответственностью ""Green Vita Clinic""",12,0,12,0,0,0,40,696678.05859375,2026-04-30 11:46:39
"Товарищество с ограниченной ответственностью ""Health Clinic""",11698,0,7951,0,0,0,80092,529368381.7714844,2026-04-30 11:46:39
"Товарищество с ограниченной ответственностью ""HealthGuard""",1734,62,488,0,0,0,9956,36110806.044921875,2026-04-30 11:46:39
"Товарищество с ограниченной ответственностью ""Hematology Clinic""",555,4,555,0,0,0,5371,58550255.95410156,2026-04-30 11:46:39
"Товарищество с ограниченной ответственностью ""Human health clinic""",1416,19,1416,0,0,0,7494,126521407.1640625,2026-04-30 11:46:39
"Товарищество с ограниченной ответственностью ""ID Senim R""",10419,1180,7240,0,3,0,57697,409678963.3144531,2026-04-30 11:46:39
"Товарищество с ограниченной ответственностью ""ID Senim""",55128,100,45486,0,38,2,1193172,18872839797.13086,2026-04-30 11:46:39
"Товарищество с ограниченной ответственностью ""IDSenim""",13413,0,12809,0,2,0,267028,5309511191.925781,2026-04-30 11:46:39
"Товарищество с ограниченной ответственностью ""IDSenim"" (Область Ұлытау)",2369,0,2369,0,0,0,47404,793519208.9257812,2026-04-30 11:46:39
"Товарищество с ограниченной ответственностью ""IDSenim"" (г. Караганда)",25358,7,18797,0,9,5,564429,8453912565.5703125,2026-04-30 11:46:39
"Товарищество с ограниченной ответственностью ""IDSenim"" г.Каскелен",474,91,0,0,0,0,6124,77046324.73779297,2026-04-30 11:46:39
"Товарищество с ограниченной ответственностью ""IDSenim"" г.Щучинск",5024,0,4377,0,0,1,103353,1547976589.7929688,2026-04-30 11:46:39
"Товарищество с ограниченной ответственностью ""IMPULS MED""",1377,21,1376,1,0,0,7923,121849179.73242188,2026-04-30 11:46:39
"Товарищество с ограниченной ответственностью ""InLife""",15303,125,15303,0,1,0,103862,1010808873.9990234,2026-04-30 11:46:39
"Товарищество с ограниченной ответственностью ""International Medical Service""",36,0,36,0,0,0,194,1006753.3671875,2026-04-30 11:46:39
"Товарищество с ограниченной ответственностью ""International clinic of Asia""",1983,1,1982,1,0,0,11754,145721449.71289062,2026-04-30 11:46:39
"Товарищество с ограниченной ответственностью ""J'KAZANAT""",16,6,16,0,0,0,73,700805.17578125,2026-04-30 11:46:39
"Товарищество с ограниченной ответственностью ""JANUIA medical center""",4547,519,4547,0,0,0,33500,433527901.1953125,2026-04-30 11:46:39
"Товарищество с ограниченной ответственностью ""JMD Clinic""",234,0,234,0,0,0,1246,19603161.75390625,2026-04-30 11:46:39
"Товарищество с ограниченной ответственностью ""Jarqyn-2019""",10297,33,10279,18,5,0,132847,2284947354.8359375,2026-04-30 11:46:39
"Товарищество с ограниченной ответственностью ""Jysan med""",13170,5,13167,3,14,0,89129,1062015430.2954102,2026-04-30 11:46:39
"Товарищество с ограниченной ответственностью ""KAUSAR KLINIKASY""",578,7,577,1,0,0,3444,53340689.9609375,2026-04-30 11:46:39
"Товарищество с ограниченной ответственностью ""KAZ Medical Service""",79,0,79,0,0,0,1208,12159073.85546875,2026-04-30 11:46:39
"Товарищество с ограниченной ответственностью ""KLINIKA MOLDAS""",973,3,973,0,0,0,5548,67932492.18945312,2026-04-30 11:46:39
"Товарищество с ограниченной ответственностью ""KOKTAL CLINIC""",4206,3,4205,1,2,0,21534,270769539.2705078,2026-04-30 11:46:39
"Товарищество с ограниченной ответственностью ""KaspiiKoz""",373,0,373,0,1,0,1262,125627044.3125,2026-04-30 11:46:39
"Товарищество с ограниченной ответственностью ""KazMed Company""",1105,1,1105,0,0,0,8453,136389453.8125,2026-04-30 11:46:39
"Товарищество с ограниченной ответственностью ""Kazyna group S""",5,0,5,0,0,0,33,441966.8046875,2026-04-30 11:46:39
"Товарищество с ограниченной ответственностью ""Kerim Clinic""",166,0,164,2,0,0,976,12471296.22265625,2026-04-30 11:46:39
"Товарищество с ограниченной ответственностью ""Klinika Aqbura""",457,0,457,0,0,0,2313,38820077.6484375,2026-04-30 11:46:39
"Товарищество с ограниченной ответственностью ""Klinika Nurlytan""",64,0,64,0,0,0,423,6086078.1484375,2026-04-30 11:46:39
"Товарищество с ограниченной ответственностью ""Klinika Qazygurt""",2446,91,2442,4,1,0,14533,186286716.73046875,2026-04-30 11:46:39
"Товарищество с ограниченной ответственностью ""Koksu-Medical""",7,0,7,0,0,0,22,1956467.2578125,2026-04-30 11:46:39
"Товарищество с ограниченной ответственностью ""Kuandyk-R corporation""",9262,55,7707,0,4,0,66974,619015160.1269531,2026-04-30 11:46:39
"Товарищество с ограниченной ответственностью ""LS-clinic""",3198,4,3197,1,1,0,16410,747360880.3828125,2026-04-30 11:46:39
"Товарищество с ограниченной ответственностью ""Le Bon Sante""",3561,15,3561,0,1,0,42911,238029310.31347656,2026-04-30 11:46:39
"Товарищество с ограниченной ответственностью ""MAYO clinic""",105,0,105,0,0,0,553,8535818.568359375,2026-04-30 11:46:39
"Товарищество с ограниченной ответственностью ""MDVision""",6048,0,5386,1,0,0,28144,1216717943.9335938,2026-04-30 11:46:39
"Товарищество с ограниченной ответственностью ""MED-C""",2792,3,2577,0,0,0,17016,171284655.64746094,2026-04-30 11:46:39
"Товарищество с ограниченной ответственностью ""MED.KLINIK""",689,0,689,0,1,0,5580,65358095.9609375,2026-04-30 11:46:39
"Товарищество с ограниченной ответственностью ""MEDICAL CENTER SHUBARSU (МЕДИКАЛ ЦЕНТР ШУБАРСУ)""",9813,726,9811,2,6,0,67993,1046127282.4926758,2026-04-30 11:46:39
"Товарищество с ограниченной ответственностью ""MEDICAL PARK-A""",48,0,48,0,0,0,836,13324540.4296875,2026-04-30 11:46:39
"Товарищество с ограниченной ответственностью ""MEDICALLIFE""",15858,62,12526,50,2,0,88215,1038974572.6279297,2026-04-30 11:46:39
"Товарищество с ограниченной ответственностью ""MEDICALPARK2050""",235,14,235,0,0,0,1431,22673404.98046875,2026-04-30 11:46:39
"Товарищество с ограниченной ответственностью ""MEDICO-диагностический центр""",8064,5,7784,259,8,0,51334,1031846823.7333984,2026-04-30 11:46:39
"Товарищество с ограниченной ответственностью ""MERABEL CLINIC""",1676,0,1641,35,7,5,8645,2146037524.140625,2026-04-30 11:46:39
"Товарищество с ограниченной ответственностью ""MIRAS medfarm""",1509,0,1509,0,0,1,32926,622762062.1445312,2026-04-30 11:46:39
"Товарищество с ограниченной ответственностью ""MM-clinic""",41,0,41,0,0,0,328,3601679.921875,2026-04-30 11:46:39
"Товарищество с ограниченной ответственностью ""Maksat МеД""",6132,2945,6129,3,5,0,79115,676466261.2709961,2026-04-30 11:46:39
"Товарищество с ограниченной ответственностью ""Med ELIT""",1,0,1,0,0,0,7,103379.9375,2026-04-30 11:46:39
"Товарищество с ограниченной ответственностью ""Med Lab экспресс""",1022,43,1022,0,0,0,6030,62246078.94189453,2026-04-30 11:46:39
"Товарищество с ограниченной ответственностью ""MedCom Centre KZ""",2890,0,2890,0,0,0,71614,1302989373.90625,2026-04-30 11:46:39
"Товарищество с ограниченной ответственностью ""MedLifeKZ""",418,0,418,0,0,0,2193,31503700.36328125,2026-04-30 11:46:39
"Товарищество с ограниченной ответственностью ""MedLifePlus""",1224,3,1224,0,0,0,7661,96408907.71289062,2026-04-30 11:46:39
"Товарищество с ограниченной ответственностью ""Medcentre ""Alima""",3214,86,3214,0,1,0,17141,233343925.20898438,2026-04-30 11:46:39
"Товарищество с ограниченной ответственностью ""Medet Ker""",1191,0,1191,0,0,0,5825,93663853.1796875,2026-04-30 11:46:39
"Товарищество с ограниченной ответственностью ""Medi-AR"" Медицина орталығы",2119,0,2119,0,1,0,17440,162429315.36279297,2026-04-30 11:46:39
"Товарищество с ограниченной ответственностью ""MedicaLine""",1606,0,1605,1,0,0,9612,152413627.44140625,2026-04-30 11:46:39
"Товарищество с ограниченной ответственностью ""Medical City""",4712,4394,4712,0,2,0,34282,472915706.41503906,2026-04-30 11:46:39
"Товарищество с ограниченной ответственностью ""Medicinali neo""",141,0,141,0,0,0,858,10703754.44140625,2026-04-30 11:46:39
"Товарищество с ограниченной ответственностью ""Mediker Yertis""",352,0,352,0,0,0,2023,29170811.40234375,2026-04-30 11:46:39
"Товарищество с ограниченной ответственностью ""Medina Medical Company""",2461,29,2461,0,0,0,13681,168138944.8984375,2026-04-30 11:46:39
"Товарищество с ограниченной ответственностью ""MegaMed""",5547,1,5530,17,0,0,50040,658476360.8066406,2026-04-30 11:46:39
"Товарищество с ограниченной ответственностью ""Merei Med""",1285,3,1285,0,0,0,8047,81784720.84472656,2026-04-30 11:46:39
"Товарищество с ограниченной ответственностью ""Millennium Clinic""",183,0,183,0,0,0,1025,12951891.974609375,2026-04-30 11:46:39
"Товарищество с ограниченной ответственностью ""NEW RICH""",49,0,49,0,0,0,266,3723541.2421875,2026-04-30 11:46:39
"Товарищество с ограниченной ответственностью ""NOVA INVEST"" (НОВА ИНВЕСТ)",4438,69,4434,4,0,0,27437,328174094.3613281,2026-04-30 11:46:39
"Товарищество с ограниченной ответственностью ""NURDAUA""",66,0,66,0,0,0,427,4996519.26953125,2026-04-30 11:46:39
"Товарищество с ограниченной ответственностью ""NaraMed""",56,0,56,0,0,0,276,4410992.40625,2026-04-30 11:46:39
"Товарищество с ограниченной ответственностью ""National Medical Park""",836,406,836,0,0,0,12574,96549653.4921875,2026-04-30 11:46:39
"Товарищество с ограниченной ответственностью ""NazDarMed""",125,0,125,0,0,0,840,9386193.53515625,2026-04-30 11:46:39
"Товарищество с ограниченной ответственностью ""Nefro Care KZ""",10952,25,10952,0,0,0,266452,4339106066.845703,2026-04-30 11:46:39
"Товарищество с ограниченной ответственностью ""Nefro Care KZ"" по Павлодарской области",1379,0,1379,0,0,0,31998,551247045.1757812,2026-04-30 11:46:39
"Товарищество с ограниченной ответственностью ""Nefro Care"" (Область Ұлытау)",2599,0,2599,0,0,0,54893,925524472.8515625,2026-04-30 11:46:39
"Товарищество с ограниченной ответственностью ""Neiron-med""",587,218,582,5,0,0,5007,46847268.673828125,2026-04-30 11:46:39
"Товарищество с ограниченной ответственностью ""Nephro Life Qaz""",3237,0,3237,0,0,0,70480,1284402220.9511719,2026-04-30 11:46:39
"Товарищество с ограниченной ответственностью ""Nephrolife UK""",2014,0,2014,0,0,0,46160,816549351.5429688,2026-04-30 11:46:39
"Товарищество с ограниченной ответственностью ""Nephrolife""",30583,0,30583,0,0,0,699824,12337868269.203125,2026-04-30 11:46:39
"Товарищество с ограниченной ответственностью ""Nurgazy Clinic""",80,0,80,0,0,0,410,20608749.5,2026-04-30 11:46:39
"Товарищество с ограниченной ответственностью ""Nurlab medical clinic №1""",253,4,253,0,0,0,1392,19857217.111328125,2026-04-30 11:46:39
"Товарищество с ограниченной ответственностью ""Nursaya Clinic"" (Нурсая Клиник)",870,3,0,0,0,0,7245,30529925.58203125,2026-04-30 11:46:39
"Товарищество с ограниченной ответственностью ""OFTALMO-MEDICAL""",658,1,658,0,0,0,2699,155697754.296875,2026-04-30 11:46:39
"Товарищество с ограниченной ответственностью ""ONEGE KOKTAL""",2083,0,2081,2,4,0,17981,126725844.29394531,2026-04-30 11:46:39
"Товарищество с ограниченной ответственностью ""ONEGE Емдеу""",1229,0,1229,0,0,0,7457,88981579.25195312,2026-04-30 11:46:39
"Товарищество с ограниченной ответственностью ""OcuMed""",6,0,6,0,0,0,19,1403539.78125,2026-04-30 11:46:39
"Товарищество с ограниченной ответственностью ""Olimp Medicus"" ",4965,0,4965,0,5,1,78715,1696240595.6035156,2026-04-30 11:46:39
"Товарищество с ограниченной ответственностью ""Onis-Павлодар""",3798,0,3798,0,0,0,101428,1362198038.0410156,2026-04-30 11:46:39
"Товарищество с ограниченной ответственностью ""Open Clinic""",564,0,564,0,1,0,3037,27308841.185546875,2026-04-30 11:46:39
"Товарищество с ограниченной ответственностью ""Open medical channel""",2641,3,2641,0,0,0,16176,200850817.03320312,2026-04-30 11:46:39
"Товарищество с ограниченной ответственностью ""Orhun Medical (Орхун Медикал)""",14,0,14,0,0,0,82,21995237.25,2026-04-30 11:46:39
"Товарищество с ограниченной ответственностью ""Otau Med""",2583,0,2583,0,0,0,16155,202934221.046875,2026-04-30 11:46:39
"Товарищество с ограниченной ответственностью ""Otbasy clinic""",864,2,862,2,0,0,4769,75373421.3515625,2026-04-30 11:46:39
"Товарищество с ограниченной ответственностью ""Pain management""",410,0,410,0,2,0,1907,210320485.90625,2026-04-30 11:46:39
"Товарищество с ограниченной ответственностью ""Park Health West""",46120,831,23561,6901,558,130,337844,4250742671.734131,2026-04-30 11:46:39
"Товарищество с ограниченной ответственностью ""ParkHealth""",17397,54,17397,0,14,0,120048,1457304758.9716797,2026-04-30 11:46:39
"Товарищество с ограниченной ответственностью ""Poliklinika №1""",12122,1,12097,0,1,0,81550,761958534.8051758,2026-04-30 11:46:39
"Товарищество с ограниченной ответственностью ""Premium Dialysis""",19978,47,17094,0,13,0,503635,7481112715.025391,2026-04-30 11:46:39
"Товарищество с ограниченной ответственностью ""Prime Clinic Ltd""",809,1,809,0,0,0,6338,53070173.6015625,2026-04-30 11:46:39
"Товарищество с ограниченной ответственностью ""Prime Clinic""",5468,9,2264,0,2,1,101346,1575739554.3769531,2026-04-30 11:46:39
"Товарищество с ограниченной ответственностью ""Private clinic Almaty"" / ""Приват клиник Алматы""",4167,10,4064,1,84,6,29955,3707812099.7382812,2026-04-30 11:46:39
"Товарищество с ограниченной ответственностью ""Promedical2021""",1245,1,1243,2,0,0,10783,155567384.29296875,2026-04-30 11:46:39
"Товарищество с ограниченной ответственностью ""Prometheys Shymkent""",226,0,0,0,0,0,4092,66126298.63671875,2026-04-30 11:46:39
"Товарищество с ограниченной ответственностью ""Q-MED company group""",319,2,319,0,0,0,2187,25561099.015625,2026-04-30 11:46:39
"Товарищество с ограниченной ответственностью ""QAMQOR GP""",1404,318,1399,5,0,0,10457,92338531.90625,2026-04-30 11:46:39
"Товарищество с ограниченной ответственностью ""QAMQOR medical center""",291,0,291,0,1,0,1528,23601349.369140625,2026-04-30 11:46:39
"Товарищество с ограниченной ответственностью ""QAZPOCT(Point of care)""",9382,353,9382,0,21,0,94135,1289484803.4873047,2026-04-30 11:46:39
"Товарищество с ограниченной ответственностью ""QaisarMed""",234,2,234,0,1,0,1079,21157080.6015625,2026-04-30 11:46:39
"Товарищество с ограниченной ответственностью ""Qamqor clinic""",256,0,256,0,0,0,1433,23524460.2578125,2026-04-30 11:46:39
"Товарищество с ограниченной ответственностью ""RB MC""",24,0,24,0,0,0,75,4468934.9453125,2026-04-30 11:46:39
"Товарищество с ограниченной ответственностью ""REN clinic""",2099,1,1952,0,0,0,29379,606330652.0078125,2026-04-30 11:46:39
"Товарищество с ограниченной ответственностью ""RETINA-A""",2187,0,2187,0,0,0,8793,487033948.8203125,2026-04-30 11:46:39
"Товарищество с ограниченной ответственностью ""RGK med""",927,22,927,0,0,0,4698,78871083.68164062,2026-04-30 11:46:39
"Товарищество с ограниченной ответственностью ""ROLLAN MED""",2738,31,2735,3,0,0,15358,242965810.61523438,2026-04-30 11:46:39
"Товарищество с ограниченной ответственностью ""Rendial""",3411,0,3345,0,0,0,77375,1175513571.9433594,2026-04-30 11:46:39
"Товарищество с ограниченной ответственностью ""Rheumacentre""",14,0,14,0,0,0,78,1221421.359375,2026-04-30 11:46:39
"Товарищество с ограниченной ответственностью ""SAMAL MEDICAL ASSISTANCE"" (САМАЛ МЕДИКАЛ АССИСТЕНС)",39,6,39,0,0,0,195,704658.0732421875,2026-04-30 11:46:39
"Товарищество с ограниченной ответственностью ""SENIM CLINIC""",1432,10,1432,0,0,0,8004,107128080.1171875,2026-04-30 11:46:39
"Товарищество с ограниченной ответственностью ""SENIM-MED KOKSHE""",544,0,544,0,1,0,3521,38634623.96484375,2026-04-30 11:46:39
"Товарищество с ограниченной ответственностью ""SMA Company KZ""",865,0,865,0,0,0,4966,94773606.26367188,2026-04-30 11:46:39
"Товарищество с ограниченной ответственностью ""SPORT MEDICINE AND REHABILITATION CENTER ""PRO SPORT""",16,0,16,0,0,0,158,1268327.453125,2026-04-30 11:46:39
"Товарищество с ограниченной ответственностью ""SYR-SHIPA""",1723,1,1504,219,4,0,13702,341224224.32421875,2026-04-30 11:46:39
"Товарищество с ограниченной ответственностью ""SadAli Group""",559,2,559,0,0,0,2847,43090228.826171875,2026-04-30 11:46:39
"Товарищество с ограниченной ответственностью ""Salus Plus""",10283,224,10282,1,2,0,48149,1190853510.7041016,2026-04-30 11:46:39
"Товарищество с ограниченной ответственностью ""Samed clinic""",2598,1944,2598,0,1,0,36220,246214551.69580078,2026-04-30 11:46:39
"Товарищество с ограниченной ответственностью ""Sana Vita clinic""",4625,2,4624,1,6,0,26039,318736868.4296875,2026-04-30 11:46:39
"Товарищество с ограниченной ответственностью ""Sher-Nur""",234,1,234,0,0,0,1313,6228019.44921875,2026-04-30 11:46:39
"Товарищество с ограниченной ответственностью ""Shipager Med""",357,32,356,1,0,0,2699,32603034.87890625,2026-04-30 11:46:39
"Товарищество с ограниченной ответственностью ""Shymkent Medical Services""",3115,9,3115,0,0,0,19539,188702188.2451172,2026-04-30 11:46:39
"Товарищество с ограниченной ответственностью ""Smart Health University City""",3025,42,3025,0,0,0,18603,165087357.2158203,2026-04-30 11:46:39
"Товарищество с ограниченной ответственностью ""Spina Sanus""",18,0,18,0,0,0,150,1195819.04296875,2026-04-30 11:46:39
"Товарищество с ограниченной ответственностью ""Spina sanus""",16553,687,16550,3,0,0,211910,1608372514.4628906,2026-04-30 11:46:39
"Товарищество с ограниченной ответственностью ""Status Medical Center""",10,0,10,0,0,0,42,651064.8046875,2026-04-30 11:46:39
"Товарищество с ограниченной ответственностью ""Sultan Med medisinalyq ortalyq""",438,0,438,0,0,0,3061,38999156.68359375,2026-04-30 11:46:39
"Товарищество с ограниченной ответственностью ""SunLife""",1276,2,1276,0,0,0,5840,96352625.27734375,2026-04-30 11:46:39
"Товарищество с ограниченной ответственностью ""Sunkar Premium""",2795,3,2795,0,2,0,20081,200408410.15429688,2026-04-30 11:46:39
"Товарищество с ограниченной ответственностью ""TARAZ MEDICAL SYSTEM""",326,0,326,0,0,0,7490,94696644.3125,2026-04-30 11:46:39
"Товарищество с ограниченной ответственностью ""TAU Clinic""",21,0,21,0,0,0,105,1590927.76953125,2026-04-30 11:46:39
"Товарищество с ограниченной ответственностью ""TESM Company""",2026,1,1796,0,268,0,7176,449282180.828125,2026-04-30 11:46:39
"Товарищество с ограниченной ответственностью ""TURAN DENTAL""",15,0,15,0,0,0,78,1098425.65625,2026-04-30 11:46:39
"Товарищество с ограниченной ответственностью ""TURLAN MEDICAL""",1001,1,1001,0,0,0,5881,78323262.44335938,2026-04-30 11:46:39
"Товарищество с ограниченной ответственностью ""TabibMed""",3471,11,3471,0,7,0,20677,235884605.8178711,2026-04-30 11:46:39
"Товарищество с ограниченной ответственностью ""Tal-Motion""",216,10,216,0,0,0,4350,45215618.03125,2026-04-30 11:46:39
"Товарищество с ограниченной ответственностью ""TarClinic""",451,0,451,0,0,0,3737,74597115.015625,2026-04-30 11:46:39
"Товарищество с ограниченной ответственностью ""Taraz resort and spa""",8204,2,7767,11,0,0,82716,1256710767.6523438,2026-04-30 11:46:39
"Товарищество с ограниченной ответственностью ""The Skin Doctors""",58,1,58,0,0,0,181,15590280.609375,2026-04-30 11:46:39
"Товарищество с ограниченной ответственностью ""ToliMed""",1421,94,1421,0,0,0,10484,120277717.55566406,2026-04-30 11:46:39
"Товарищество с ограниченной ответственностью ""Trinity corp""",33,0,33,0,0,0,303,3254339.064453125,2026-04-30 11:46:39
"Товарищество с ограниченной ответственностью ""ULY DALA CLINIC""",1061,0,1061,0,0,0,6023,77405302.0546875,2026-04-30 11:46:39
"Товарищество с ограниченной ответственностью ""URKER MEDICAL""",3867,0,3867,0,0,0,27642,536142633.3417969,2026-04-30 11:46:39
"Товарищество с ограниченной ответственностью ""UZENMEDICS""",1663,7,1085,1,0,0,10742,102055975.05615234,2026-04-30 11:46:39
"Товарищество с ограниченной ответственностью ""Uniserv Medical Center""",7945,171,6392,1553,497,0,39254,1687427191.1308594,2026-04-30 11:46:39
"Товарищество с ограниченной ответственностью ""Uro Pro Clinic International West"" (Уро Про Клиник Интернэшнл Вест)",1183,3,0,0,0,0,8336,29507528.829101562,2026-04-30 11:46:39
"Товарищество с ограниченной ответственностью ""Uveik Qazaqstan""",2371,4,2371,0,0,0,12566,151509260.13378906,2026-04-30 11:46:39
"Товарищество с ограниченной ответственностью ""VERUM QZ""",1589,21,1589,0,2,6,13658,155845240.75390625,2026-04-30 11:46:39
"Товарищество с ограниченной ответственностью ""VIAMEDIS""",24764,1380,24764,0,10,0,197167,3395607882.2001953,2026-04-30 11:46:39
"Товарищество с ограниченной ответственностью ""Viamedis Kosshy""",18,0,18,0,0,0,90,1670049.7890625,2026-04-30 11:46:39
"Товарищество с ограниченной ответственностью ""Viamedis Pavlodar""",15235,2,14098,0,5,0,106767,2194720180.4140625,2026-04-30 11:46:39
"Товарищество с ограниченной ответственностью ""Viamedis""",285,0,285,0,0,0,1228,68425779.265625,2026-04-30 11:46:39
"Товарищество с ограниченной ответственностью ""VitaClinic""",1008,0,1006,2,0,0,6025,77335675.2578125,2026-04-30 11:46:39
"Товарищество с ограниченной ответственностью ""West Medical Corp""",11,0,11,0,0,0,55,946360.96484375,2026-04-30 11:46:39
"Товарищество с ограниченной ответственностью ""Zaman Medical"" (Заман Медикал)",5817,359,5816,1,0,0,40345,386198583.2109375,2026-04-30 11:46:39
"Товарищество с ограниченной ответственностью ""ZhanMed Clinic""",462,0,459,3,0,0,3298,55265416.072265625,2026-04-30 11:46:39
"Товарищество с ограниченной ответственностью ""Zhanshuak Medical Group (Жаншуақ Медикал Групп)""",19652,994,10889,0,2,0,153053,793636626.2104492,2026-04-30 11:46:39
"Товарищество с ограниченной ответственностью ""iStore""",604,75,604,0,0,0,5097,58381119.162109375,2026-04-30 11:46:39
"Товарищество с ограниченной ответственностью ""«Международный Клинический Центр Репродуктологии «PERSONA»""",3095,0,3094,1,3094,0,3096,3457013973.6875,2026-04-30 11:46:39
"Товарищество с ограниченной ответственностью ""Äl Käusär""",403,1,403,0,0,0,2564,36887763.931640625,2026-04-30 11:46:39
"Товарищество с ограниченной ответственностью ""АВИСАТ""",44,0,44,0,0,0,186,5755014.05859375,2026-04-30 11:46:39
"Товарищество с ограниченной ответственностью ""АЛИНУР и К""",4972,238,4443,1,1,0,35170,375589581.00390625,2026-04-30 11:46:39
"Товарищество с ограниченной ответственностью ""АЛЬ-ЖАМИ""",4,0,4,0,0,0,13,900727.5,2026-04-30 11:46:39
"Товарищество с ограниченной ответственностью ""АЛЬТАМЕД-АЗИЯ""",222,0,0,0,2,1,4784,67256800.890625,2026-04-30 11:46:39
"Товарищество с ограниченной ответственностью ""АРАД-РИ""",1170,2,1170,0,0,0,8367,78413275.93408203,2026-04-30 11:46:39
"Товарищество с ограниченной ответственностью ""АСМЕД Мынбаева""",208,1,208,0,0,0,1136,15680677.064453125,2026-04-30 11:46:39
"Товарищество с ограниченной ответственностью ""АСМЕД Тургут Озала""",11178,238,11078,0,1,0,72068,763263684.0302734,2026-04-30 11:46:39
"Товарищество с ограниченной ответственностью ""Абил К.Х.""",135,0,0,0,0,0,1034,1759800.4643554688,2026-04-30 11:46:39
"Товарищество с ограниченной ответственностью ""Абильдинова""",3291,0,2077,0,0,0,21114,130256376.03710938,2026-04-30 11:46:39
"Товарищество с ограниченной ответственностью ""Абылхайрхан""",2865,459,2850,15,0,0,21497,207011017.96875,2026-04-30 11:46:39
"Товарищество с ограниченной ответственностью ""Ависта.kz""",2007,5,1778,0,0,0,14119,107869240.73828125,2026-04-30 11:46:39
"Товарищество с ограниченной ответственностью ""Авиценна-А""",1949,5,1946,3,1,0,12146,301159101.5,2026-04-30 11:46:39
"Товарищество с ограниченной ответственностью ""Авиценна-Бурабай""",49524,6186,49433,91,849,544,347031,7379105272.091309,2026-04-30 11:46:39
"Товарищество с ограниченной ответственностью ""Адал Ниет Актобе""",1687,145,1684,3,0,0,24476,424060604.72265625,2026-04-30 11:46:39
"Товарищество с ограниченной ответственностью ""Азия мед-МО""",1323,7,1322,1,0,0,10176,196572986.6328125,2026-04-30 11:46:39
"Товарищество с ограниченной ответственностью ""Азия-Фаворит""",329,11,328,1,0,0,1688,24289737.484375,2026-04-30 11:46:39
"Товарищество с ограниченной ответственностью ""АйДоктор""",93,0,93,0,0,0,279,22782511.671875,2026-04-30 11:46:39
"Товарищество с ограниченной ответственностью ""Айгерім-Мед""",362,5,362,0,0,0,2515,40841179.4375,2026-04-30 11:46:39
"Товарищество с ограниченной ответственностью ""Акеша""",1302,5,1298,4,1,0,6536,102728842.44433594,2026-04-30 11:46:39
"Товарищество с ограниченной ответственностью ""Аккорд KZ""",11544,198,8555,151,0,0,77167,686943513.4135742,2026-04-30 11:46:39
"Товарищество с ограниченной ответственностью ""Акниет плюс""",2335,0,2335,0,3,0,8599,357535477.7529297,2026-04-30 11:46:39
"Товарищество с ограниченной ответственностью ""Акниетхоум""",2002,0,2000,2,2,0,30701,460957120.73046875,2026-04-30 11:46:39
"Товарищество с ограниченной ответственностью ""Аксим плюс""",10101,24,5077,0,42,1,63068,1170919520.4980469,2026-04-30 11:46:39
"Товарищество с ограниченной ответственностью ""Аксон Мед""",3483,0,3482,1,5,0,46082,1031163108.5566406,2026-04-30 11:46:39
"Товарищество с ограниченной ответственностью ""Актобе БелАсу""",207,0,207,0,0,0,5206,69508098.109375,2026-04-30 11:46:39
"Товарищество с ограниченной ответственностью ""Актобе Транзит Экспедишн""",18746,1975,18514,4,40,0,140406,992614560.5253906,2026-04-30 11:46:39
"Товарищество с ограниченной ответственностью ""Актюбинская железнодорожная больница""",89236,4613,53270,65,1177,336,682795,10259767053.037598,2026-04-30 11:46:39
"Товарищество с ограниченной ответственностью ""Алат С""",3240,121,2542,0,1,0,21248,216930044.7709961,2026-04-30 11:46:39
"Товарищество с ограниченной ответственностью ""Алатау-Мед""",1765,5,1765,0,0,0,12538,100472489.92382812,2026-04-30 11:46:39
"Товарищество с ограниченной ответственностью ""Алматинский клинический центр профессора Мустафаева С.У.""",3299,11,0,0,2,0,26776,284167041.9321289,2026-04-30 11:46:39
"Товарищество с ограниченной ответственностью ""Алтынфарма""",3453,4,3453,0,1,0,18180,288408441.26171875,2026-04-30 11:46:39
"Товарищество с ограниченной ответственностью ""Альменбетов""",797,0,0,0,3,0,5395,11678134.659179688,2026-04-30 11:46:39
"Товарищество с ограниченной ответственностью ""Альтернатива KST""",4100,0,2665,1435,262,2,75175,606711603.6799316,2026-04-30 11:46:39
"Товарищество с ограниченной ответственностью ""Альянс Медикал""",3112,100,3111,1,2,0,20676,245913964.5078125,2026-04-30 11:46:39
"Товарищество с ограниченной ответственностью ""Амбулатория ""Куаныш""""",10,0,10,0,0,0,80,2120118.296875,2026-04-30 11:46:39
"Товарищество с ограниченной ответственностью ""Амбулаторный диализный центр""",8955,0,7509,0,0,0,202594,3225639201.390625,2026-04-30 11:46:39
"Товарищество с ограниченной ответственностью ""Амина медикал""",16,16,16,0,0,0,70,927709.84375,2026-04-30 11:46:39
"Товарищество с ограниченной ответственностью ""Амина медицина орталығы""",8613,91,8611,2,34,1,61249,3875754037.673828,2026-04-30 11:46:39
"Товарищество с ограниченной ответственностью ""Аналық""",1902,11,1902,0,0,0,9599,131946936.00390625,2026-04-30 11:46:39
"Товарищество с ограниченной ответственностью ""Анастасия плюс""",3098,6,1942,2,0,0,71113,980969189.8417969,2026-04-30 11:46:39
"Товарищество с ограниченной ответственностью ""АнгиоЛайт""",450,0,450,0,0,0,1364,104951519.46875,2026-04-30 11:46:39
"Товарищество с ограниченной ответственностью ""Ар-Абат"" ",2932,0,1635,0,1,1,58406,940249707.7109375,2026-04-30 11:46:39
"Товарищество с ограниченной ответственностью ""Ар-Абат"" г.Ушарал",151,0,0,0,0,0,2805,46243994.0234375,2026-04-30 11:46:39
"Товарищество с ограниченной ответственностью ""Аритмологическая клиника""",2322,1,2322,0,422,1,7799,4161868208.2617188,2026-04-30 11:46:39
"Товарищество с ограниченной ответственностью ""Арман Меруерт""",725,117,725,0,0,0,9743,135969851.6640625,2026-04-30 11:46:39
"Товарищество с ограниченной ответственностью ""Ару Реаб""",246,0,246,0,0,0,3769,76027883.3671875,2026-04-30 11:46:39
"Товарищество с ограниченной ответственностью ""Архимедес Казахстан""",776,1,776,0,0,0,5093,61568946.708984375,2026-04-30 11:46:39
"Товарищество с ограниченной ответственностью ""Ас-Ди Мед""",2188,1103,1290,0,0,0,11176,74086717.3774414,2026-04-30 11:46:39
"Товарищество с ограниченной ответственностью ""Асем""",16,0,16,0,0,0,164,1512911.875,2026-04-30 11:46:39
"Товарищество с ограниченной ответственностью ""Асклепий""",112,0,112,0,0,0,484,20212600.03125,2026-04-30 11:46:39
"Товарищество с ограниченной ответственностью ""Ассистанс компания ""Меди-сервис""",153,10,153,0,0,0,716,5509593.25,2026-04-30 11:46:39
"Товарищество с ограниченной ответственностью ""Ассоциация медицинских и инженерно-технических работников ультрозвуковой диогностики ""Дарига""",310,2,310,0,1,0,2034,17729889.81298828,2026-04-30 11:46:39
"Товарищество с ограниченной ответственностью ""Астана Сити Групп"" ",630,116,630,0,0,0,8466,108644229.25,2026-04-30 11:46:39
"Товарищество с ограниченной ответственностью ""Астана Эколайф""",12387,0,10856,0,108,0,55473,7001654513.306641,2026-04-30 11:46:39
"Товарищество с ограниченной ответственностью ""Асыл-Мед""",4650,0,4650,0,0,0,25048,318322262.7919922,2026-04-30 11:46:39
"Товарищество с ограниченной ответственностью ""Аура Сервис""",4497,4426,4236,0,0,0,95206,1418970538.90625,2026-04-30 11:46:39
"Товарищество с ограниченной ответственностью ""Ахметова""",5227,12,3303,0,0,0,42179,227836551.8486328,2026-04-30 11:46:39
"Товарищество с ограниченной ответственностью ""Ақ-Сұңқар-Құрылыс""",184,2,184,0,0,0,1291,4080351.6396484375,2026-04-30 11:46:39
"Товарищество с ограниченной ответственностью ""Ақжан""",12621,19,12271,1,28,109,80482,8468315527.967773,2026-04-30 11:46:39
"Товарищество с ограниченной ответственностью ""Ақжан-1""",93,0,93,0,0,0,1375,19642056.546875,2026-04-30 11:46:39
"Товарищество с ограниченной ответственностью ""Ақзере-ТМ""",2231,30,2231,0,0,0,13045,158556103.73632812,2026-04-30 11:46:39
"Товарищество с ограниченной ответственностью ""Ақниет PLUS""",3559,39,3550,9,0,0,30227,555105226.0585938,2026-04-30 11:46:39
"Товарищество с ограниченной ответственностью ""АқниетМедСервис"" ",654,102,650,4,0,0,3899,60127539.28125,2026-04-30 11:46:39
"Товарищество с ограниченной ответственностью ""Ақсары corp.""",26,17,26,0,0,0,137,1739438.38671875,2026-04-30 11:46:39
"Товарищество с ограниченной ответственностью ""Ақсауле-Мед"" ",3907,7,3759,148,1,0,35838,685150095.9560547,2026-04-30 11:46:39
"Товарищество с ограниченной ответственностью ""Ақтау Денсаулық""",422,0,422,0,0,0,6265,113441061.1171875,2026-04-30 11:46:39
"Товарищество с ограниченной ответственностью ""БЕГІМ АRT""",2804,26,2804,0,0,0,19601,281476956.1953125,2026-04-30 11:46:39
"Товарищество с ограниченной ответственностью ""БИОМЕД-А""",372,0,372,0,0,0,2544,34450332.337890625,2026-04-30 11:46:39
"Товарищество с ограниченной ответственностью ""БИОС Алматы""",1255,0,0,0,12,1,25858,365540314.40234375,2026-04-30 11:46:39
"Товарищество с ограниченной ответственностью ""БИОС""",26842,20,16788,0,47,4,601814,9291268904.826172,2026-04-30 11:46:39
"Товарищество с ограниченной ответственностью ""БИОС"" ",5124,0,4582,0,0,1,134450,1967464943.7382812,2026-04-30 11:46:39
"Товарищество с ограниченной ответственностью ""БИОС"".",29818,5,18703,15,97,62,482366,9225142236.286621,2026-04-30 11:46:39
"Товарищество с ограниченной ответственностью ""БТИ""",153,128,153,0,0,0,1193,4077069.2890625,2026-04-30 11:46:39
"Товарищество с ограниченной ответственностью ""БЦМО""",194,0,194,0,0,0,1330,13507940.341796875,2026-04-30 11:46:39
"Товарищество с ограниченной ответственностью ""БакАру Групп""",767,15,765,2,0,0,4791,58244973.041015625,2026-04-30 11:46:39
"Товарищество с ограниченной ответственностью ""Бакай-1""",997,84,997,0,2,0,5853,203376370.54101562,2026-04-30 11:46:39
"Товарищество с ограниченной ответственностью ""Бал-Жусан""",1247,973,1247,0,0,0,9831,91305310.05078125,2026-04-30 11:46:39
"Товарищество с ограниченной ответственностью ""Балхашский Медицинский центр""",3998,0,3997,1,13,0,51290,1008226293.0849609,2026-04-30 11:46:39
"Товарищество с ограниченной ответственностью ""Балғаным и А""",6,4,6,0,0,0,55,298715.99609375,2026-04-30 11:46:39
"Товарищество с ограниченной ответственностью ""Бастау Тараз""",616,0,616,0,0,0,4649,43223851.875,2026-04-30 11:46:39
"Товарищество с ограниченной ответственностью ""Батыс АвиГип""",4674,3,4053,1,3,0,23388,277593804.7158203,2026-04-30 11:46:39
"Товарищество с ограниченной ответственностью ""Бексейтова Н.А.""",3441,1,1774,1,0,0,19656,124363997.28833008,2026-04-30 11:46:39
"Товарищество с ограниченной ответственностью ""Береке-Бурабай""",48,0,48,0,0,0,480,8945613.53125,2026-04-30 11:46:39
"Товарищество с ограниченной ответственностью ""Биос""",2864,0,2864,0,0,0,64387,1213294341.890625,2026-04-30 11:46:39
"Товарищество с ограниченной ответственностью ""В.В. NURA""",68731,65,59021,2,64,165,1454962,21905448844.61035,2026-04-30 11:46:39
"Товарищество с ограниченной ответственностью ""В.В. NURA"" (Область Ұлытау)",359,0,359,0,0,0,6559,116282856.19140625,2026-04-30 11:46:39
"Товарищество с ограниченной ответственностью ""В.В. NURA"" г. Караганды",8808,0,6516,0,16,4,195514,2842743040.948242,2026-04-30 11:46:39
"Товарищество с ограниченной ответственностью ""ВИЗУС-МЕД""",35,0,35,0,0,0,115,10625676.9375,2026-04-30 11:46:39
"Товарищество с ограниченной ответственностью ""Вита Клиника""",4654,19,3858,0,1,0,33628,233377337.35839844,2026-04-30 11:46:39
"Товарищество с ограниченной ответственностью ""Вита-1"" город Усть-Каменогорск",6409,92,6133,0,1,0,35138,439715031.12939453,2026-04-30 11:46:39
"Товарищество с ограниченной ответственностью ""Врачебная амбулатория Денсаулық""",12498,8,11710,6,7,0,73091,804421195.6049805,2026-04-30 11:46:39
"Товарищество с ограниченной ответственностью ""ГАПЛ""",5158,150,5158,0,1,0,28048,351536773.75439453,2026-04-30 11:46:39
"Товарищество с ограниченной ответственностью ""ГАРМОНИЯ семей""",469,0,468,1,0,0,2407,32211797.37890625,2026-04-30 11:46:39
"Товарищество с ограниченной ответственностью ""Гарант-7""",16214,166,8162,0,1,0,118499,676782370.7373047,2026-04-30 11:46:39
"Товарищество с ограниченной ответственностью ""Гаухар шипа""",4492,5,4489,0,0,0,30366,372509962.1147461,2026-04-30 11:46:39
"Товарищество с ограниченной ответственностью ""Геном Астана""",1516,0,1515,1,2,0,7007,1641392326.125,2026-04-30 11:46:39
"Товарищество с ограниченной ответственностью ""Глазная Клиника Лазер""",2737,0,2737,0,0,0,9999,607092151.6386719,2026-04-30 11:46:39
"Товарищество с ограниченной ответственностью ""Городская клиническая больница №8 УОЗ г.Алматы""",39470,85,39464,6,255,206,266347,6887287000.129761,2026-04-30 11:46:39
"Товарищество с ограниченной ответственностью ""Городская поликлиника №15""",61,0,61,0,0,0,297,2968903.31640625,2026-04-30 11:46:39
"Товарищество с ограниченной ответственностью ""Городская поликлиника №16""",1924,0,1924,0,0,0,10152,122209085.97070312,2026-04-30 11:46:39
"Товарищество с ограниченной ответственностью ""Городская поликлиника №9""",12671,7,7551,3,6,0,97636,494967965.7314453,2026-04-30 11:46:39
"Товарищество с ограниченной ответственностью ""Городской Лечебный центр №15""",560,5,560,0,0,0,3004,39234576.94140625,2026-04-30 11:46:39
"Товарищество с ограниченной ответственностью ""Городской Центр Семейного Здоровья""",76,0,76,0,5,0,424,70262148.3125,2026-04-30 11:46:39
"Товарищество с ограниченной ответственностью ""Городской центр первичной медико-санитарной помощи""",36163,12,28605,0,1,1,254299,2028181428.0395508,2026-04-30 11:46:39
"Товарищество с ограниченной ответственностью ""Городской центр семейной медицины""",396,6,396,0,0,0,2978,35681550.41796875,2026-04-30 11:46:39
"Товарищество с ограниченной ответственностью ""ДОЛАНА - БҰЛАҚ""",1543,147,1536,0,0,0,9516,94224292.89550781,2026-04-30 11:46:39
"Товарищество с ограниченной ответственностью ""Далия Мед Астана""",255,0,255,0,0,0,1062,23547037.21484375,2026-04-30 11:46:39
"Товарищество с ограниченной ответственностью ""Дана-Дентал""",514,1,514,0,0,0,2953,27923111.037109375,2026-04-30 11:46:39
"Товарищество с ограниченной ответственностью ""Данара и К""",1213,0,1213,0,0,0,6372,257525096.31640625,2026-04-30 11:46:39
"Товарищество с ограниченной ответственностью ""ДанияМед""",977,2,968,9,0,0,6471,82990682.09375,2026-04-30 11:46:39
"Товарищество с ограниченной ответственностью ""Дария-Медикус""",687,19,685,2,0,0,3962,55679816.26171875,2026-04-30 11:46:39
"Товарищество с ограниченной ответственностью ""Даулет -INTERNATIONAL""",1802,30,0,0,0,0,13709,33679477.03027344,2026-04-30 11:46:39
"Товарищество с ограниченной ответственностью ""Денсаулык""",10965,16,4099,0,0,0,105525,1175274594.8564453,2026-04-30 11:46:39
"Товарищество с ограниченной ответственностью ""Денсаулық групп""",839,0,839,0,1,1,4226,402030993.0078125,2026-04-30 11:46:39
"Товарищество с ограниченной ответственностью ""Денсаулық әлемі""",1660,4,1660,0,0,0,11587,141587694.97851562,2026-04-30 11:46:39
"Товарищество с ограниченной ответственностью ""Детская поликлиника 1""",5439,194,5399,0,0,0,40251,355179135.0058594,2026-04-30 11:46:39
"Товарищество с ограниченной ответственностью ""Диабетический центр""",620,0,620,0,0,0,4306,135637627.1875,2026-04-30 11:46:39
"Товарищество с ограниченной ответственностью ""Диализный центр ""Айгерим""",684,0,684,0,0,0,14700,279035221.03125,2026-04-30 11:46:39
"Товарищество с ограниченной ответственностью ""Диализный центр Алматы""",4769,7,4769,0,0,0,104216,1787702649.15625,2026-04-30 11:46:39
"Товарищество с ограниченной ответственностью ""Диализный центр УР""",1667,1,1667,0,0,1,39196,676931428.2070312,2026-04-30 11:46:39
"Товарищество с ограниченной ответственностью ""Диар-М""",1614,4,1613,1,0,0,14866,144866961.296875,2026-04-30 11:46:39
"Товарищество с ограниченной ответственностью ""Диацент""",1241,0,1241,0,1,0,6819,163779010.6875,2026-04-30 11:46:39
"Товарищество с ограниченной ответственностью ""Доктор Магнус""",18356,88,11238,0,3,0,147786,852507103.7885742,2026-04-30 11:46:39
"Товарищество с ограниченной ответственностью ""Доктор Ю""",103,0,103,0,2,1,371,10832075.915039062,2026-04-30 11:46:39
"Товарищество с ограниченной ответственностью ""Дом заботы "" Алтын жүрек""""",203,0,203,0,1,0,5101,83693604.70117188,2026-04-30 11:46:39
"Товарищество с ограниченной ответственностью ""Достар Мед А""",1565,11,490,1,0,0,10080,56225262.1875,2026-04-30 11:46:39
"Товарищество с ограниченной ответственностью ""Достар Мед А"" г.Каскелен",917,37,0,0,2,0,4583,26200364.231933594,2026-04-30 11:46:39
"Товарищество с ограниченной ответственностью ""Достар Мед Астана""",5409,7,3682,0,0,0,30875,246511476.2211914,2026-04-30 11:46:39
"Товарищество с ограниченной ответственностью ""Достар Мед Престиж""",31681,344,19348,0,1,0,201588,2236998792.9785156,2026-04-30 11:46:39
"Товарищество с ограниченной ответственностью ""Достар Мед сервис""",94,0,94,0,0,0,916,4298506.5625,2026-04-30 11:46:39
"Товарищество с ограниченной ответственностью ""Достар Мед""",20798,80,18888,252,63,1,129885,4877204143.893066,2026-04-30 11:46:39
"Товарищество с ограниченной ответственностью ""ДостарМедLine""",9958,66,7826,2,35,0,72736,669676037.2373047,2026-04-30 11:46:39
"Товарищество с ограниченной ответственностью ""Достық-СҚО""",383,15,381,2,0,0,2718,32587934.0625,2026-04-30 11:46:39
"Товарищество с ограниченной ответственностью ""Дәрігер plus""",5453,980,5453,0,0,0,74466,788907943.4765625,2026-04-30 11:46:39
"Товарищество с ограниченной ответственностью ""ЕМ АЛУ плюс""",14210,8,12517,8,2,0,98131,844602852.7744141,2026-04-30 11:46:39
"Товарищество с ограниченной ответственностью ""ЕСИЛЬ-ДИАГНОСТИК""",13851,30,13849,1,16,0,67683,3861648461.8789062,2026-04-30 11:46:39
"Товарищество с ограниченной ответственностью ""Екибастузский лечебно-диагностический центр""",978,1,0,977,10,2,8416,232.08022259175777,2026-04-30 11:46:39
"Товарищество с ограниченной ответственностью ""Ем Коныр""",1158,18,1158,0,0,0,7430,119904517.98242188,2026-04-30 11:46:39
"Товарищество с ограниченной ответственностью ""Ем коныр""",144,4,144,0,0,0,861,3336122.3969726562,2026-04-30 11:46:39
"Товарищество с ограниченной ответственностью ""Еркемед""",14126,928,14121,4,5,0,100361,1901253148.5683594,2026-04-30 11:46:39
"Товарищество с ограниченной ответственностью ""ЖАН-ЕР"" город Семей",8246,179,7956,6,0,0,34782,1276885913.8359375,2026-04-30 11:46:39
"Товарищество с ограниченной ответственностью ""Жайык-орто""",371,1,270,101,0,0,2315,65808098.91015625,2026-04-30 11:46:39
"Товарищество с ограниченной ответственностью ""Жамбылский областной кожновенерологический диспансер""",41971,12663,20230,3,33,0,375096,2504704216.6936035,2026-04-30 11:46:39
"Товарищество с ограниченной ответственностью ""Жамбылский областной офтальмологический центр""",18300,317,18300,0,21,1,103330,5692690024.603516,2026-04-30 11:46:39
"Товарищество с ограниченной ответственностью ""Жана жарык Глазная клиника доктора Кравцова""",826,1,826,0,1,0,2856,204519495.546875,2026-04-30 11:46:39
"Товарищество с ограниченной ответственностью ""Жансая емханасы""",337,0,337,0,0,0,2651,31203047.140625,2026-04-30 11:46:39
"Товарищество с ограниченной ответственностью ""Жанға Шипа""",558,2,558,0,0,0,3893,47339947.490234375,2026-04-30 11:46:39
"Товарищество с ограниченной ответственностью ""Жаркент-Дауа""",5488,0,3658,0,3,1,118374,1829488395.0351562,2026-04-30 11:46:39
"Товарищество с ограниченной ответственностью ""Жаркент-Дауа"" г.Чунджа",173,0,0,0,0,0,2980,48386371.15234375,2026-04-30 11:46:39
"Товарищество с ограниченной ответственностью ""Жас Групп""",1808,126,1807,1,0,0,12731,109764809.890625,2026-04-30 11:46:39
"Товарищество с ограниченной ответственностью ""Жасанды бүйрек""",49801,4,40513,1,4,3,1047668,18439955171.677734,2026-04-30 11:46:39
"Товарищество с ограниченной ответственностью ""ЖезДенсаулық""",6347,3,4134,0,0,0,33928,348978199.8137207,2026-04-30 11:46:39
"Товарищество с ограниченной ответственностью ""Жетысу-Z""",2128,2,2128,0,0,0,14620,104867410.5288086,2026-04-30 11:46:39
"Товарищество с ограниченной ответственностью ""Жетісу-Жүрек""",538,0,538,0,1,0,3740,223227932.73828125,2026-04-30 11:46:39
"Товарищество с ограниченной ответственностью ""Жуас"" г. Кызылорда",9711,3,7737,402,3,0,82290,1243059787.1010742,2026-04-30 11:46:39
"Товарищество с ограниченной ответственностью ""Журек""",16254,6,10630,0,17,44,117269,1374475668.9267578,2026-04-30 11:46:39
"Товарищество с ограниченной ответственностью ""Жылыой поликлиника""",1748,72,0,0,0,0,12208,23222957.970703125,2026-04-30 11:46:39
"Товарищество с ограниченной ответственностью ""ЗАНУР""",2524,2,2524,0,0,0,13936,232366242.83398438,2026-04-30 11:46:39
"Товарищество с ограниченной ответственностью ""ЗИРЕ""",35210,61,19640,0,72,1,316765,4022348196.855957,2026-04-30 11:46:39
"Товарищество с ограниченной ответственностью ""Затобольский медицинский центр""",10083,1284,0,0,47,26,83328,473113118.8664551,2026-04-30 11:46:39
"Товарищество с ограниченной ответственностью ""Защитинская железнодорожная больница""",9220,263,8732,488,15,2,70278,710530962.5932617,2026-04-30 11:46:39
"Товарищество с ограниченной ответственностью ""Зере Медикалс""",4040,1,4039,1,40,0,15022,1231247499.2753906,2026-04-30 11:46:39
"Товарищество с ограниченной ответственностью ""Зерен-Астана""",10495,165,10492,1,0,0,51483,1276015760.1845703,2026-04-30 11:46:39
"Товарищество с ограниченной ответственностью ""ИНСТИТУТ РЕПРОДУКТИВНОЙ МЕДИЦИНЫ АСТАНА""",148,0,148,0,0,0,535,8107963.328125,2026-04-30 11:46:39
"Товарищество с ограниченной ответственностью ""ИНСТИТУТ РЕПРОДУКТИВНОЙ МЕДИЦИНЫ ШЫМКЕНТ""",2602,2,2602,0,1409,0,5310,1694578322.6171875,2026-04-30 11:46:39
"Товарищество с ограниченной ответственностью ""ИНСТИТУТ ХИРУРГИИ""",28445,5264,27993,3,166,289,223513,34774447335.029785,2026-04-30 11:46:39
"Товарищество с ограниченной ответственностью ""Иман мед""",2091,0,2091,0,0,0,44878,485774924.4921875,2026-04-30 11:46:39
"Товарищество с ограниченной ответственностью ""Институт болезней суставов""",381,1,0,0,0,0,1907,5951487.705078125,2026-04-30 11:46:39
"Товарищество с ограниченной ответственностью ""Институт гастроэнтерологии,гепатологии и метаболизма""",274,0,274,0,1,0,1835,55548126.890625,2026-04-30 11:46:39
"Товарищество с ограниченной ответственностью ""Институт репродуктивной медицины""",10303,1,9878,1,5535,0,25523,5407514313.430664,2026-04-30 11:46:39
"Товарищество с ограниченной ответственностью ""Интелмед""",6770,45,4436,18,0,0,43713,291347199.86279297,2026-04-30 11:46:39
"Товарищество с ограниченной ответственностью ""Интермедикал""",39,0,39,0,0,0,267,32316102.71875,2026-04-30 11:46:39
"Товарищество с ограниченной ответственностью ""Интертич Астана Медицинский Ассистанс""",6487,98,4060,0,1,0,43068,347889842.31884766,2026-04-30 11:46:39
"Товарищество с ограниченной ответственностью ""Интертич Медицинский Ассистанс""",45,0,45,0,0,0,246,2643496.94140625,2026-04-30 11:46:39
"Товарищество с ограниченной ответственностью ""КАМЕЯ Pharm Group""",1529,35,1529,0,0,0,9668,159424919.109375,2026-04-30 11:46:39
"Товарищество с ограниченной ответственностью ""КУАНЫШ-CLINIC""",186,0,186,0,0,0,1594,19171460.0703125,2026-04-30 11:46:39
"Товарищество с ограниченной ответственностью ""КазИнМед"" ",749,17,749,0,0,0,2864,165089534.41796875,2026-04-30 11:46:39
"Товарищество с ограниченной ответственностью ""Казалинская железнодорожная больница""",72634,10265,43680,4555,292,285,581766,9619896776.014648,2026-04-30 11:46:39
"Товарищество с ограниченной ответственностью ""Казахский ордена ""Знак Почета"" научно-исследовательский институт глазных болезней""",114184,10107,70809,7320,389,7,606591,29360792884.09131,2026-04-30 11:46:39
"Товарищество с ограниченной ответственностью ""Казахстанская социально-медицинская компания ""ЖАНҰЯ""",12181,82,12177,4,1,0,106949,1221799959.275879,2026-04-30 11:46:39
"Товарищество с ограниченной ответственностью ""Казахстанская социально-медицинская компания ""Жанұя"" Акмолинская область (производственная база)",7939,245,7937,2,0,0,54669,571749028.2636719,2026-04-30 11:46:39
"Товарищество с ограниченной ответственностью ""Казахстанский Медицинский Институт Постдипломного Обучения""",177,0,177,0,0,0,1378,20825957.0390625,2026-04-30 11:46:39
"Товарищество с ограниченной ответственностью ""Казахстанский гомеопатический медицинский центр""",41,0,41,0,0,0,543,5486542.65625,2026-04-30 11:46:39
"Товарищество с ограниченной ответственностью ""Казмед-А""",113,0,113,0,0,0,665,7412159.4921875,2026-04-30 11:46:39
"Товарищество с ограниченной ответственностью ""Карагандинская железнодорожная больница""",67272,12349,33771,7410,2604,405,540187,7503398684.017578,2026-04-30 11:46:39
"Товарищество с ограниченной ответственностью ""Кардимед""",1252,0,1250,2,13,13,6957,893073474.6191406,2026-04-30 11:46:39
"Товарищество с ограниченной ответственностью ""КардиоМед""",1040,0,1011,0,0,0,9751,100673121.66015625,2026-04-30 11:46:39
"Товарищество с ограниченной ответственностью ""Кардиохирургическая клиника ""Жүрек""",21022,8,15654,57,1745,242,105866,22146106030.333008,2026-04-30 11:46:39
"Товарищество с ограниченной ответственностью ""Касарас""",4016,0,4015,1,10,0,21279,993818199.1875,2026-04-30 11:46:39
"Товарищество с ограниченной ответственностью ""Каусар Плюс""",630,3,630,0,0,0,3544,38479161.583984375,2026-04-30 11:46:39
"Товарищество с ограниченной ответственностью ""Керуен-Medicus""",8543,39,3244,5297,87,0,43956,1702802499.8945312,2026-04-30 11:46:39
"Товарищество с ограниченной ответственностью ""Керуен-Mеdicus на Шарипова""",5871,24,5867,4,22,0,35453,1146588383.7226562,2026-04-30 11:46:39
"Товарищество с ограниченной ответственностью ""Клиника ""AMD""",3669,177,3627,42,344,0,16518,718581056.4951172,2026-04-30 11:46:39
"Товарищество с ограниченной ответственностью ""Клиника ""LUCY""",209,0,209,0,5,0,610,49359772.046875,2026-04-30 11:46:39
"Товарищество с ограниченной ответственностью ""Клиника ""Авиценна""",279,0,0,0,0,0,2210,3711715.375,2026-04-30 11:46:39
"Товарищество с ограниченной ответственностью ""Клиника ""Дау-Мед""",16275,176,13056,0,93,3,116313,8679111543.862305,2026-04-30 11:46:39
"Товарищество с ограниченной ответственностью ""Клиника ""Жансая""",2853,0,2848,5,42,495,126384,1337942545.121582,2026-04-30 11:46:39
"Товарищество с ограниченной ответственностью ""Клиника ""КӨЗ ЖАРЫҒЫ""",26534,755,26534,0,62,0,125098,7891267721.473145,2026-04-30 11:46:39
"Товарищество с ограниченной ответственностью ""Клиника ""Панацея""",6456,181,6454,2,0,0,34545,747221932.8183594,2026-04-30 11:46:39
"Товарищество с ограниченной ответственностью ""Клиника ""ТАҢ""",823,3,819,4,0,0,6642,68149927.79296875,2026-04-30 11:46:39
"Товарищество с ограниченной ответственностью ""Клиника CityMed""",179,0,179,0,0,0,853,24272332.734375,2026-04-30 11:46:39
"Товарищество с ограниченной ответственностью ""Клиника DL-ЭКО""",8060,7,6801,4,20,5,53201,1125879421.6591797,2026-04-30 11:46:39
"Товарищество с ограниченной ответственностью ""Клиника MedCity""",33,0,33,0,0,0,173,2775971.6796875,2026-04-30 11:46:39
"Товарищество с ограниченной ответственностью ""Клиника SBS med""",78,0,18,0,0,0,458,30442605.625,2026-04-30 11:46:39
"Товарищество с ограниченной ответственностью ""Клиника iv plus""",7511,43,7511,0,5,0,93390,1902099322.352539,2026-04-30 11:46:39
"Товарищество с ограниченной ответственностью ""Клиника АСКАДИЯ""",4084,1,4084,0,0,0,28839,311471271.6591797,2026-04-30 11:46:39
"Товарищество с ограниченной ответственностью ""Клиника Аланда""",4932,654,4926,5,23,3,21418,2038197331.2617188,2026-04-30 11:46:39
"Товарищество с ограниченной ответственностью ""Клиника Виктория""",60,0,60,0,0,0,389,3945718.24609375,2026-04-30 11:46:39
"Товарищество с ограниченной ответственностью ""Клиника Демеу""",2663,7,43,0,16,0,46045,742293156.4707031,2026-04-30 11:46:39
"Товарищество с ограниченной ответственностью ""Клиника Демеу"" Кызылординский филиал",113,11,0,0,0,1,1905,29941026.57421875,2026-04-30 11:46:39
"Товарищество с ограниченной ответственностью ""Клиника Доктора Раисовой"" медицинский центр ""РАДА""",1062,8,654,23,0,0,6937,54783793.30175781,2026-04-30 11:46:39
"Товарищество с ограниченной ответственностью ""Клиника Евромед""",562,0,562,0,0,0,3883,31926492.0546875,2026-04-30 11:46:39
"Товарищество с ограниченной ответственностью ""Клиника Жансезім""",49,0,49,0,0,0,329,3961002.5859375,2026-04-30 11:46:39
"Товарищество с ограниченной ответственностью ""Клиника Ибн Сина""",304,0,304,0,1,0,1547,189202049.15625,2026-04-30 11:46:39
"Товарищество с ограниченной ответственностью ""Клиника Интертич""",4484,4,3692,0,0,0,30230,310147410.6220703,2026-04-30 11:46:39
"Товарищество с ограниченной ответственностью ""Клиника КардиоМед""",4484,55,4484,0,5,0,35780,1539853650.0039062,2026-04-30 11:46:39
"Товарищество с ограниченной ответственностью ""Клиника МИПО""",2672,5,2672,0,1,0,17714,314998085.25,2026-04-30 11:46:39
"Товарищество с ограниченной ответственностью ""Клиника МедАрт""",672,2,672,0,0,0,4246,60519786.572265625,2026-04-30 11:46:39
"Товарищество с ограниченной ответственностью ""Клиника Медикус центр""",701,20,701,0,0,0,8296,90708827.17578125,2026-04-30 11:46:39
"Товарищество с ограниченной ответственностью ""Клиника Нұр-Сая""",2342,10,2261,0,0,0,15507,135222100.47460938,2026-04-30 11:46:39
"Товарищество с ограниченной ответственностью ""Клиника Олжа""",157,1,157,0,0,0,971,13715100.1640625,2026-04-30 11:46:39
"Товарищество с ограниченной ответственностью ""Клиника Рахат""",898,1,722,0,1,0,5750,64960422.54980469,2026-04-30 11:46:39
"Товарищество с ограниченной ответственностью ""Клиника Талгата""",125497,7689,84252,35,498,338,912110,18247152629.825684,2026-04-30 11:46:39
"Товарищество с ограниченной ответственностью ""Клиника Хадиша""",10064,24,10064,0,156,231,65715,6771640485.654785,2026-04-30 11:46:39
"Товарищество с ограниченной ответственностью ""Клиника Эндохирургии""",8306,7,7566,22,0,2,158057,2389240215.4785156,2026-04-30 11:46:39
"Товарищество с ограниченной ответственностью ""Клиника доктора Ирсалиева Н.Р.""",224,1,223,1,0,0,1359,16349714.80078125,2026-04-30 11:46:39
"Товарищество с ограниченной ответственностью ""Клиника инновационных технологий MedLive""",2,0,2,0,0,0,7,576750.8125,2026-04-30 11:46:39
"Товарищество с ограниченной ответственностью ""Клиника микрохирургии глаза"" ",23997,6,19698,0,4,0,111504,5510555171.817383,2026-04-30 11:46:39
"Товарищество с ограниченной ответственностью ""Клиника профессора С.В. Лохвицкого""",5890,7,3818,390,27,13,31228,1296233572.3408203,2026-04-30 11:46:39
"Товарищество с ограниченной ответственностью ""Клиника семейной медицины""",178,0,178,0,1,0,1249,15026838.30078125,2026-04-30 11:46:39
"Товарищество с ограниченной ответственностью ""Клиника семейных врачей""",4184,4,4184,0,0,0,26519,314306357.58203125,2026-04-30 11:46:39
"Товарищество с ограниченной ответственностью ""Клинико-диагностический реабилитационный центр ""SANAD""",16626,4,16548,3,1,0,104957,1280371358.3066406,2026-04-30 11:46:39
"Товарищество с ограниченной ответственностью ""Кожабекова""",713,0,713,0,3,0,3239,55921978.8359375,2026-04-30 11:46:39
"Товарищество с ограниченной ответственностью ""Кожахметов""",1289,4,0,0,0,0,7800,13449597.438720703,2026-04-30 11:46:39
"Товарищество с ограниченной ответственностью ""Кожно-венерологический диспансер Дархан""",1185,592,140,1,0,0,15711,53298424.01269531,2026-04-30 11:46:39
"Товарищество с ограниченной ответственностью ""Коксу Мед""",9178,65,7039,3,20,0,41143,2451849836.830078,2026-04-30 11:46:39
"Товарищество с ограниченной ответственностью ""Кокшетауская железнодорожная больница""",27467,69,19186,6,60,85,200264,2201331157.8740234,2026-04-30 11:46:39
"Товарищество с ограниченной ответственностью ""Компания Интермед""",4,0,4,0,0,0,27,121594.5546875,2026-04-30 11:46:39
"Товарищество с ограниченной ответственностью ""Корпорация Акниет""",60,1,52,8,0,0,449,3375817.228515625,2026-04-30 11:46:39
"Товарищество с ограниченной ответственностью ""Костанайская железнодорожная больница""",30324,1768,19073,2015,47,7,270149,3134376276.8898926,2026-04-30 11:46:39
"Товарищество с ограниченной ответственностью ""Костанайский областной кардиологический центр""",15968,0,15815,153,36,47,94226,11343234740.23877,2026-04-30 11:46:39
"Товарищество с ограниченной ответственностью ""Костанайский хирургический центр""",17451,31,13821,2,7,0,86135,2949882462.8564453,2026-04-30 11:46:39
"Товарищество с ограниченной ответственностью ""Кошумбаева""",3181,3,1899,0,0,0,23677,116190954.62280273,2026-04-30 11:46:39
"Товарищество с ограниченной ответственностью ""Куаныш мед""",4957,11,4957,0,2,0,36232,398557617.5595703,2026-04-30 11:46:39
"Товарищество с ограниченной ответственностью ""Куаныш""",13251,19,13025,8,308,0,90407,2265900926.1655273,2026-04-30 11:46:39
"Товарищество с ограниченной ответственностью ""Кызылординская железнодорожная больница""",70623,5548,43333,7847,222,4,527635,8825049140.230469,2026-04-30 11:46:39
"Товарищество с ограниченной ответственностью ""Күлпаршын""",1499,63,1499,0,0,0,8265,106049508.63671875,2026-04-30 11:46:39
"Товарищество с ограниченной ответственностью ""ЛОР Центр ""Ай-Медикус""",34,2,34,0,0,0,127,3295883.8984375,2026-04-30 11:46:39
"Товарищество с ограниченной ответственностью ""Лазерный центр Коновалова""",5073,0,4136,0,1,0,20315,958022040.453125,2026-04-30 11:46:39
"Товарищество с ограниченной ответственностью ""Лекерова""",4121,6,2249,0,0,0,28618,145736077.80615234,2026-04-30 11:46:39
"Товарищество с ограниченной ответственностью ""Лечебно - оздоровительный центр ""Аян""",310,13,310,0,0,0,2104,35516095.26953125,2026-04-30 11:46:39
"Товарищество с ограниченной ответственностью ""Лечебно-диагностический Центр Азия Мед""",1906,7,1906,0,0,0,12753,152089519.5078125,2026-04-30 11:46:39
"Товарищество с ограниченной ответственностью ""Лечебно-диагностический центр ""Ак-Ырыс""",429,281,429,0,8,0,3645,41209354.390625,2026-04-30 11:46:39
"Товарищество с ограниченной ответственностью ""Лечебно-диагностический центр ""Сункар-Атырау""",591,1,591,0,0,0,4001,35476930.1328125,2026-04-30 11:46:39
"Товарищество с ограниченной ответственностью ""Лечебно-оздоровительный комплекс ""Рахат Resort""""",32,1,32,0,0,0,534,5767748.0,2026-04-30 11:46:39
"Товарищество с ограниченной ответственностью ""Лечебно-оздоровительный центр ""ТимАл""",3884,0,2344,0,3,1,77365,1336462583.78125,2026-04-30 11:46:39
"Товарищество с ограниченной ответственностью ""Лечебно-оздоровительный центр Биоритм""",5020,63,5017,3,12,0,49726,563265592.3398438,2026-04-30 11:46:39
"Товарищество с ограниченной ответственностью ""Лечебно-оздоровительный центр Самал""",10459,14,6050,4,4,1,86296,1268398267.774414,2026-04-30 11:46:39
"Товарищество с ограниченной ответственностью ""Лечебно–диагностический центр ""Актобе""",1514,12,0,0,2,0,9507,24313951.071289062,2026-04-30 11:46:39
"Товарищество с ограниченной ответственностью ""Лечебный центр ""ЭСКУЛАП""",11213,25,4732,5169,100,1,61076,2007467720.0039062,2026-04-30 11:46:39
"Товарищество с ограниченной ответственностью ""Лидер Медикал Групп""",66,2,66,0,0,0,450,5499761.685546875,2026-04-30 11:46:39
"Товарищество с ограниченной ответственностью ""Лимфа Си""",2394,129,2394,0,2,0,14400,402630412.1738281,2026-04-30 11:46:39
"Товарищество с ограниченной ответственностью ""Лор центр ""V-ent""""",639,397,639,0,0,0,3242,31253287.459960938,2026-04-30 11:46:39
"Товарищество с ограниченной ответственностью ""М.Ф.К. Хаят""",6599,10,6599,0,1,0,59570,813927800.4404297,2026-04-30 11:46:39
"Товарищество с ограниченной ответственностью ""МЕDIUM""",4570,650,4162,0,7,0,32575,937797613.7851562,2026-04-30 11:46:39
"Товарищество с ограниченной ответственностью ""МЕДАКС""",138,1,138,0,0,0,874,17030587.8984375,2026-04-30 11:46:39
"Товарищество с ограниченной ответственностью ""МЕДИЦИНСКИЙ ЦЕНТР ""ICLINIC""",4672,37,4671,0,1,0,16169,604131488.2988281,2026-04-30 11:46:39
"Товарищество с ограниченной ответственностью ""МЕДИЦИНСКИЙ ЦЕНТР ARAI""",20176,28,10637,921,32,6,151181,2052705614.677002,2026-04-30 11:46:39
"Товарищество с ограниченной ответственностью ""МЕДИЦИНСКИЙ ЦЕНТР МАНКЕНТ""",435,0,435,0,0,0,2982,56288780.96875,2026-04-30 11:46:39
"Товарищество с ограниченной ответственностью ""МК Aspan Tau""",569,0,569,0,0,0,8241,85075168.87109375,2026-04-30 11:46:39
"Товарищество с ограниченной ответственностью ""МК Зейн Алматы""",5195,6,3745,0,0,0,121226,1733993456.6875,2026-04-30 11:46:39
"Товарищество с ограниченной ответственностью ""МОД и компания""",2100,0,2099,1,1,0,14520,235988516.8359375,2026-04-30 11:46:39
"Товарищество с ограниченной ответственностью ""МОЙ ДОКТОР""",94,1,94,0,0,0,906,14516860.703125,2026-04-30 11:46:39
"Товарищество с ограниченной ответственностью ""МЦ ""Sabi-med""",1913,4,1913,0,0,0,12700,177475320.68164062,2026-04-30 11:46:39
"Товарищество с ограниченной ответственностью ""МЦ DH-Clinic""",4109,6,4109,0,1,0,22601,255774173.28808594,2026-04-30 11:46:39
"Товарищество с ограниченной ответственностью ""Маksat МеД""",9,6,9,0,0,0,140,1081988.03125,2026-04-30 11:46:39
"Товарищество с ограниченной ответственностью ""Макенбаева""",7998,11,3907,0,2,0,57017,291243306.44799805,2026-04-30 11:46:39
"Товарищество с ограниченной ответственностью ""Максимед-Атырау""",76,0,76,0,0,0,1150,12110064.296875,2026-04-30 11:46:39
"Товарищество с ограниченной ответственностью ""Мед Ай-Ерке""",6151,537,6150,1,0,0,42419,493769506.57421875,2026-04-30 11:46:39
"Товарищество с ограниченной ответственностью ""Мед Алатау""",27011,492,25306,0,3,1,438242,6631626321.489746,2026-04-30 11:46:39
"Товарищество с ограниченной ответственностью ""Мед клиника ""Сұңқар""",84,0,83,1,0,0,637,5818653.2109375,2026-04-30 11:46:39
"Товарищество с ограниченной ответственностью ""Мед центр AKSU""",788,1,787,1,0,0,4277,75021376.90429688,2026-04-30 11:46:39
"Товарищество с ограниченной ответственностью ""МедПроект-ПВ""",2321,0,2051,0,0,0,13928,121075485.11328125,2026-04-30 11:46:39
"Товарищество с ограниченной ответственностью ""МедЦентр Ел саулығы""",157,4,157,0,0,0,785,2124191.0302734375,2026-04-30 11:46:39
"Товарищество с ограниченной ответственностью ""Меда-Актобе""",2834,0,2834,0,0,0,49959,1107658348.828125,2026-04-30 11:46:39
"Товарищество с ограниченной ответственностью ""Медея Север""",7656,1,6704,1,1,0,37175,436214629.8984375,2026-04-30 11:46:39
"Товарищество с ограниченной ответственностью ""Медиа-Фарм""",162,0,161,1,0,0,1064,15130423.3828125,2026-04-30 11:46:39
"Товарищество с ограниченной ответственностью ""Медик-Сервис""",4277,15,2194,0,1,0,22588,566100442.0273438,2026-04-30 11:46:39
"Товарищество с ограниченной ответственностью ""Медикал Шипа мед""",819,2,818,1,0,0,5858,138851512.8359375,2026-04-30 11:46:39
"Товарищество с ограниченной ответственностью ""Медикер Аксай""",1699,5,1586,0,1,0,8697,102325454.11914062,2026-04-30 11:46:39
"Товарищество с ограниченной ответственностью ""Медикер Астана""",2518,12,2083,1,1,0,17201,127725093.99804688,2026-04-30 11:46:39
"Товарищество с ограниченной ответственностью ""Медикер Жайык""",15145,326,12371,51,14,0,119349,1743300191.442871,2026-04-30 11:46:39
"Товарищество с ограниченной ответственностью ""Медикер Илек""",2715,4,2715,0,0,0,14727,158118909.63232422,2026-04-30 11:46:39
"Товарищество с ограниченной ответственностью ""Медикер Каспий""",4,0,4,0,0,0,19,339900.34375,2026-04-30 11:46:39
"Товарищество с ограниченной ответственностью ""Медикер Педиатрия""",1208,1202,961,0,0,0,7207,58984019.77050781,2026-04-30 11:46:39
"Товарищество с ограниченной ответственностью ""Медикер ЮК""",14925,164,13098,1,2,0,121795,1832673306.5297852,2026-04-30 11:46:39
"Товарищество с ограниченной ответственностью ""Медико-консультативный центр ""Мейірім""",11,0,11,0,0,0,55,961434.671875,2026-04-30 11:46:39
"Товарищество с ограниченной ответственностью ""Медико-консультативный центр ""Сенім-А""",157,0,157,0,0,0,973,15140049.859375,2026-04-30 11:46:39
"Товарищество с ограниченной ответственностью ""Медико-оздоровительный комплекс ""Ак-Каин""",184,0,184,0,1,0,1556,26649037.04296875,2026-04-30 11:46:39
"Товарищество с ограниченной ответственностью ""Медико-санитарная часть-2""",40478,3185,11811,445,1202,440,308094,2162516446.5178833,2026-04-30 11:46:39
"Товарищество с ограниченной ответственностью ""Медициналық орталығы ""БЕРЕКЕ""",5,0,5,0,0,0,29,460512.109375,2026-04-30 11:46:39
"Товарищество с ограниченной ответственностью ""Медицинская клиника ""Центр гемодиализа""",5946,15,3396,0,0,1,120004,1761515229.6054688,2026-04-30 11:46:39
"Товарищество с ограниченной ответственностью ""Медицинская клиника ААА""",3247,31,3245,2,1,0,22101,553864923.5234375,2026-04-30 11:46:39
"Товарищество с ограниченной ответственностью ""Медицинская компания ""DAMED""",428,0,428,0,0,0,2425,23653426.51953125,2026-04-30 11:46:39
"Товарищество с ограниченной ответственностью ""Медицинская компания ""ЗЕЙН""",1987,11,0,0,3,1,42815,577334854.6601562,2026-04-30 11:46:39
"Товарищество с ограниченной ответственностью ""Медицинская компания ""Сункар""",13068,21,8172,2,45,11,117048,5073212744.67334,2026-04-30 11:46:39
"Товарищество с ограниченной ответственностью ""Медицинская фирма ""Гиппократ""",73486,2967,50301,1720,1417,1492,611887,9354138197.03711,2026-04-30 11:46:39
"Товарищество с ограниченной ответственностью ""Медицинская фирма ""Мерей""",29034,411,20882,14,26,1,401608,5292590241.598145,2026-04-30 11:46:39
"Товарищество с ограниченной ответственностью ""Медицинский Центр ""Далия Мед""",2018,0,2016,2,0,0,13102,149986023.29492188,2026-04-30 11:46:39
"Товарищество с ограниченной ответственностью ""Медицинский Центр ""ИНТЕРТИЧ"" города Кульсары""",587,5,585,2,0,0,3074,36444181.265625,2026-04-30 11:46:39
"Товарищество с ограниченной ответственностью ""Медицинский Центр ""ИНТЕРТИЧ"" города Уральск""",3719,3,3603,0,1,0,18790,222799101.4482422,2026-04-30 11:46:39
"Товарищество с ограниченной ответственностью ""Медицинский Центр ""Мухамбет""",11553,704,11542,10,4,0,101510,1495786269.6020508,2026-04-30 11:46:39
"Товарищество с ограниченной ответственностью ""Медицинский лечебный центр ""Тараз-Болашақ""",727,69,704,23,1,0,5675,52706859.4921875,2026-04-30 11:46:39
"Товарищество с ограниченной ответственностью ""Медицинский реабилитационный центр ""Жұлдызай"" Атырауская область",412,410,412,0,0,0,7949,48813316.80761719,2026-04-30 11:46:39
"Товарищество с ограниченной ответственностью ""Медицинский реабилитационный центр ""Жұлдызай""""",3730,3727,3728,0,1,0,62443,365381395.04785156,2026-04-30 11:46:39
"Товарищество с ограниченной ответственностью ""Медицинский реабилитационный центр Жұлдызай""",143,143,143,0,0,0,2911,18445391.774414062,2026-04-30 11:46:39
"Товарищество с ограниченной ответственностью ""Медицинский центр ""DARU NEFROS""",7753,0,7753,0,9,3,148654,2683443101.001953,2026-04-30 11:46:39
"Товарищество с ограниченной ответственностью ""Медицинский центр ""Della Vita""",474,0,473,1,0,0,3482,44867657.40625,2026-04-30 11:46:39
"Товарищество с ограниченной ответственностью ""Медицинский центр ""Med City""",524,91,521,3,0,0,2883,35292141.513671875,2026-04-30 11:46:39
"Товарищество с ограниченной ответственностью ""Медицинский центр ""MedLine""",5745,7,4597,0,0,0,31829,354008910.68310547,2026-04-30 11:46:39
"Товарищество с ограниченной ответственностью ""Медицинский центр ""NazMed""",1197,4,1197,0,1,0,8810,74862960.10546875,2026-04-30 11:46:39
"Товарищество с ограниченной ответственностью ""Медицинский центр ""Sauran""",1463,2,1463,0,0,0,10124,107246926.41992188,2026-04-30 11:46:39
"Товарищество с ограниченной ответственностью ""Медицинский центр ""Togus-Med""",665,20,665,0,0,0,3583,58869281.30078125,2026-04-30 11:46:39
"Товарищество с ограниченной ответственностью ""Медицинский центр ""АБАЙ""",2674,21,2672,2,0,0,17620,198230219.84179688,2026-04-30 11:46:39
"Товарищество с ограниченной ответственностью ""Медицинский центр ""Ай-Нұры""",11482,30,6974,0,9,0,73959,528721407.13964844,2026-04-30 11:46:39
"Товарищество с ограниченной ответственностью ""Медицинский центр ""Ай-фарма""",1029,9,1027,2,1,0,6040,88327598.66210938,2026-04-30 11:46:39
"Товарищество с ограниченной ответственностью ""Медицинский центр ""Али-Мед""",166,0,0,41,1,0,2261,0.0,2026-04-30 11:46:39
"Товарищество с ограниченной ответственностью ""Медицинский центр ""Алтын Тұмар""",49,0,49,0,0,0,271,4014469.41796875,2026-04-30 11:46:39
"Товарищество с ограниченной ответственностью ""Медицинский центр ""Атамекен""",9573,24,9570,3,50,10,49350,1351723960.0078125,2026-04-30 11:46:39
"Товарищество с ограниченной ответственностью ""Медицинский центр ""Брак и семья""",2531,1,1528,1,2006,0,5213,1981376204.8173828,2026-04-30 11:46:39
"Товарищество с ограниченной ответственностью ""Медицинский центр ""Будь здоров""",4367,0,3951,0,0,0,34883,271007358.7470703,2026-04-30 11:46:39
"Товарищество с ограниченной ответственностью ""Медицинский центр ""Данико""",1679,448,1622,56,0,0,12176,74520728.76367188,2026-04-30 11:46:39
"Товарищество с ограниченной ответственностью ""Медицинский центр ""Денсаулық-Талас""",126,0,126,0,0,0,1161,13085483.359375,2026-04-30 11:46:39
"Товарищество с ограниченной ответственностью ""Медицинский центр ""Ди-Эльнур""",880,0,879,1,0,0,10794,131338397.38671875,2026-04-30 11:46:39
"Товарищество с ограниченной ответственностью ""Медицинский центр ""Доктор Ю""",314,0,314,0,1,0,1363,26990439.16015625,2026-04-30 11:46:39
"Товарищество с ограниченной ответственностью ""Медицинский центр ""ЕЛМЕД""",1116,7,1116,0,0,0,6893,67679502.30761719,2026-04-30 11:46:39
"Товарищество с ограниченной ответственностью ""Медицинский центр ""Ер-АНА""",3566,0,3565,1,2,0,32690,467537336.62109375,2026-04-30 11:46:39
"Товарищество с ограниченной ответственностью ""Медицинский центр ""Жас - Ай""",722,0,722,0,0,0,5350,67207699.53125,2026-04-30 11:46:39
"Товарищество с ограниченной ответственностью ""Медицинский центр ""Жас - Ай"" (производственная база)",763,0,761,2,0,0,3917,63561879.7421875,2026-04-30 11:46:39
"Товарищество с ограниченной ответственностью ""Медицинский центр ""Жас-Ай""",282,0,282,0,0,0,1688,24652642.96484375,2026-04-30 11:46:39
"Товарищество с ограниченной ответственностью ""Медицинский центр ""Зангар+""",32,0,0,0,0,0,250,2302449.3125,2026-04-30 11:46:39
"Товарищество с ограниченной ответственностью ""Медицинский центр ""Ибн Сина""",6927,137,6927,0,7,0,42152,564805577.2890625,2026-04-30 11:46:39
"Товарищество с ограниченной ответственностью ""Медицинский центр ""Казахстан""",790,35,790,0,0,0,4585,53915287.88769531,2026-04-30 11:46:39
"Товарищество с ограниченной ответственностью ""Медицинский центр ""ЛОР-Медиус"" ",149,15,149,0,0,0,1006,2152045.7348632812,2026-04-30 11:46:39
"Товарищество с ограниченной ответственностью ""Медицинский центр ""ОВИ""""",409,84,409,0,0,0,2682,23420742.82421875,2026-04-30 11:46:39
"Товарищество с ограниченной ответственностью ""Медицинский центр ""Омарали""",1598,16,1598,0,0,0,8460,100672373.58203125,2026-04-30 11:46:39
"Товарищество с ограниченной ответственностью ""Медицинский центр ""РайМед""",5100,32,5099,0,1,0,32741,304095451.84277344,2026-04-30 11:46:39
"Товарищество с ограниченной ответственностью ""Медицинский центр ""Релайф""",3336,275,3092,0,218,1,29134,888926389.3481445,2026-04-30 11:46:39
"Товарищество с ограниченной ответственностью ""Медицинский центр ""САД ДОЛГОЛЕТИЯ""",140,0,140,0,0,0,835,11209093.5390625,2026-04-30 11:46:39
"Товарищество с ограниченной ответственностью ""Медицинский центр ""САНА""",187,0,187,0,0,0,1208,10759735.046875,2026-04-30 11:46:39
"Товарищество с ограниченной ответственностью ""Медицинский центр ""Сункар""",188,0,188,0,0,0,1326,29784593.88671875,2026-04-30 11:46:39
"Товарищество с ограниченной ответственностью ""Медицинский центр ""ЯСИН - Атамекен""",438,0,438,0,0,0,3197,61680273.126953125,2026-04-30 11:46:39
"Товарищество с ограниченной ответственностью ""Медицинский центр ""ЯСИН""""",18107,1323,16719,13,0,0,144775,1862940967.8134766,2026-04-30 11:46:39
"Товарищество с ограниченной ответственностью ""Медицинский центр ""Яссин""",10078,794,10075,3,1,0,67818,897685190.8085938,2026-04-30 11:46:39
"Товарищество с ограниченной ответственностью ""Медицинский центр ""Өмір""",8931,47,5128,2588,17,2,67656,1100331842.8842773,2026-04-30 11:46:39
"Товарищество с ограниченной ответственностью ""Медицинский центр A'dam""",4868,1685,4865,3,0,0,67724,481348706.4902344,2026-04-30 11:46:39
"Товарищество с ограниченной ответственностью ""Медицинский центр ASIA MED""",782,0,782,0,0,0,3218,311301441.46875,2026-04-30 11:46:39
"Товарищество с ограниченной ответственностью ""Медицинский центр ASIA MED"" ",2933,0,2933,0,6,3,15388,2367608183.2226562,2026-04-30 11:46:39
"Товарищество с ограниченной ответственностью ""Медицинский центр Family Ek""",3754,1,3748,6,0,0,19852,399376847.3828125,2026-04-30 11:46:39
"Товарищество с ограниченной ответственностью ""Медицинский центр Help clinic""",6093,4,5311,0,0,0,31593,362971555.9375,2026-04-30 11:46:39
"Товарищество с ограниченной ответственностью ""Медицинский центр АБЖ Арыс""",93,0,93,0,0,0,402,22233001.59765625,2026-04-30 11:46:39
"Товарищество с ограниченной ответственностью ""Медицинский центр Доктора Орынбаева",839,0,0,0,18,0,14194,265890270.08789062,2026-04-30 11:46:39
"Товарищество с ограниченной ответственностью ""Медицинский центр Евразия""",4618,6,4618,0,3,0,42488,578297399.2016602,2026-04-30 11:46:39
"Товарищество с ограниченной ответственностью ""Медицинский центр ЖАНҰЯ ЖҰМАБЕК Мед""",4101,213,4065,36,8,0,24867,513528799.64160156,2026-04-30 11:46:39
"Товарищество с ограниченной ответственностью ""Медицинский центр Жалымбетов""",7096,338,6013,1,3,2,46322,670565944.7617188,2026-04-30 11:46:39
"Товарищество с ограниченной ответственностью ""Медицинский центр Жандауа""",436,3,436,0,0,0,5450,52325122.9140625,2026-04-30 11:46:39
"Товарищество с ограниченной ответственностью ""Медицинский центр Жезказган""",45014,1097,35299,2060,184,125,326836,7209846931.124512,2026-04-30 11:46:39
"Товарищество с ограниченной ответственностью ""Медицинский центр Жоламан""",1148,50,1146,2,0,0,8941,91617670.13476562,2026-04-30 11:46:39
"Товарищество с ограниченной ответственностью ""Медицинский центр Зерде""",765,1,765,0,1,0,3838,50567133.498046875,2026-04-30 11:46:39
"Товарищество с ограниченной ответственностью ""Медицинский центр Ондирис""",753,3,753,0,0,0,4947,68158142.28125,2026-04-30 11:46:39
"Товарищество с ограниченной ответственностью ""Медицинский центр Рауан""",7328,11,7327,1,2,0,53033,548005245.171875,2026-04-30 11:46:39
"Товарищество с ограниченной ответственностью ""Медицинский центр ХАК""",54257,113,46811,3,123,4,425993,19403899524.88037,2026-04-30 11:46:39
"Товарищество с ограниченной ответственностью ""Медицинский центр ЮНОНА""",7185,16,5900,0,4,0,49927,886103497.2685547,2026-04-30 11:46:39
"Товарищество с ограниченной ответственностью ""Медицинский центр болезней суставов города Шымкент""",2845,6,0,0,1,0,23146,47516069.21875,2026-04-30 11:46:39
"Товарищество с ограниченной ответственностью ""Медицинский центр врача Третьяк""",985,0,985,0,0,0,7007,85827541.6484375,2026-04-30 11:46:39
"Товарищество с ограниченной ответственностью ""Медицинский центр доктора ""Орынбаева-Туркестан""",521,4,521,0,0,0,3702,68777640.05078125,2026-04-30 11:46:39
"Товарищество с ограниченной ответственностью ""Медицинский центр доктора Орынбаева""",12460,352,6330,0,59,4,118255,2218131966.223633,2026-04-30 11:46:39
"Товарищество с ограниченной ответственностью ""Медицинский центр кардиологии и внутренних болезней""ARCHIMED""",23461,5047,22824,17,98,43,212924,5917190317.749023,2026-04-30 11:46:39
"Товарищество с ограниченной ответственностью ""Медицинский центр""",93871,722,36377,31054,5890,32,599327,10363913254.848633,2026-04-30 11:46:39
"Товарищество с ограниченной ответственностью ""Медицинский центр"" АйЗере-М""",1564,2,1564,0,0,0,11647,125135929.515625,2026-04-30 11:46:39
"Товарищество с ограниченной ответственностью ""Медицинский центр""Студент""",98,0,98,0,1,0,522,8426012.58984375,2026-04-30 11:46:39
"Товарищество с ограниченной ответственностью ""Медсанчасть ""Шахтер Испат Кармет""",9559,9,0,1154,120,157,90290,518107334.78271484,2026-04-30 11:46:39
"Товарищество с ограниченной ответственностью ""Медсервисхирургия""",2486,43,2486,0,1,0,13051,190953752.36523438,2026-04-30 11:46:39
"Товарищество с ограниченной ответственностью ""Медстатус Групп""",2988,1672,2988,0,7,0,13754,836117660.9257812,2026-04-30 11:46:39
"Товарищество с ограниченной ответственностью ""Медцентр ""Медина""",1576,95,1574,2,1,0,8111,154300822.38671875,2026-04-30 11:46:39
"Товарищество с ограниченной ответственностью ""Медцентр ""НИКОС""""",2711,1,2269,0,7,0,13705,140556816.52929688,2026-04-30 11:46:39
"Товарищество с ограниченной ответственностью ""Медцентр - Рахат""",5569,11,4939,0,8,1,35354,779037381.2822266,2026-04-30 11:46:39
"Товарищество с ограниченной ответственностью ""Медцентр Ибн Сина""",7713,5,7710,3,5,0,49218,5143714431.890625,2026-04-30 11:46:39
"Товарищество с ограниченной ответственностью ""Медцентр-Кентау""",5787,142,3675,0,0,0,40630,235735165.6015625,2026-04-30 11:46:39
"Товарищество с ограниченной ответственностью ""Международный научный центр травматологии и ортопедии""",2120,0,2119,1,3,0,18286,1454633601.0078125,2026-04-30 11:46:39
"Товарищество с ограниченной ответственностью ""Международный научный центр травмотологии и ортопедии ""Бурабай""",49,0,49,0,0,0,339,10846677.796875,2026-04-30 11:46:39
"Товарищество с ограниченной ответственностью ""Мейірім-Центр реабилитации""",2249,0,2249,0,3,0,25007,515618051.5136719,2026-04-30 11:46:39
"Товарищество с ограниченной ответственностью ""МиТ-ФАРМ +""",3141,20,2817,3,0,0,23473,197046725.65966797,2026-04-30 11:46:39
"Товарищество с ограниченной ответственностью ""МилМед""",507,4,507,0,2,0,3149,41405946.5234375,2026-04-30 11:46:39
"Товарищество с ограниченной ответственностью ""Мир Женщины""",1003,1,1003,0,0,0,5071,76013279.66992188,2026-04-30 11:46:39
"Товарищество с ограниченной ответственностью ""Митралия""",7262,2,6028,0,1,0,49559,460114672.13183594,2026-04-30 11:46:39
"Товарищество с ограниченной ответственностью ""Мия-med""",78,0,78,0,0,0,534,6215649.109375,2026-04-30 11:46:39
"Товарищество с ограниченной ответственностью ""Многопрофильная Клиника ""ТЫНЫҚ""",468,0,468,0,0,0,6048,85670644.765625,2026-04-30 11:46:39
"Товарищество с ограниченной ответственностью ""Многопрофильный Медицинский Центр ""Денсаулық"" город Семей",11923,1,11923,0,0,0,93928,1045268638.7265625,2026-04-30 11:46:39
"Товарищество с ограниченной ответственностью ""Многопрофильный медицинский центр ""Мейірім""",3276,46,1898,0,4,0,19645,809489550.9716797,2026-04-30 11:46:39
"Товарищество с ограниченной ответственностью ""Многопрофильный центр медицинской реабилитации ""Аруана""",8857,0,8857,0,27,1,102894,2459246960.53125,2026-04-30 11:46:39
"Товарищество с ограниченной ответственностью ""Моя Семейная амбулатория""",4834,1,4833,1,2,0,32004,343274517.4980469,2026-04-30 11:46:39
"Товарищество с ограниченной ответственностью ""НЕВРОМЕД"" МЕДИЦИНАЛЫҚ ОҢАЛТУ ОРТАЛЫҒЫ""",983,0,983,0,0,0,14137,134335455.3203125,2026-04-30 11:46:39
"Товарищество с ограниченной ответственностью ""НЕФРОС-Жетысу""",25,0,0,0,0,0,590,7158674.640625,2026-04-30 11:46:39
"Товарищество с ограниченной ответственностью ""НЕФРОС-СК""",12718,2,10658,0,1,1,305266,4232055135.611328,2026-04-30 11:46:39
"Товарищество с ограниченной ответственностью ""НУР- МЕД ГРУПП""",6634,0,6633,1,0,0,34816,357533379.34277344,2026-04-30 11:46:39
"Товарищество с ограниченной ответственностью ""Научно-клинический центр кардиохирургии и трансплантологии""",23970,2296,17199,2877,221,355,200611,24108986842.48242,2026-04-30 11:46:39
"Товарищество с ограниченной ответственностью ""Научно-практический медицинский центр""",1028,6,1028,0,0,0,6875,93913388.72070312,2026-04-30 11:46:39
"Товарищество с ограниченной ответственностью ""Научно-практический центр дерматовенерологии и косметологии""",245,43,245,0,0,0,1708,15155313.109375,2026-04-30 11:46:39
"Товарищество с ограниченной ответственностью ""Национальный научный онкологический центр""",70190,2,66093,4094,743,378,646432,61620720020.782715,2026-04-30 11:46:39
"Товарищество с ограниченной ответственностью ""Неврология эпилептология и реабилитация""",1051,46,1011,0,0,0,8344,63816649.39550781,2026-04-30 11:46:39
"Товарищество с ограниченной ответственностью ""Нейрон""",50093,6849,41905,21,45,6,426316,10131846040.890137,2026-04-30 11:46:39
"Товарищество с ограниченной ответственностью ""Нейрореабилитационный центр ""Луч""",36678,3,34588,0,65,3,539710,10892496445.858398,2026-04-30 11:46:39
"Товарищество с ограниченной ответственностью ""Нефрос Азия""",39021,3,36034,0,0,0,868383,14143073096.03125,2026-04-30 11:46:39
"Товарищество с ограниченной ответственностью ""Нефрос Азия"" (производственная база в городе Кокшетау) ",2468,0,2468,0,0,0,60179,987150159.7265625,2026-04-30 11:46:39
"Товарищество с ограниченной ответственностью ""Нефрос Азия"" Актобе",6465,0,6465,0,0,0,141970,2547811112.015625,2026-04-30 11:46:39
"Товарищество с ограниченной ответственностью ""Нефрос Азия"" Алм обл",7825,0,7825,0,0,0,177498,3124768673.4453125,2026-04-30 11:46:39
"Товарищество с ограниченной ответственностью ""Нефрос Азия"" Жетысу",21395,8,19219,0,0,0,490233,7815533790.621094,2026-04-30 11:46:39
"Товарищество с ограниченной ответственностью ""Нефрос Азия"" Карагандинская область",19420,137,19420,0,0,0,472639,7451085818.097656,2026-04-30 11:46:39
"Товарищество с ограниченной ответственностью ""Нефрос Азия"" Костанай",5929,106,5929,0,0,1,143189,2371310542.984375,2026-04-30 11:46:39
"Товарищество с ограниченной ответственностью ""Нефрос Азия"" Мангистау",3779,17,3764,0,0,0,76482,1397101656.9296875,2026-04-30 11:46:39
"Товарищество с ограниченной ответственностью ""Нефрос Азия"" производственная база города Астана",14682,0,14682,0,0,2,280909,5117703360.341797,2026-04-30 11:46:39
"Товарищество с ограниченной ответственностью ""Новая Поликлиника""",14848,1626,14845,2,1,0,111261,1011790767.7338867,2026-04-30 11:46:39
"Товарищество с ограниченной ответственностью ""Нурай"" ЭКО Клиник",204,0,204,0,163,0,369,219036074.5625,2026-04-30 11:46:39
"Товарищество с ограниченной ответственностью ""Нурас-Мед""",234,35,234,0,0,0,1295,11608301.3671875,2026-04-30 11:46:39
"Товарищество с ограниченной ответственностью ""Нури Мед""",1473,1467,1473,0,1,0,24092,143644464.07763672,2026-04-30 11:46:39
"Товарищество с ограниченной ответственностью ""НҰР"" Медицинский Центр""",8310,6437,5946,209,0,0,64943,618165525.0341797,2026-04-30 11:46:39
"Товарищество с ограниченной ответственностью ""НҰР"" Ортохирургия Медициналық Орталығы""",11348,12,11228,120,9,0,91215,2864532708.051758,2026-04-30 11:46:39
"Товарищество с ограниченной ответственностью ""Нұрлы-Мед""",6437,185,6437,0,1,0,43034,653471936.1621094,2026-04-30 11:46:39
"Товарищество с ограниченной ответственностью ""Озон-интегра""",1906,5,1895,11,2,0,11091,180635667.11132812,2026-04-30 11:46:39
"Товарищество с ограниченной ответственностью ""Омедин""",1058,9,1057,1,1,0,6669,70184446.4399414,2026-04-30 11:46:39
"Товарищество с ограниченной ответственностью ""Омир-ПВ""",1173,7,1173,0,0,0,6239,88071944.49902344,2026-04-30 11:46:39
"Товарищество с ограниченной ответственностью ""Онкологический центр ""СУНКАР""",3475,0,3475,0,6,4,50877,2653547197.2265625,2026-04-30 11:46:39
"Товарищество с ограниченной ответственностью ""ОркенМед""",1082,27,1082,0,0,0,6063,100447359.63085938,2026-04-30 11:46:39
"Товарищество с ограниченной ответственностью ""ОртоЦентр""",502,456,502,0,0,0,7429,64769661.8359375,2026-04-30 11:46:39
"Товарищество с ограниченной ответственностью ""Ортолайн""",7509,0,7508,1,9,0,112056,2189278134.138672,2026-04-30 11:46:39
"Товарищество с ограниченной ответственностью ""Ортопедический центр ""Экстра комфорт""",9379,8065,9379,0,0,0,68018,678244256.140625,2026-04-30 11:46:39
"Товарищество с ограниченной ответственностью ""Отбасылық емхана""",125,1,125,0,0,0,683,9547758.3359375,2026-04-30 11:46:39
"Товарищество с ограниченной ответственностью ""Офтальмологическая клиника ""КӨЗҚАРАС""",3527,2,3419,0,12,0,16366,638514754.7382812,2026-04-30 11:46:39
"Товарищество с ограниченной ответственностью ""Офтальмологическая клиника Ten SV""",6463,15,5137,0,0,0,27791,1271952944.765625,2026-04-30 11:46:39
"Товарищество с ограниченной ответственностью ""Офтальмологическая клиника «КӨЗҚАРАС-Алматы""",2544,4,2544,0,0,0,8820,601028938.5390625,2026-04-30 11:46:39
"Товарищество с ограниченной ответственностью ""Офтальмологический Центр Focus""",3027,1,3027,0,727,0,7009,638618938.9375,2026-04-30 11:46:39
"Товарищество с ограниченной ответственностью ""Офтальмологический центр ШЫРАК""",4622,1,4597,0,0,0,19560,1204265909.0449219,2026-04-30 11:46:39
"Товарищество с ограниченной ответственностью ""Офтальмологический центр профессора Ботабековой Т.К.""",6450,11,5548,0,2,0,28412,1642253092.8867188,2026-04-30 11:46:39
"Товарищество с ограниченной ответственностью ""Офтальмологический центрдоктора Арсентия П""",9,0,9,0,0,0,27,2257104.09375,2026-04-30 11:46:39
"Товарищество с ограниченной ответственностью ""Павлодарская железнодорожная больница""",66831,927,36995,11068,611,114,482182,6320782223.294678,2026-04-30 11:46:39
"Товарищество с ограниченной ответственностью ""Планета здоровья деток""",2038,2037,2038,0,2,0,37500,217741585.06445312,2026-04-30 11:46:39
"Товарищество с ограниченной ответственностью ""Поликлиника ""Дау-Мед""",2732,1,2732,0,0,0,15286,167068179.46533203,2026-04-30 11:46:39
"Товарищество с ограниченной ответственностью ""Поликлиника ""СУН-АР МЕД II""",542,3,444,0,0,0,3183,21825746.90966797,2026-04-30 11:46:39
"Товарищество с ограниченной ответственностью ""Поликлиника ""СУНКАР-II""",5546,12,5546,0,0,0,29852,381647832.1435547,2026-04-30 11:46:39
"Товарищество с ограниченной ответственностью ""Поликлиника 15""",19598,172,19595,3,0,0,133429,1619538155.9716797,2026-04-30 11:46:39
"Товарищество с ограниченной ответственностью ""Поликлиника 7я""",2078,0,2078,0,0,0,11569,159858721.96679688,2026-04-30 11:46:39
"Товарищество с ограниченной ответственностью ""Поликлиника Profimed""",250,0,250,0,0,0,1351,22452939.328125,2026-04-30 11:46:39
"Товарищество с ограниченной ответственностью ""Поликлиника Аспан""",605,0,605,0,0,0,3317,52057065.14453125,2026-04-30 11:46:39
"Товарищество с ограниченной ответственностью ""Поликлиника Саялы""",228,1,227,1,0,0,1161,18052377.93359375,2026-04-30 11:46:39
"Товарищество с ограниченной ответственностью ""Поликлиника здоровья""",6369,35,6368,0,1,0,23198,1187606205.3847656,2026-04-30 11:46:39
"Товарищество с ограниченной ответственностью ""Поликлиника №2 города Рудный""",5683,10,4694,0,0,0,34597,323909359.0527344,2026-04-30 11:46:39
"Товарищество с ограниченной ответственностью ""Поликлиника №5 города Костанай""",13224,11,12109,0,5,0,69480,787617077.8212891,2026-04-30 11:46:39
"Товарищество с ограниченной ответственностью ""Поликлиника №6 города Костанай""",1265,0,1265,0,1,0,6423,98767754.54882812,2026-04-30 11:46:39
"Товарищество с ограниченной ответственностью ""Поликлиника №8 города Караганды""",11111,19,10925,1,0,0,87311,762431333.3227539,2026-04-30 11:46:39
"Товарищество с ограниченной ответственностью ""Почечный центр ЮКО""",5116,9,3258,0,0,0,108923,1692037411.4648438,2026-04-30 11:46:39
"Товарищество с ограниченной ответственностью ""Превентив Медикал Кеа""",279,3,279,0,0,0,1796,16448078.033203125,2026-04-30 11:46:39
"Товарищество с ограниченной ответственностью ""Премиум-Мед""",129,0,129,0,0,0,858,3502975.333984375,2026-04-30 11:46:39
"Товарищество с ограниченной ответственностью ""ПриИшимье и К""",780,0,780,0,0,0,3932,68171136.48046875,2026-04-30 11:46:39
"Товарищество с ограниченной ответственностью ""Проф мед центр 777""",144,0,144,0,0,0,967,4048911.515625,2026-04-30 11:46:39
"Товарищество с ограниченной ответственностью ""РАХИМ-А""",1762,0,1615,2,1,0,10351,99560998.59960938,2026-04-30 11:46:39
"Товарищество с ограниченной ответственностью ""РОЗАКУЛ АТА""",1299,117,1299,0,0,0,9341,70527735.33398438,2026-04-30 11:46:39
"Товарищество с ограниченной ответственностью ""РЦ Шипагер""",5797,5646,5797,0,0,0,94589,1247028753.9492188,2026-04-30 11:46:39
"Товарищество с ограниченной ответственностью ""Раск Групп""",2445,0,2445,0,1,0,32050,508791094.734375,2026-04-30 11:46:39
"Товарищество с ограниченной ответственностью ""Реабилитационно-оздоровительный комплекс ""Аксу-Жабаглы""",24534,63,20919,0,4,0,295831,4868704344.508301,2026-04-30 11:46:39
"Товарищество с ограниченной ответственностью ""Реабилитационно-оздоровительный комплекс ""Атлант""",662,0,661,1,0,0,9123,194683886.4453125,2026-04-30 11:46:39
"Товарищество с ограниченной ответственностью ""Реабилитационно-оздоровительный комплекс ""Бирколик""",21521,527,18126,0,17,0,272211,4383086576.785156,2026-04-30 11:46:39
"Товарищество с ограниченной ответственностью ""Реабилитационно-оздоровительный комплекс ""Таң-Нұры""",22,0,22,0,0,0,275,6500827.40625,2026-04-30 11:46:39
"Товарищество с ограниченной ответственностью ""Реабилитационно-санаторный комплекс АкваМед+""",6394,0,6393,1,6,1,71877,1667513058.1738281,2026-04-30 11:46:39
"Товарищество с ограниченной ответственностью ""Реабилитационный медицинский центр ""Клиника Дару""",69869,14485,47565,1,113,11,875249,13457047571.520508,2026-04-30 11:46:39
"Товарищество с ограниченной ответственностью ""Реабилитационный медицинский центр""",7839,856,7837,0,0,0,88408,950279674.9589844,2026-04-30 11:46:39
"Товарищество с ограниченной ответственностью ""Реабилитационный центр ""Атамекен""",10666,800,10666,0,41,29,151244,2895483917.9814453,2026-04-30 11:46:39
"Товарищество с ограниченной ответственностью ""Реабилитационный центр Maksat med""",232,166,232,0,0,0,3700,57024691.15625,2026-04-30 11:46:39
"Товарищество с ограниченной ответственностью ""Ребеллион Групп""",166,0,166,0,0,0,2209,20580815.517578125,2026-04-30 11:46:39
"Товарищество с ограниченной ответственностью ""Ревматология аурулары орталығы""",7098,40,5730,1,2,0,51355,1201206851.8417969,2026-04-30 11:46:39
"Товарищество с ограниченной ответственностью ""Региональный Диагностический Центр""",20176,733,15539,1641,490,5,123010,3950192479.5742188,2026-04-30 11:46:39
"Товарищество с ограниченной ответственностью ""Региональный акушерско-гинекологический центр""",157288,2276,94553,3454,1515,48,818820,13322198586.378906,2026-04-30 11:46:39
"Товарищество с ограниченной ответственностью ""Региональный ортопедо - травматологический центр ""ГРАЦИЯ""",223,4,0,223,8,0,2906,0.0,2026-04-30 11:46:39
"Товарищество с ограниченной ответственностью ""Республиканский Центр Здоровья""",964,0,964,0,0,0,4826,92115196.40625,2026-04-30 11:46:39
"Товарищество с ограниченной ответственностью ""Республиканский семейно- врачебный центр""",4685,47,4524,1,139,0,29472,299809654.0361328,2026-04-30 11:46:39
"Товарищество с ограниченной ответственностью ""СВА ИНТЕРТИЧ""",2366,8,2195,4,3,0,12222,137540809.23535156,2026-04-30 11:46:39
"Товарищество с ограниченной ответственностью ""СВА Интертич""",119,0,119,0,0,0,777,12051677.08984375,2026-04-30 11:46:39
"Товарищество с ограниченной ответственностью ""СИМУР""",6522,0,5038,1,0,0,55912,421615193.8857422,2026-04-30 11:46:39
"Товарищество с ограниченной ответственностью ""Сагынмед""",990,50,990,0,0,0,6785,74720043.6484375,2026-04-30 11:46:39
"Товарищество с ограниченной ответственностью ""Салауат Медикал""",228,8,228,0,0,0,1250,17819817.791015625,2026-04-30 11:46:39
"Товарищество с ограниченной ответственностью ""Салауатты Астана""",25474,1565,23072,1,6,0,164249,1839579365.7504883,2026-04-30 11:46:39
"Товарищество с ограниченной ответственностью ""Салимжан и К""",7539,343,5035,1,2,1,56073,389448608.45288086,2026-04-30 11:46:39
"Товарищество с ограниченной ответственностью ""СамұрықМедҚызмет""",10150,6,7972,0,7,0,42057,1915095129.890625,2026-04-30 11:46:39
"Товарищество с ограниченной ответственностью ""Санаторий ""Березняки""",2275,1,2275,0,3,2,35298,698628102.3339844,2026-04-30 11:46:39
"Товарищество с ограниченной ответственностью ""Санаторий Ак ниет""",106,0,0,0,0,0,893,13036110.34375,2026-04-30 11:46:39
"Товарищество с ограниченной ответственностью ""Санаторно-оздоровительный, реабилитационный центр ""Акжанель""",8489,19,8489,0,1,0,59434,913144690.0571289,2026-04-30 11:46:39
"Товарищество с ограниченной ответственностью ""Сельская врачебная амбулатория ""Коксу""",4808,1567,1785,0,3,0,35285,160036300.75390625,2026-04-30 11:46:39
"Товарищество с ограниченной ответственностью ""Семей Офтум""",6665,0,6665,0,0,0,20962,1432057381.0625,2026-04-30 11:46:39
"Товарищество с ограниченной ответственностью ""Семейная клиника ""Family Health Clinic""",4670,405,4664,6,4,0,31454,873106503.0,2026-04-30 11:46:39
"Товарищество с ограниченной ответственностью ""Семейный врач и Со""",242,0,242,0,1,0,708,17503616.74609375,2026-04-30 11:46:39
"Товарищество с ограниченной ответственностью ""Семейный врач""",1969,0,1969,0,0,0,16552,173420842.69140625,2026-04-30 11:46:39
"Товарищество с ограниченной ответственностью ""Семейская железнодорожная больница""",26205,105,26203,2,354,12,200715,2991757328.793213,2026-04-30 11:46:39
"Товарищество с ограниченной ответственностью ""Сенім""",7967,333,5315,37,6,0,57059,453287043.7792969,2026-04-30 11:46:39
"Товарищество с ограниченной ответственностью ""Сенім.ӘЕ""",3163,2,3163,0,0,0,19280,231880883.64453125,2026-04-30 11:46:39
"Товарищество с ограниченной ответственностью ""Средне-Азиатский Высший медицинский колледж""",92,2,91,1,0,0,478,6589449.87890625,2026-04-30 11:46:39
"Товарищество с ограниченной ответственностью ""Станционар на дому-Мерей""",20,0,20,0,0,0,131,2234627.921875,2026-04-30 11:46:39
"Товарищество с ограниченной ответственностью ""Стационар 24""",11,0,11,0,0,0,78,785959.80078125,2026-04-30 11:46:39
"Товарищество с ограниченной ответственностью ""Студенттік емхана 1""",1593,106,1589,4,0,0,10731,133092613.5234375,2026-04-30 11:46:39
"Товарищество с ограниченной ответственностью ""Студенческая поликлиника""",544,78,544,0,0,0,2875,39662347.041015625,2026-04-30 11:46:39
"Товарищество с ограниченной ответственностью ""Сункар-Жетысу""",200,0,0,0,0,0,4461,54485734.99609375,2026-04-30 11:46:39
"Товарищество с ограниченной ответственностью ""Сункар-ЮКО""",8018,7,6029,0,0,0,201730,2873685161.3007812,2026-04-30 11:46:39
"Товарищество с ограниченной ответственностью ""Сымбат-Нұр""",5872,154,4866,0,6,0,37713,283927328.04052734,2026-04-30 11:46:39
"Товарищество с ограниченной ответственностью ""Сыр-Мед KZO""",271,0,271,0,0,0,1900,28725766.890625,2026-04-30 11:46:39
"Товарищество с ограниченной ответственностью ""Сұлтанәжі""",1005,0,834,0,0,0,20321,319197093.0917969,2026-04-30 11:46:39
"Товарищество с ограниченной ответственностью ""ТАЛМАС МЕДИКУС""",3137,4,2147,0,11,0,17613,157086929.39697266,2026-04-30 11:46:39
"Товарищество с ограниченной ответственностью ""ТАХЕТ""",349,6,348,1,0,0,2720,37727729.568359375,2026-04-30 11:46:39
"Товарищество с ограниченной ответственностью ""ТЕРАПИЯ""",4387,0,0,4382,29,0,37954,882.8188405483961,2026-04-30 11:46:39
"Товарищество с ограниченной ответственностью ""ТОО Спортивно-реабилитационный комплекс ""АСАР""",1264,275,1264,0,0,0,26586,245441361.3544922,2026-04-30 11:46:39
"Товарищество с ограниченной ответственностью ""ТУЛПАР""",20482,0,20098,4,20,2,219806,3786597869.1777344,2026-04-30 11:46:39
"Товарищество с ограниченной ответственностью ""Талмас Медикус""",1491,0,1490,1,0,0,17350,298391194.1386719,2026-04-30 11:46:39
"Товарищество с ограниченной ответственностью ""Талмед""",4782,18,4782,0,0,0,76949,1408872381.3701172,2026-04-30 11:46:39
"Товарищество с ограниченной ответственностью ""Темир-Сервис ЛТД""",1439,13,1438,0,0,0,8582,80570802.75585938,2026-04-30 11:46:39
"Товарищество с ограниченной ответственностью ""Тильман""",4841,2,2440,0,1,2,38037,171274490.74267578,2026-04-30 11:46:39
"Товарищество с ограниченной ответственностью ""Торговый дом ""Жусан""",2438,19,2437,0,0,0,14773,117823042.52832031,2026-04-30 11:46:39
"Товарищество с ограниченной ответственностью ""Торговый дом GOOD LOOK""",1464,0,481,0,0,0,27111,410760978.7109375,2026-04-30 11:46:39
"Товарищество с ограниченной ответственностью ""Торговый дом Good look""",7034,8,1851,1,8,0,160886,2127664932.3613281,2026-04-30 11:46:39
"Товарищество с ограниченной ответственностью ""Тұмар Medical""",344,3,344,0,0,0,1999,12459845.536132812,2026-04-30 11:46:39
"Товарищество с ограниченной ответственностью ""ТәңірМед""",3975,3,3780,0,0,0,31723,316807724.3623047,2026-04-30 11:46:39
"Товарищество с ограниченной ответственностью ""Умит плюс""",813,0,0,0,0,0,20766,239052132.64453125,2026-04-30 11:46:39
"Товарищество с ограниченной ответственностью ""УроМед""",15620,101,12038,0,2,0,84452,776374625.6142578,2026-04-30 11:46:39
"Товарищество с ограниченной ответственностью ""Уроандрологический центр - Сұлтан""",864,77,864,0,0,0,5850,81892193.5625,2026-04-30 11:46:39
"Товарищество с ограниченной ответственностью ""Учебно-клинический центр""",1652,11,1652,0,2,0,9582,135848720.328125,2026-04-30 11:46:39
"Товарищество с ограниченной ответственностью ""Фарм-Ай""",8426,0,7467,0,92,179,123026,1284599127.7929688,2026-04-30 11:46:39
"Товарищество с ограниченной ответственностью ""Фирма Ча-Кур""",3531,207,3310,4,171,0,21206,570450897.8554688,2026-04-30 11:46:39
"Товарищество с ограниченной ответственностью ""Формула здоровья""",1138,0,1138,0,0,0,3679,191402628.6484375,2026-04-30 11:46:39
"Товарищество с ограниченной ответственностью ""ХАЗІРЕТ""",2305,1,2297,8,3,0,17355,325347040.7060547,2026-04-30 11:46:39
"Товарищество с ограниченной ответственностью ""Хирургический центр""",8313,416,1958,4888,7,0,64314,1015769422.9614258,2026-04-30 11:46:39
"Товарищество с ограниченной ответственностью ""ЦЕНТР СЕМЕЙНОГО ЗДОРОВЬЯ И СЧАСТЬЯ ""ОНЕГЕ""",1192,72,1192,0,0,0,10161,119970250.12304688,2026-04-30 11:46:39
"Товарищество с ограниченной ответственностью ""Центр ""ЭКО""",6487,0,5064,1,6239,0,19073,6302380082.53125,2026-04-30 11:46:39
"Товарищество с ограниченной ответственностью ""Центр Амбулаторного Гемодиализа""",3080,0,3005,0,0,0,70131,1052944332.5722656,2026-04-30 11:46:39
"Товарищество с ограниченной ответственностью ""Центр Израильской Медицины""",154,0,0,0,2,0,1065,2176417.9106445312,2026-04-30 11:46:39
"Товарищество с ограниченной ответственностью ""Центр Сана-Сезим""",3836,2,3821,15,2,2,47924,694214855.9296875,2026-04-30 11:46:39
"Товарищество с ограниченной ответственностью ""Центр Семейного Здоровья №10""",71,9,71,0,0,0,256,6580016.04296875,2026-04-30 11:46:39
"Товарищество с ограниченной ответственностью ""Центр Семейной Медицины ""Панацея""""",3708,325,3379,0,0,0,26167,183286149.58984375,2026-04-30 11:46:39
"Товарищество с ограниченной ответственностью ""Центр Слуха и Речи""",21,11,21,0,0,0,148,1287627.7734375,2026-04-30 11:46:39
"Товарищество с ограниченной ответственностью ""Центр амбулаторной хирургии травматологии и реабилитации""",18,1,18,0,0,0,71,1552495.90625,2026-04-30 11:46:39
"Товарищество с ограниченной ответственностью ""Центр гематологии""",11211,7,10621,58,107,183,96988,11388099559.021729,2026-04-30 11:46:39
"Товарищество с ограниченной ответственностью ""Центр гематологии"" Карагандинская область",14153,0,14148,1,82,163,132661,13991880417.170166,2026-04-30 11:46:39
"Товарищество с ограниченной ответственностью ""Центр глаза""",1475,0,1475,0,0,0,6024,296786749.25390625,2026-04-30 11:46:39
"Товарищество с ограниченной ответственностью ""Центр глаза-АЙНА-КӨЗ""",17612,49,13851,14,9,1,77451,3037899877.5029297,2026-04-30 11:46:39
"Товарищество с ограниченной ответственностью ""Центр глазной хирургии ""Оптимед"" ",6961,14,6961,0,0,0,23704,1841505771.5234375,2026-04-30 11:46:39
"Товарищество с ограниченной ответственностью ""Центр здоровья ЛЮКС""",307,3,0,0,0,0,2084,5630749.3779296875,2026-04-30 11:46:39
"Товарищество с ограниченной ответственностью ""Центр здоровья и реабилитации""",1320,2,1320,0,0,0,15844,155843373.31445312,2026-04-30 11:46:39
"Товарищество с ограниченной ответственностью ""Центр зрения""ПЛЮС""",2550,0,2485,0,0,0,11270,514290742.421875,2026-04-30 11:46:39
"Товарищество с ограниченной ответственностью ""Центр консультативно-диагностической помощи""",63,0,63,0,0,2,1493,17861987.5234375,2026-04-30 11:46:39
"Товарищество с ограниченной ответственностью ""Центр красоты и здоровья ""Айгерим""",3389,19,3078,2,12,0,13247,1102196590.1230469,2026-04-30 11:46:39
"Товарищество с ограниченной ответственностью ""Центр лазерной хирургии ""DUET CLINIC""",30,0,30,0,0,0,127,6893917.265625,2026-04-30 11:46:39
"Товарищество с ограниченной ответственностью ""Центр медицинских инновационных технологий ""СФЕРА""",1119,1,1035,84,2,0,5873,173535030.16015625,2026-04-30 11:46:39
"Товарищество с ограниченной ответственностью ""Центр медицинского обслуживания населения""",1077,0,1077,0,0,0,5054,52642204.8515625,2026-04-30 11:46:39
"Товарищество с ограниченной ответственностью ""Центр медицинской помощи""",5011,95,2440,0,17,0,53566,1136021998.7685547,2026-04-30 11:46:39
"Товарищество с ограниченной ответственностью ""Центр микрохирургии глаза""",14772,48,9636,0,3,0,85880,4136316920.96875,2026-04-30 11:46:39
"Товарищество с ограниченной ответственностью ""Центр молекулярной медицины - Шымкент""",29,0,29,0,27,0,31,2593715.6484375,2026-04-30 11:46:39
"Товарищество с ограниченной ответственностью ""Центр молекулярной медицины""",1903,1,1903,0,1858,0,1956,149618924.90625,2026-04-30 11:46:39
"Товарищество с ограниченной ответственностью ""Центр неврологии и реабилитации ""Aspasia""",8728,8,8134,0,8,0,87451,1645133150.7148438,2026-04-30 11:46:39
"Товарищество с ограниченной ответственностью ""Центр офтальмологии ""ГлазоЛик""",3363,0,2521,0,0,0,14863,608108320.1875,2026-04-30 11:46:39
"Товарищество с ограниченной ответственностью ""Центр паллиативной помощи""",1876,0,1876,0,18,146,61365,829669234.6630859,2026-04-30 11:46:39
"Товарищество с ограниченной ответственностью ""Центр перинатальной профилактики""",1242,0,0,1237,50,0,5000,247448092.703125,2026-04-30 11:46:39
"Товарищество с ограниченной ответственностью ""Центр профилактики и лечения боли""",12,0,12,0,0,0,72,759400.546875,2026-04-30 11:46:39
"Товарищество с ограниченной ответственностью ""Центр реабилитации""",766,21,766,0,0,0,5041,100879357.8046875,2026-04-30 11:46:39
"Товарищество с ограниченной ответственностью ""Центр семейного здоровья ""Аружан""",1417,172,1417,0,0,0,10872,83541150.95654297,2026-04-30 11:46:39
"Товарищество с ограниченной ответственностью ""Центр семейного здоровья ""Шипагер""",8224,8,8224,0,10,0,48244,521279519.66845703,2026-04-30 11:46:39
"Товарищество с ограниченной ответственностью ""Центр семейного здоровья Авиценна ВКО""",539,0,538,1,0,0,2811,42998348.72265625,2026-04-30 11:46:39
"Товарищество с ограниченной ответственностью ""Центр семейной медицины имени Нурадина Досжанова""",1227,9,1224,3,0,0,7132,77741231.1484375,2026-04-30 11:46:39
"Товарищество с ограниченной ответственностью ""Центр спортивной медицины ""Ali Med""",472,0,471,1,0,0,2801,36415934.73828125,2026-04-30 11:46:39
"Товарищество с ограниченной ответственностью ""Центр эндовидеохирургии""",420,3,0,420,24,0,1683,198.22829812765121,2026-04-30 11:46:39
"Товарищество с ограниченной ответственностью ""Центральная Поликлиника №3""",3002,0,3002,0,1,0,21641,236603596.11523438,2026-04-30 11:46:39
"Товарищество с ограниченной ответственностью ""Центральная дорожная больница города Астаны""",50549,474,35038,740,2077,1109,333323,5425856400.415405,2026-04-30 11:46:39
"Товарищество с ограниченной ответственностью ""Центральная семейная поликлиника города Алматы""",29780,9536,18855,3,28,1,192239,1274238734.6679688,2026-04-30 11:46:39
"Товарищество с ограниченной ответственностью ""Частная клиника ""Selena""""",387,0,387,0,1,0,1913,29639331.4921875,2026-04-30 11:46:39
"Товарищество с ограниченной ответственностью ""Частная клиника Искакова""",7517,3,2161,4233,57,3,43726,1234552876.1108398,2026-04-30 11:46:39
"Товарищество с ограниченной ответственностью ""Частный медицинский центр ""Уромед""",2231,50,2231,0,6,0,13751,224121264.33984375,2026-04-30 11:46:39
"Товарищество с ограниченной ответственностью ""Шымдиал""",9027,4,4638,0,0,0,169526,3008146620.1601562,2026-04-30 11:46:39
"Товарищество с ограниченной ответственностью ""Шымдиал"" (Туркестанская область)",2082,0,2082,0,0,0,44744,755736124.2695312,2026-04-30 11:46:39
"Товарищество с ограниченной ответственностью ""Шымфарм""",2917,54,2917,0,0,0,14930,206344933.95703125,2026-04-30 11:46:39
"Товарищество с ограниченной ответственностью ""Щучинский лечебно-диагностический центр""",8153,0,8152,1,0,0,44251,506220483.70410156,2026-04-30 11:46:39
"Товарищество с ограниченной ответственностью ""ЭКО ЦЕНТР ДОКТОРА ТАРАРАКА""",633,0,633,0,632,0,717,705163939.125,2026-04-30 11:46:39
"Товарищество с ограниченной ответственностью ""Экомед-Атырау""",619,0,619,0,619,0,619,684567966.625,2026-04-30 11:46:39
"Товарищество с ограниченной ответственностью ""Экомед-Шымкент""",2625,0,2624,1,2468,0,2931,2810293080.2265625,2026-04-30 11:46:39
"Товарищество с ограниченной ответственностью ""Эндокринологический центр Кожуханова""",190,0,0,190,2,0,1649,0.0,2026-04-30 11:46:39
"Товарищество с ограниченной ответственностью ""Эскулап-Vita""",5126,3078,4991,1,1,0,59779,514038241.21875,2026-04-30 11:46:39
"Товарищество с ограниченной ответственностью ""Эстетик-профи""",1303,2,609,0,0,0,8800,31226812.640625,2026-04-30 11:46:39
"Товарищество с ограниченной ответственностью ""ЮҚОН""",674,0,674,0,0,0,4385,29224580.8515625,2026-04-30 11:46:39
"Товарищество с ограниченной ответственностью ""аспирин"" ",502,0,502,0,2,0,1610,40113119.19140625,2026-04-30 11:46:39
"Товарищество с ограниченной ответственностью ""медицинский центр доктора Абдуалиева""",10783,3912,7853,1999,1905,0,35110,926478177.6552734,2026-04-30 11:46:39
"Товарищество с ограниченной ответственностью ""Үміт солтүстік""",915,436,915,0,0,0,5914,47604256.740234375,2026-04-30 11:46:39
"Товарищество с ограниченной ответственностью ""Әділ-Ем""",401,0,401,0,0,0,2398,35256194.63671875,2026-04-30 11:46:39
"Товарищество с ограниченной ответственностью ""Өркен""",792,32,792,0,1,0,4906,57370356.326171875,2026-04-30 11:46:39
"Товарищество с ограниченной ответственностью ""№14 Емдеу орталығы""",8049,106,8049,0,23,2,56830,962673760.9316406,2026-04-30 11:46:39
"Товарищество с ограниченной ответственностью ''Medical Park""",8710,13,7330,0,6,0,49521,2026533839.6479492,2026-04-30 11:46:39
Товарищество с ограниченной ответственностью MedInnovation,40,0,40,0,0,0,183,9995581.9375,2026-04-30 11:46:39
Товарищество с ограниченной ответственностью «Astana Clinic»,5163,235,5163,0,0,0,33130,422493786.8535156,2026-04-30 11:46:39
Товарищество с ограниченной ответственностью «Belon medical»,83,0,0,0,0,0,503,1822245.802734375,2026-04-30 11:46:39
Товарищество с ограниченной ответственностью «Doctor D»,639,10,639,0,0,0,4767,45629654.3671875,2026-04-30 11:46:39
Товарищество с ограниченной ответственностью «MEDITERRA» (МЕДИТЕРРА),5850,1122,5849,1,20,59,57130,11933237689.315918,2026-04-30 11:46:39
Товарищество с ограниченной ответственностью «Medlive.kz»,183,2,0,0,0,0,1187,6287442.444824219,2026-04-30 11:46:39
Товарищество с ограниченной ответственностью «Nigmet Onaltu Ortaligi»,317,198,317,0,0,0,4337,45860498.3125,2026-04-30 11:46:39
Товарищество с ограниченной ответственностью «SANITA LUXE»,179,0,179,0,0,0,2211,24426559.140625,2026-04-30 11:46:39
Товарищество с ограниченной ответственностью «SPORT MEDICINE AND REHABILITATION CENTER «PRO SPORT»,12,0,12,0,0,0,69,1168178.90625,2026-04-30 11:46:39
Товарищество с ограниченной ответственностью «Академия ортопедии Астана»,2269,1479,768,0,55,0,7970,339173922.3105469,2026-04-30 11:46:39
Товарищество с ограниченной ответственностью «Дене Вита»,5,0,5,0,0,0,25,74647.001953125,2026-04-30 11:46:39
Товарищество с ограниченной ответственностью «Клиника микрохирургии глаза Optima»,5820,20,4783,0,9,0,19767,1008774965.6982422,2026-04-30 11:46:39
Товарищество с ограниченной ответственностью «КҮНШУАҚ-Е»,1581,147,1581,0,0,0,11271,153939932.29296875,2026-04-30 11:46:39
Товарищество с ограниченной ответственностью «Медицинский колледж «Тараз-Болашак»,25,1,0,25,0,0,198,0.0,2026-04-30 11:46:39
Товарищество с ограниченной ответственностью «Медицинский центр «Даримет»,1344,5,1107,8,6,0,10875,85402682.77734375,2026-04-30 11:46:39
Товарищество с ограниченной ответственностью «Медицинский центр «Жәрдем Астана»,345,1,344,1,0,0,1788,17197041.15625,2026-04-30 11:46:39
Товарищество с ограниченной ответственностью «Оздоровительный центр «Мейiрiм Меркi»,8333,2,7956,377,6,0,65315,1395484676.868164,2026-04-30 11:46:39
Товарищество с ограниченной ответственностью «Поликлиника «CITY»,9944,214,9932,12,2,0,57027,1014524422.5615234,2026-04-30 11:46:39
Товарищество с ограниченной ответственностью «Түлкібас саясы»,1022,0,1022,0,0,0,12865,321019967.796875,2026-04-30 11:46:39
Товарищество с ограниченной ответственностью «Центр реабилитации»,9910,9908,2700,0,1,0,78686,239513537.4194336,2026-04-30 11:46:39
Товарищество с ограниченной ответственностью «Экомед Плюс»,4612,1,4612,0,1111,0,18123,4499294844.9453125,2026-04-30 11:46:39
"Товарищество с ограниченной ответственностью Иновационно-Медицинский Центр ""Мейірім""",5739,22,5122,0,149,0,34435,407572055.22265625,2026-04-30 11:46:39
"Товарищество с ограниченной ответственностью Медицинская клиника ""Сенім""",16275,2081,15834,1,11,0,144710,2230492151.0966797,2026-04-30 11:46:39
"Товарищество с ограниченной ответственностью Медицинский Центр ""Interteach Aktobe""",2051,2,2050,0,0,0,10824,84591760.37548828,2026-04-30 11:46:39
Товарищество с ограниченной ответственностью Медицинский реабилитационный центр «Ерекше жан»,4936,2490,4935,1,0,0,55821,604148655.1894531,2026-04-30 11:46:39
"Товарищество с ограниченной ответственностью Медицинский центр ""DOCTOR IKS""",351,0,350,1,0,0,1977,97389132.578125,2026-04-30 11:46:39
"Товарищество с ограниченной ответственностью Санаторий ""Саялы""",71,0,0,0,0,0,693,6390064.912109375,2026-04-30 11:46:39
"Товарищество с ограниченной ответственностью Фирма ""ГУЛИВЕР""",180,0,0,0,0,0,1227,2558615.8891601562,2026-04-30 11:46:39
"Товарищество с ограниченной ответственностью Фирма ""Экомед""",3504,0,3504,0,3499,0,3518,3837905938.4375,2026-04-30 11:46:39
"Товарищество с ограниченной ответственностью Частный медицинский центр ""Шипагер-С""",645,0,645,0,0,0,3330,47066965.57421875,2026-04-30 11:46:39
"Товарищество с ограниченной ответственностью клиника ""Orda Medline""",55,2,55,0,0,0,338,4102993.46484375,2026-04-30 11:46:39
Товарищество с ограниченной ответственностью медицинский центр «Reamed»,3706,2,3703,3,1,0,41097,756491620.0917969,2026-04-30 11:46:39
"Товарищество с ограниченной ответственностью""ARTHRO Clinic""",406,0,406,0,0,0,5639,103169591.140625,2026-04-30 11:46:39
"Товарищество с ограниченной ответственностью""Медицинский центр МУА""",1556,9,668,0,1,0,8172,66435295.87011719,2026-04-30 11:46:39
"Товарищество с ограниченной ответственостью ""Медицинская компания ""Нефромед""",144,0,0,0,0,1,2695,40365520.15234375,2026-04-30 11:46:39
"Товарищество с ограниченной ответственостью ""Шайкорыкский центр семейного здоровья""",1087,0,1087,0,0,0,9426,118238458.484375,2026-04-30 11:46:39
"Товарищество с ограниченой ответственностью ""БИОДЕНТ ЭК""",2167,6,2162,5,0,0,12163,184415261.00585938,2026-04-30 11:46:39
"Товарищество с органиченной ответственностью ""ASMARMED""",40,0,40,0,0,0,318,10190846.234375,2026-04-30 11:46:39
"Товарищество с органиченной ответственностью ""MC ""Nazar""",50,0,50,0,0,0,451,54591604.3671875,2026-04-30 11:46:39
"Товарищество с органиченной ответственностью ""Нейрон-Узень""",5063,484,5052,11,1,0,30162,473727690.4980469,2026-04-30 11:46:39
"Товарищество с органиченной ответственностью ""Шипагер""",178,0,0,0,0,0,1261,3263295.625,2026-04-30 11:46:39
"Товарищество с сограниченной ответственностью ""ТООМедицина""",2,0,2,0,0,0,34,878634.75,2026-04-30 11:46:39
"Товарищество сограниченной ответственностью """"МерекеМед""""",60,0,60,0,0,0,323,5320837.609375,2026-04-30 11:46:39
"Товарищество сограниченной ответственностью ""A-Class Med""",52,0,52,0,0,0,1047,19541443.7734375,2026-04-30 11:46:39
"Товарищество сограниченной ответственностью ""A-Class Resort""",421,0,421,0,1,0,5902,106928350.546875,2026-04-30 11:46:39
"Усть-Каменогорский филиал некоммерческого акционерного общества ""Медицинский университет Семей"" ",500,0,499,1,1,0,3863,63413860.68652344,2026-04-30 11:46:39
"Учреждение ""Амбулаторный центр"" город Усть-Каменогорск",15566,28,10707,0,1,0,96408,690773034.1464844,2026-04-30 11:46:39
"Учреждение ""Баишев мед""",2823,59,2823,0,0,0,15586,177739919.16601562,2026-04-30 11:46:39
"Учреждение ""Больница ""АКМАРАЛ""",91494,612,51143,1,16,0,723496,7183295397.779297,2026-04-30 11:46:39
"Учреждение ""Больница паллиативной помощи и сестринского ухода города Семей""",6112,0,4030,0,30,229,186934,1383418663.4277344,2026-04-30 11:46:39
"Учреждение ""Восточно-казахстанский областной Хоспис""",4803,0,2860,0,20,116,133276,1013447184.0309014,2026-04-30 11:46:39
"Учреждение ""Врачебная амбулатория ""Арал""",674,3,144,0,0,0,3424,16954634.963378906,2026-04-30 11:46:39
"Учреждение ""Денсаулык""",629,4,0,200,1,4,4485,66221223.919921875,2026-04-30 11:46:39
"Учреждение ""Жамиля""",34313,210,18150,175,67,6,247215,3134917262.411621,2026-04-30 11:46:39
"Учреждение ""Казыгул""",28211,426,16749,9,62,12,194114,1869421383.1469727,2026-04-30 11:46:39
"Учреждение ""Каскеленский платный медицинский центр""",1730,10,1360,0,7,0,10902,187039659.18603516,2026-04-30 11:46:39
"Учреждение ""Кировская семейная врачебная амбулатория""",4278,0,2418,0,2,0,24574,197001744.2915039,2026-04-30 11:46:39
"Учреждение ""Клиника Международного Казахско-Турецкого университета имени Ходжи Ахмета Ясави""",82290,1674,0,895,337,357,609396,5404905664.6571045,2026-04-30 11:46:39
"Учреждение ""Клиника доктора Азимханова А.""",9384,0,1309,7037,50,5,82886,1056860459.1464844,2026-04-30 11:46:39
"Учреждение ""Клинико - диагностический центр Международного казахско-турецкого университета имени Ходжи Ахмета Ясави""",59009,2351,37372,3005,330,337,518689,9623386531.7417,2026-04-30 11:46:39
"Учреждение ""Консультативно-диагностическая поликлиника № 3 города Семей""",9762,40,7593,0,3,0,58944,504466421.63964844,2026-04-30 11:46:39
"Учреждение ""Левобережная клиника""",6541,1,5660,0,4,0,34917,378386175.21875,2026-04-30 11:46:39
"Учреждение ""Лечебно Профилактическое Учреждение ""Авиценна""",19740,3,19736,4,1,2,118656,4820908746.435547,2026-04-30 11:46:39
"Учреждение ""Лечебно профилактический центр ""Ак-ниет""",430,0,0,0,0,0,2782,7015345.7802734375,2026-04-30 11:46:39
"Учреждение ""Лечебно-оздоровительный центр ""Санитас""",13356,875,9121,10,0,0,82903,877081748.8730469,2026-04-30 11:46:39
"Учреждение ""Лечебный центр ""Брак и семья""",17959,17,2893,13189,10505,3,58015,1581847824.2080078,2026-04-30 11:46:39
"Учреждение ""Лечебный центр доктора Кученева""",14223,3810,4883,4648,64,0,82011,1085207474.2651367,2026-04-30 11:46:39
"Учреждение ""Медицинский центр ""Мейірім""",60730,336,33697,13224,302,11,433019,5276032398.981567,2026-04-30 11:46:39
"Учреждение ""Медицинский центр ""НҰР""",1400,1400,0,48,1,0,9902,44733354.62792969,2026-04-30 11:46:39
"Учреждение ""Наркологический психотерапевтический центр доктора Лукъяненко Ю.В.""",2905,2,147,1995,5,1,41005,287387000.7529297,2026-04-30 11:46:39
"Учреждение ""Офтальмохирургия""",32925,7031,16014,0,19,0,179988,3160254053.105957,2026-04-30 11:46:39
"Учреждение ""Поликлиника ""Хаким""",8468,10,6480,0,2,0,65816,435460572.34814453,2026-04-30 11:46:39
"Учреждение ""Почечный центр"" город Семей",69079,1048,41282,15,1427,674,752853,11408420840.890137,2026-04-30 11:46:39
"Учреждение ""Реабилитация-Авиценна""",11694,0,11694,0,0,1,95707,1804046047.8320312,2026-04-30 11:46:39
"Учреждение ""СВА МСЧ-2""",2798,0,2797,1,0,0,13949,213048592.3359375,2026-04-30 11:46:39
"Учреждение ""Сельская амбулатория ""Гармония""",1284,22,672,0,0,0,10077,54248229.635253906,2026-04-30 11:46:39
"Учреждение ""Семейная амбулатория ""Азат"""" село. Калбатау, Жарминского района",1616,0,700,0,1,0,8747,54813892.360839844,2026-04-30 11:46:39
"Учреждение ""Центр урологии и новых технологий доктора Жумагалиева""",15598,233,4399,8675,304,18,116378,2895430477.1552734,2026-04-30 11:46:39
"Учреждение ""Частная многопрофильная клиника ""ВЕНЕРА""",34316,33937,20652,0,301,62,263928,3875027458.5185547,2026-04-30 11:46:39
"ФАО ""Санаторий Алматы""",229,2,0,0,0,0,1981,18218841.60546875,2026-04-30 11:46:39
ФАО КазНИИ ГБ ,277,43,0,0,0,0,2376,24992132.87109375,2026-04-30 11:46:39
"Филиал ""Медикер"" города Астаны",30,0,0,0,0,0,230,547677.201171875,2026-04-30 11:46:39
"Филиал Акционерного общества ""Лечебно-оздоровительный комплекс ""Ок-Жетпес"" ""Алматы""",14010,66,6397,0,10,0,126430,1626544140.2197266,2026-04-30 11:46:39
"Филиал ГКП ""Городская клиническая больница №1"" на ПХВ УЗ г.Алматы",2016,26,0,0,4,2,17877,140318935.24804688,2026-04-30 11:46:39
"Филиал Корпоративного фонда ""University Medical Center"" Национальный научный центр материнства и детства",62714,36609,0,7074,3922,463,604532,15699920562.449219,2026-04-30 11:46:39
"Филиал Корпоративного фонда ""University Medical Center"" Национальный центр детской реабилитации",17995,17766,0,936,16,3,418105,7998145472.5,2026-04-30 11:46:39
"Филиал Корпоративного фонда ""University Medical Center"" Республиканский диагностический центр",3806,78,0,0,13,0,25732,90613768.89746094,2026-04-30 11:46:39
"Филиал ТОО ""+Нефрос Азия"" в г. Уральск",12708,11,6688,0,1,0,344096,4157227327.6601562,2026-04-30 11:46:39
"Филиал ТОО ""Prometheys"" в городе Астана",102,0,0,0,0,0,1781,27223865.2265625,2026-04-30 11:46:39
"Филиал ТОО ""Научно-клинический центр кардиохирургии и трансплантологии ""CARDIO-TURKESTAN""",60,0,60,0,0,0,304,38134783.78125,2026-04-30 11:46:39
Филиал ТОО «Научно-клинический центр кардиохирургии и трансплантологии» «CARDIO-TURKESTAN»,326,0,326,0,0,1,1774,222143610.40625,2026-04-30 11:46:39
"Филиал Товарищества с oграниченной ответственностью ""OPEN CLINIC""",9270,90,4583,1,1,0,63616,238004659.00878906,2026-04-30 11:46:39
"Филиал Товарищества с ограниченной ответственностью ""DIAMED TECHNIK"" (ДИАМЕД ТЕХНИК) в городе Актобе",183,0,0,0,1,1,3499,55017684.9453125,2026-04-30 11:46:39
"Филиал Товарищества с ограниченной ответственностью ""DIAMED TECHNIK"" (ДИАМЕД ТЕХНИК) г. Караганды",733,0,0,0,0,0,17669,209973469.96289062,2026-04-30 11:46:39
"Филиал Товарищества с ограниченной ответственностью ""Dariya-Med"" г.Талдыкорган",19,0,0,0,0,0,57,1404351.6015625,2026-04-30 11:46:39
"Филиал Товарищества с ограниченной ответственностью ""Nefro Care"" в городе Караганда",93,0,93,0,0,0,2401,27928531.79296875,2026-04-30 11:46:39
"Филиал Товарищества с ограниченной ответственностью ""Open clinic"" города Алматы",160,3,160,0,0,0,827,3209592.3154296875,2026-04-30 11:46:39
"Филиал Товарищества с ограниченной ответственностью ""Казахский ордена ""Знак Почета"" научно-исследовательский институт глазных болезней"" в городе Астана",44692,3813,33178,1355,206,1,236714,12702862089.645996,2026-04-30 11:46:39
"Филиал Товарищества с ограниченной ответственностью ""Медикер Жайык"" ""QAMQOR QP2""",10470,104,10468,0,13,0,74968,565656431.4331055,2026-04-30 11:46:39
"Филиал Товарищества с ограниченной ответственностью ""Медицинская клиника ""Центр гемодиализа"" в городе Петропавловск",2976,0,2976,0,0,0,74505,1053707597.7441406,2026-04-30 11:46:39
"Филиал Товарищества с ограниченной ответственностью ""Медицинская компания ""Зейн"" в городе Атырау",1718,0,0,0,0,1,43163,517175060.83984375,2026-04-30 11:46:39
"Филиал Товарищества с ограниченной ответственностью ""Медицинский реабилитационный центр ""Жұлдызай""""",648,648,648,0,0,0,11376,63093028.11621094,2026-04-30 11:46:39
"Филиал Товарищества с ограниченной ответственностью ""Нефрос Азия"" в городе Костанай",4735,0,2624,0,0,0,113113,1410791493.921875,2026-04-30 11:46:39
"Филиал Товарищества с ограниченной ответственностью ""Нефрос Азия"" в городе Тараз",1283,0,1283,0,0,0,28739,383235610.9609375,2026-04-30 11:46:39
"Филиал Товарищества с ограниченной ответственностью ""Центр молекулярной медицины"" в г. Астане",1326,0,1157,168,1326,0,1326,98423538.7421875,2026-04-30 11:46:39
Филиал Товарищества с ограниченной ответственностью Клиника Панацея в городе Кокшетау,112,26,111,1,0,0,761,6870316.58984375,2026-04-30 11:46:39
"Филиал Товарищество с ограниченной ответственностью ""Nefro Care""",703,0,703,0,0,0,15098,235837792.421875,2026-04-30 11:46:39
"Филиал Товарищество с ограниченной ответственностью ""Казахский ордена ""Знак Почета"" научно-исследовательский институт глазных болезней"" в городе Шымкент",1441,4,958,123,130,0,4658,240138456.53125,2026-04-30 11:46:39
"Филиал Товарищество с ограниченной ответственностью ""Корпорация Казахмыс"" - Производственное объединение ""Жезказганцветмет"" г. Сатпаев",1114,375,0,0,2,2,12706,74219668.78076172,2026-04-30 11:46:39
"Филиал акционерного общества ""Железнодорожные госпитали медицины катастроф"" - ""Алматинская железнодорожная больница""",4437,41,0,0,3,4,44226,304486708.78515625,2026-04-30 11:46:39
Филиал акционерного общества «Железнодорожные госпитали медицины катастроф» - «Центральная дорожная больница»,61486,1044,0,723,1232,1192,427788,4652625533.967285,2026-04-30 11:46:39
"Филиал товариществ с ограниченной ответственностью ""Медицинский реабилитационный центр ""Жұлдызай""",733,730,733,0,0,0,13999,87118060.171875,2026-04-30 11:46:39
"Филиал товарищества с ограниченной ответственностью ""Jarqyn-2019"" в городе Атырау",5391,4,5391,0,0,1,76304,1189014172.4042969,2026-04-30 11:46:39
"Филиал товарищества с ограниченной ответственностью ""Nefro Care"" г.Атырау",1798,0,1686,0,0,0,46736,558708172.4511719,2026-04-30 11:46:39
"Филиал товарищества с ограниченной ответственностью ""VIAMEDIS"" в городе Кокшетау",14752,4884,14752,0,13,0,94440,839641453.5268555,2026-04-30 11:46:39
"Филиал товарищества с ограниченной ответственностью ""VIAMEDIS"" в городе Степногорск",5887,479,5884,3,1,0,49330,447840788.67285156,2026-04-30 11:46:39
"Филиал товарищества с ограниченной ответственностью ""Железнодорожные госпитали медицины катастроф"" - ""Защитинская железнодорожная больница""",11469,1606,927,1507,252,2,87433,665500940.9379883,2026-04-30 11:46:39
"Филиал товарищества с ограниченной ответственностью ""Железнодорожные госпитали медицины катастроф"" - ""Семейская железнодорожная больница""",15333,250,1662,0,30,2,122131,999743313.9061279,2026-04-30 11:46:39
"Филиал товарищества с ограниченной ответственностью ""Железнодорожные госпитали медицины катастроф""-""Алматинская железнодорожная больница""",14504,83,1167,2,4,1,121653,925057682.0786133,2026-04-30 11:46:39
"Филиал товарищества с ограниченной ответственностью ""МЕДИЦИНСКАЯ КОМПАНИЯ ""ЗЕЙН"" в городе Петропавловск",2544,24,1297,0,1,0,57720,792078620.3183594,2026-04-30 11:46:39
"Филиал товарищества с ограниченной ответственностью ""Медицинский центр ХАК"" в городе Талдыкорган",19458,79,11510,3,43,5,151675,4217946008.794922,2026-04-30 11:46:39
"Филиал товарищества с ограниченной ответственностью ""Нефрос Азия"" в городе Кокшетау",2619,0,1377,0,0,0,67318,799500078.9609375,2026-04-30 11:46:39
Филиал товарищества с ограниченной ответственностью «КӨЗҚАРАС»,1692,19,1404,0,0,0,7733,249549984.96875,2026-04-30 11:46:39
"Филиал товарищество с ограниченной ответственностью ""Biolab Pharm"" в городе Актобе",925,19,924,1,0,0,5761,72356750.390625,2026-04-30 11:46:39
"Филиал товарищество с ограниченной ответственностью ""SAMAL MEDICAL ASSISTANCE"" (САМАЛ МЕДИКАЛ АССИСТЕНС) в городе Атырау",376,6,376,0,0,0,2463,8429320.395019531,2026-04-30 11:46:39
"Филиал товарищество с ограниченной ответственностью ""Железнодорожные госпитали медицины катастроф"" - ""Шымкентская железнодорожная больница""",14532,140,1168,0,4,0,111621,688252190.5224609,2026-04-30 11:46:39
"Филиал товарищество с ограниченной ответственностью ""Железнодорожные госпитали медицины катастроф""- ""Учебно-клинический центр""",2083,19,56,0,1,0,18207,126038747.22314453,2026-04-30 11:46:39
"Филиал товарищество с ограниченной ответственностью ""Клиника Эндохирургии""",1252,81,1251,1,0,0,6930,80010372.70263672,2026-04-30 11:46:39
"Филиал товарищество с ограниченной ответственностью ""Клиника микрохирургия глаза"" город Семей",536,0,536,0,0,0,2160,90973049.203125,2026-04-30 11:46:39
"Филиал товарищество с ограниченной ответственностью ""Медицинский центр Жас-Ай"" в городе Шымкент",776,3,776,0,1,0,6378,59605990.10644531,2026-04-30 11:46:39
"Частное Учреждение Частная Клиника ""Кант""",1446,15,0,0,0,0,9584,55363248.83300781,2026-04-30 11:46:39
"Частное медицинское учреждение ""Больница ""Шапағат""",9633,1933,4187,1,24,0,64827,659979416.354248,2026-04-30 11:46:39
"Частное некоммерческое учреждение ""Денсаулык""",14382,5,10705,0,1,0,111163,901099356.0412598,2026-04-30 11:46:39
"Частное учреждение ""Медицинский центр ""САПА""",10679,215,9303,0,0,0,85159,1462226033.7207031,2026-04-30 11:46:39
"Частное учреждение ""СЕМЕЙНО-ВРАЧЕБНАЯ АМБУЛАТОРИЯ ИНТЕРТИЧ ГОРОДА АТЫРАУ И АТЫРАУСКОЙ ОБЛАСТИ""",1675,4,1674,0,0,0,10624,116173038.14648438,2026-04-30 11:46:39
"Частное учреждение ""Семейно-врачебная амбулатория Интертич города Шымкент""",1282,2,1282,0,1,0,7817,77478248.05761719,2026-04-30 11:46:39
"Частное учреждение здравоохранения ""Поликлиника ""РЖД-Медицина"" города Петропавловск""",1914,0,1047,2,1,0,14349,71151470.10888672,2026-04-30 11:46:39
"Частный Благотворительный Фонд ""Адал Ниет Астана""",19484,1515,19483,1,3,0,280885,4158543513.888672,2026-04-30 11:46:39
"Частный Фонд ""Частный Благотворительный Фонд ""Ақ сиса""",1792,40,1792,0,0,0,25986,478225193.7578125,2026-04-30 11:46:39
"государственное коммунальное предприятие ""Городская многопрофильная больница №1"" на праве хозяйственного ведения Государственного учреждения ""Управление здравоохранения Актюбинской области""",225862,2604,126054,1,8254,6639,1784947,37731196343.86987,2026-04-30 11:46:39
"государственное коммунальное предприятие на праве хозяйственного ведения ""Жетысайская многопрофильная центральная районная больница"" управления здравоохранения Туркестанской области",211177,44465,128678,8,3109,1845,1324553,27184946766.851562,2026-04-30 11:46:39
"государственное коммунальное предприятие на праве хозяйственного ведения ""Ленгерская городская больница"" управления здравоохранения Туркестанской области",118773,44146,72730,38,1029,564,844800,11283498394.937744,2026-04-30 11:46:39
"государственное коммунальное предприятие на праве хозяйственного ведения ""Ленгерская городская поликлиника"" управления здравоохранения Туркестанской области",15468,211,11164,0,2,1,102243,764598819.6044922,2026-04-30 11:46:39
"государственное коммунальное предприятие на праве хозяйственного ведения ""Мактааральская районная больница ""Мырзакент"" управления здравоохранения Туркестанской области",106997,36053,71608,0,1080,299,774770,11342994785.14746,2026-04-30 11:46:39
"закрыта Товарищество с ограниченной ответственностью ""Белоусовская больница""",973,103,0,0,3,3,7496,49031444.01074219,2026-04-30 11:46:39
"коммунальное государственное предприятие ""Костанайская городская онкологическая многопрофильная больница"" Управления здравоохранения акимата Костанайской области",92589,72,69785,432,510,968,1009669,39699986805.93872,2026-04-30 11:46:39
"коммунальное государственное предприятие ""Костанайская городская офтальмологическая многопрофильная больница"" Управления здравоохранения акимата Костанайской области",32346,562,17229,1967,17,3,207137,4947433420.847168,2026-04-30 11:46:39
"республиканское государственное предприятие на праве хозяйственного ведения ""Республиканский клинический госпиталь для ветеранов Отечественной войны"" Министерства здравоохранения Республики Казахстан",50000,2,33964,739,50,11,478416,8428999961.318359,2026-04-30 11:46:39
"слилась в МО КГКП ""Инфекционная больница Зыряновского района"" УЗ ВКО акимата",2392,1497,0,0,16,0,18651,0.0,2026-04-30 11:46:39
"филиал товарищества с ограниченной ответственностью ""Olymp Medical Group"" в городе Шымкент",452,8,452,0,0,0,2241,38983725.857421875,2026-04-30 11:46:39
